id_contrato;data_concessao;id_cliente;cliente_nome;estado;regiao;canal_origem;tipo_credito;valor_emprestimo;taxa_juros_anual;prazo_meses;score_credito;faixa_score;renda_mensal;parcela_estimada;comprometimento_renda_pct;dias_atraso;status_contrato;categoria_risco;perda_estimada_npl
CTR-50001;2023-05-02;CLI-10001;Cliente_10001;SC;Sul;App Mobile;Financiamento Imobiliário;865845.71;0.1192;120;822;Excelente (750-850);27032.83;12382.36;45.8;45;Atraso Crítico (31-90d);Alto Risco (E/F);216461.43
CTR-50002;2024-04-05;CLI-10002;Cliente_10002;SP;Sudeste;Correspondente Bancário;Financiamento Veicular;57584.82;0.1752;36;705;Bom (650-749);34989.0;2067.99;5.91;0;Em Dia;Baixo Risco (A/B);0.0
CTR-50003;2023-10-27;CLI-10003;Cliente_10003;PR;Sul;Correspondente Bancário;Financiamento Imobiliário;851179.85;0.1237;60;345;Baixo / Alto Risco (<550);30129.42;19093.56;63.37;15;Atraso Curto (1-30d);Risco Moderado (C/D);42558.99
CTR-50004;2025-06-07;CLI-10004;Cliente_10004;RJ;Sudeste;Correspondente Bancário;Empréstimo Empresarial PJ;411147.16;0.2327;48;727;Bom (650-749);32336.15;13238.77;40.94;0;Em Dia;Baixo Risco (A/B);0.0
CTR-50005;2023-01-26;CLI-10005;Cliente_10005;CE;Nordeste;Internet Banking;Financiamento Imobiliário;804505.76;0.1379;24;759;Excelente (750-850);18041.29;38546.88;213.66;45;Atraso Crítico (31-90d);Alto Risco (E/F);201126.44
CTR-50006;2024-04-25;CLI-10006;Cliente_10006;GO;Centro-Oeste;Agência Física;Empréstimo Empresarial PJ;230936.14;0.2498;60;833;Excelente (750-850);25346.35;6775.57;26.73;0;Em Dia;Baixo Risco (A/B);0.0
CTR-50007;2023-06-03;CLI-10007;Cliente_10007;DF;Centro-Oeste;Correspondente Bancário;Empréstimo Empresarial PJ;467130.97;0.1668;24;586;Médio (550-649);25164.73;23024.25;91.49;45;Atraso Crítico (31-90d);Alto Risco (E/F);116782.74
CTR-50008;2023-02-04;CLI-10008;Cliente_10008;PR;Sul;Agência Física;Cartão de Crédito rotativo;18419.42;0.4893;60;585;Médio (550-649);17493.46;826.15;4.72;90;Atraso Crítico (31-90d);Alto Risco (E/F);4604.85
CTR-50009;2023-09-30;CLI-10009;Cliente_10009;BA;Nordeste;Agência Física;Crédito Pessoal;8421.36;0.4113;24;780;Excelente (750-850);32327.38;520.44;1.61;0;Em Dia;Baixo Risco (A/B);0.0
CTR-50010;2023-07-23;CLI-10010;Cliente_10010;ES;Sudeste;App Mobile;Empréstimo Empresarial PJ;70096.58;0.191;36;685;Bom (650-749);7952.35;2573.01;32.36;0;Em Dia;Baixo Risco (A/B);0.0
CTR-50011;2025-01-07;CLI-10011;Cliente_10011;MG;Sudeste;Internet Banking;Cartão de Crédito rotativo;12170.76;0.8333;60;617;Médio (550-649);5701.86;860.48;15.09;10;Atraso Curto (1-30d);Risco Moderado (C/D);608.54
CTR-50012;2024-02-26;CLI-10012;Cliente_10012;RS;Sul;Internet Banking;Empréstimo Empresarial PJ;413108.5;0.1689;12;718;Bom (650-749);31408.66;37655.9;119.89;0;Em Dia;Baixo Risco (A/B);0.0
CTR-50013;2024-06-06;CLI-10013;Cliente_10013;BA;Nordeste;Agência Física;Financiamento Veicular;94771.76;0.268;48;797;Excelente (750-850);21291.78;3238.25;15.21;0;Em Dia;Baixo Risco (A/B);0.0
CTR-50014;2024-09-04;CLI-10014;Cliente_10014;ES;Sudeste;App Mobile;Empréstimo Empresarial PJ;229620.68;0.1454;24;366;Baixo / Alto Risco (<550);23743.39;11083.42;46.68;120;Inadimplente / NPL (>90d);Inadimplência / Loss (G/H);183696.54
CTR-50015;2024-05-10;CLI-10015;Cliente_10015;GO;Centro-Oeste;App Mobile;Financiamento Imobiliário;666521.86;0.097;36;484;Baixo / Alto Risco (<550);24159.13;21413.03;88.63;0;Em Dia;Baixo Risco (A/B);0.0
CTR-50016;2023-07-11;CLI-10016;Cliente_10016;SC;Sul;Internet Banking;Financiamento Veicular;96906.86;0.2799;48;614;Médio (550-649);17966.41;3376.86;18.8;0;Em Dia;Baixo Risco (A/B);0.0
CTR-50017;2025-04-15;CLI-10017;Cliente_10017;RJ;Sudeste;Internet Banking;Financiamento Imobiliário;153924.67;0.0901;360;658;Bom (650-749);16056.08;1239.62;7.72;0;Em Dia;Baixo Risco (A/B);0.0
CTR-50018;2023-06-10;CLI-10018;Cliente_10018;SC;Sul;Internet Banking;Crédito Pessoal;22485.89;0.2557;60;539;Baixo / Alto Risco (<550);21234.72;667.53;3.14;10;Atraso Curto (1-30d);Risco Moderado (C/D);1124.29
CTR-50019;2024-03-22;CLI-10019;Cliente_10019;MG;Sudeste;App Mobile;Crédito Pessoal;27050.72;0.375;24;428;Baixo / Alto Risco (<550);19212.05;1618.86;8.43;15;Atraso Curto (1-30d);Risco Moderado (C/D);1352.54
CTR-50020;2023-03-06;CLI-10020;Cliente_10020;SP;Sudeste;Correspondente Bancário;Financiamento Veicular;89251.88;0.1422;12;560;Médio (550-649);3735.29;8022.91;214.79;0;Em Dia;Baixo Risco (A/B);0.0
CTR-50021;2025-03-09;CLI-10021;Cliente_10021;BA;Nordeste;App Mobile;Cartão de Crédito rotativo;7005.21;0.5363;48;756;Excelente (750-850);34331.59;356.83;1.04;5;Atraso Curto (1-30d);Risco Moderado (C/D);350.26
CTR-50022;2024-02-03;CLI-10022;Cliente_10022;PR;Sul;Agência Física;Crédito Pessoal;26267.77;0.2979;12;608;Médio (550-649);25249.62;2558.06;10.13;0;Em Dia;Baixo Risco (A/B);0.0
CTR-50023;2023-11-23;CLI-10023;Cliente_10023;CE;Nordeste;App Mobile;Empréstimo Empresarial PJ;480555.54;0.1457;12;435;Baixo / Alto Risco (<550);8187.97;43276.69;528.54;0;Em Dia;Baixo Risco (A/B);0.0
CTR-50024;2024-11-02;CLI-10024;Cliente_10024;PR;Sul;App Mobile;Cartão de Crédito rotativo;11984.42;0.5924;48;706;Bom (650-749);10657.79;656.61;6.16;0;Em Dia;Baixo Risco (A/B);0.0
CTR-50025;2025-08-15;CLI-10025;Cliente_10025;PE;Nordeste;Correspondente Bancário;Financiamento Veicular;146923.77;0.172;12;603;Médio (550-649);20316.8;13414.1;66.02;15;Atraso Curto (1-30d);Risco Moderado (C/D);7346.19
CTR-50026;2023-07-03;CLI-10026;Cliente_10026;PE;Nordeste;App Mobile;Empréstimo Empresarial PJ;418938.5;0.1643;60;645;Médio (550-649);4800.18;10283.73;214.24;95;Inadimplente / NPL (>90d);Inadimplência / Loss (G/H);335150.8
CTR-50027;2024-06-04;CLI-10027;Cliente_10027;MG;Sudeste;Correspondente Bancário;Financiamento Veicular;172404.99;0.1726;36;671;Bom (650-749);30558.82;6169.04;20.19;0;Em Dia;Baixo Risco (A/B);0.0
CTR-50028;2024-11-20;CLI-10028;Cliente_10028;CE;Nordeste;Agência Física;Financiamento Imobiliário;276635.38;0.1076;360;325;Baixo / Alto Risco (<550);33414.16;2584.42;7.73;95;Inadimplente / NPL (>90d);Inadimplência / Loss (G/H);221308.3
CTR-50029;2023-03-28;CLI-10029;Cliente_10029;PR;Sul;Agência Física;Empréstimo Empresarial PJ;378953.73;0.1379;12;338;Baixo / Alto Risco (<550);20069.3;33987.73;169.35;95;Inadimplente / NPL (>90d);Inadimplência / Loss (G/H);303162.98
CTR-50030;2024-07-05;CLI-10030;Cliente_10030;PE;Nordeste;Internet Banking;Empréstimo Empresarial PJ;97214.66;0.1384;48;661;Bom (650-749);20519.69;2648.74;12.91;0;Em Dia;Baixo Risco (A/B);0.0
CTR-50031;2023-10-30;CLI-10031;Cliente_10031;PE;Nordeste;Agência Física;Financiamento Veicular;45770.74;0.1944;12;811;Excelente (750-850);33054.95;4227.69;12.79;0;Em Dia;Baixo Risco (A/B);0.0
CTR-50032;2025-01-09;CLI-10032;Cliente_10032;PE;Nordeste;App Mobile;Financiamento Imobiliário;401737.75;0.093;12;439;Baixo / Alto Risco (<550);19479.75;35188.47;180.64;120;Inadimplente / NPL (>90d);Inadimplência / Loss (G/H);321390.2
CTR-50033;2023-08-10;CLI-10033;Cliente_10033;PE;Nordeste;Internet Banking;Empréstimo Empresarial PJ;324508.37;0.1364;36;816;Excelente (750-850);6436.59;11034.27;171.43;95;Inadimplente / NPL (>90d);Inadimplência / Loss (G/H);259606.7
CTR-50034;2023-05-01;CLI-10034;Cliente_10034;SC;Sul;Correspondente Bancário;Cartão de Crédito rotativo;3297.83;0.6576;36;786;Excelente (750-850);32366.02;211.74;0.65;0;Em Dia;Baixo Risco (A/B);0.0
CTR-50035;2025-03-07;CLI-10035;Cliente_10035;PR;Sul;Agência Física;Financiamento Imobiliário;284673.22;0.1088;72;650;Bom (650-749);32027.38;5401.01;16.86;0;Em Dia;Baixo Risco (A/B);0.0
CTR-50036;2023-08-14;CLI-10036;Cliente_10036;GO;Centro-Oeste;Agência Física;Financiamento Veicular;88503.49;0.2525;48;537;Baixo / Alto Risco (<550);7940.11;2946.88;37.11;10;Atraso Curto (1-30d);Risco Moderado (C/D);4425.17
CTR-50037;2023-11-24;CLI-10037;Cliente_10037;PR;Sul;Correspondente Bancário;Financiamento Veicular;47531.16;0.2278;24;659;Bom (650-749);34111.99;2484.18;7.28;0;Em Dia;Baixo Risco (A/B);0.0
CTR-50038;2024-02-15;CLI-10038;Cliente_10038;RS;Sul;App Mobile;Empréstimo Empresarial PJ;372408.03;0.2076;36;417;Baixo / Alto Risco (<550);24733.6;13984.65;56.54;120;Inadimplente / NPL (>90d);Inadimplência / Loss (G/H);297926.42
CTR-50039;2024-07-13;CLI-10039;Cliente_10039;PE;Nordeste;Internet Banking;Cartão de Crédito rotativo;7691.05;0.5822;48;497;Baixo / Alto Risco (<550);3336.49;415.94;12.47;45;Atraso Crítico (31-90d);Alto Risco (E/F);1922.76
CTR-50040;2025-03-07;CLI-10040;Cliente_10040;BA;Nordeste;Correspondente Bancário;Financiamento Veicular;26821.87;0.246;12;595;Médio (550-649);13451.64;2544.06;18.91;10;Atraso Curto (1-30d);Risco Moderado (C/D);1341.09
CTR-50041;2024-07-23;CLI-10041;Cliente_10041;GO;Centro-Oeste;Internet Banking;Empréstimo Empresarial PJ;396022.47;0.2477;24;657;Bom (650-749);34114.02;21090.65;61.82;120;Inadimplente / NPL (>90d);Inadimplência / Loss (G/H);316817.98
CTR-50042;2024-03-03;CLI-10042;Cliente_10042;GO;Centro-Oeste;Internet Banking;Crédito Pessoal;2934.04;0.4335;12;509;Baixo / Alto Risco (<550);20607.44;305.64;1.48;10;Atraso Curto (1-30d);Risco Moderado (C/D);146.7
CTR-50043;2023-12-18;CLI-10043;Cliente_10043;SC;Sul;Agência Física;Empréstimo Empresarial PJ;265861.59;0.1835;36;576;Médio (550-649);4174.89;9658.28;231.34;45;Atraso Crítico (31-90d);Alto Risco (E/F);66465.4
CTR-50044;2025-02-12;CLI-10044;Cliente_10044;BA;Nordeste;Internet Banking;Financiamento Veicular;67413.39;0.2579;48;631;Médio (550-649);9985.42;2265.04;22.68;0;Em Dia;Baixo Risco (A/B);0.0
CTR-50045;2024-11-29;CLI-10045;Cliente_10045;PE;Nordeste;Agência Física;Cartão de Crédito rotativo;12711.79;0.7912;60;652;Bom (650-749);18655.51;856.71;4.59;0;Em Dia;Baixo Risco (A/B);0.0
CTR-50046;2025-02-16;CLI-10046;Cliente_10046;PR;Sul;Correspondente Bancário;Crédito Pessoal;32541.65;0.4445;12;794;Excelente (750-850);10708.65;3408.13;31.83;0;Em Dia;Baixo Risco (A/B);0.0
CTR-50047;2025-03-05;CLI-10047;Cliente_10047;GO;Centro-Oeste;Correspondente Bancário;Financiamento Imobiliário;597109.94;0.1312;72;692;Bom (650-749);34910.13;12024.3;34.44;0;Em Dia;Baixo Risco (A/B);0.0
CTR-50048;2023-06-06;CLI-10048;Cliente_10048;GO;Centro-Oeste;Internet Banking;Financiamento Imobiliário;787852.31;0.129;12;355;Baixo / Alto Risco (<550);11971.75;70331.86;587.48;15;Atraso Curto (1-30d);Risco Moderado (C/D);39392.62
CTR-50049;2023-05-12;CLI-10049;Cliente_10049;BA;Nordeste;Internet Banking;Financiamento Imobiliário;704384.82;0.1263;36;743;Bom (650-749);23519.2;23608.17;100.38;45;Atraso Crítico (31-90d);Alto Risco (E/F);176096.2
CTR-50050;2024-07-09;CLI-10050;Cliente_10050;RJ;Sudeste;Correspondente Bancário;Cartão de Crédito rotativo;3945.34;0.5798;60;361;Baixo / Alto Risco (<550);18066.79;202.57;1.12;0;Em Dia;Baixo Risco (A/B);0.0
CTR-50051;2023-12-03;CLI-10051;Cliente_10051;SP;Sudeste;Internet Banking;Empréstimo Empresarial PJ;136097.12;0.2261;48;763;Excelente (750-850);9381.94;4333.08;46.19;95;Inadimplente / NPL (>90d);Inadimplência / Loss (G/H);108877.7
CTR-50052;2024-07-02;CLI-10052;Cliente_10052;RS;Sul;Correspondente Bancário;Cartão de Crédito rotativo;17267.19;0.732;36;771;Excelente (750-850);32923.91;1195.09;3.63;0;Em Dia;Baixo Risco (A/B);0.0
CTR-50053;2025-02-13;CLI-10053;Cliente_10053;RJ;Sudeste;Agência Física;Empréstimo Empresarial PJ;359559.91;0.135;24;763;Excelente (750-850);9057.58;17178.7;189.66;120;Inadimplente / NPL (>90d);Inadimplência / Loss (G/H);287647.93
CTR-50054;2025-07-24;CLI-10054;Cliente_10054;DF;Centro-Oeste;Agência Física;Financiamento Veicular;139565.57;0.1958;48;791;Excelente (750-850);31375.58;4215.86;13.44;0;Em Dia;Baixo Risco (A/B);0.0
CTR-50055;2024-01-03;CLI-10055;Cliente_10055;BA;Nordeste;Correspondente Bancário;Empréstimo Empresarial PJ;334869.16;0.1263;60;654;Bom (650-749);27156.99;7556.03;27.82;5;Atraso Curto (1-30d);Risco Moderado (C/D);16743.46
CTR-50056;2025-03-26;CLI-10056;Cliente_10056;PE;Nordeste;App Mobile;Financiamento Veicular;70997.49;0.1513;12;391;Baixo / Alto Risco (<550);19884.4;6412.47;32.25;45;Atraso Crítico (31-90d);Alto Risco (E/F);17749.37
CTR-50057;2024-04-12;CLI-10057;Cliente_10057;CE;Nordeste;Correspondente Bancário;Empréstimo Empresarial PJ;59884.86;0.2368;24;347;Baixo / Alto Risco (<550);6364.9;3156.62;49.59;0;Em Dia;Baixo Risco (A/B);0.0
CTR-50058;2023-03-14;CLI-10058;Cliente_10058;CE;Nordeste;App Mobile;Financiamento Veicular;136171.69;0.183;48;567;Médio (550-649);13312.13;4021.42;30.21;35;Atraso Crítico (31-90d);Alto Risco (E/F);34042.92
CTR-50059;2024-03-04;CLI-10059;Cliente_10059;SP;Sudeste;Correspondente Bancário;Financiamento Imobiliário;626550.85;0.1091;24;807;Excelente (750-850);21897.66;29176.01;133.24;45;Atraso Crítico (31-90d);Alto Risco (E/F);156637.71
CTR-50060;2023-02-04;CLI-10060;Cliente_10060;PE;Nordeste;Correspondente Bancário;Financiamento Imobiliário;385737.87;0.1323;72;593;Médio (550-649);27543.55;7790.25;28.28;35;Atraso Crítico (31-90d);Alto Risco (E/F);96434.47
CTR-50061;2024-06-27;CLI-10061;Cliente_10061;RJ;Sudeste;Agência Física;Financiamento Imobiliário;619250.85;0.1155;360;735;Bom (650-749);28848.03;6156.02;21.34;0;Em Dia;Baixo Risco (A/B);0.0
CTR-50062;2023-02-22;CLI-10062;Cliente_10062;PR;Sul;Internet Banking;Empréstimo Empresarial PJ;169875.13;0.1687;36;491;Baixo / Alto Risco (<550);32975.41;6045.53;18.33;0;Em Dia;Baixo Risco (A/B);0.0
CTR-50063;2024-04-03;CLI-10063;Cliente_10063;PE;Nordeste;App Mobile;Financiamento Veicular;173787.33;0.277;48;847;Excelente (750-850);23175.36;6027.07;26.01;0;Em Dia;Baixo Risco (A/B);0.0
CTR-50064;2024-05-08;CLI-10064;Cliente_10064;SP;Sudeste;Agência Física;Crédito Pessoal;7555.28;0.1977;24;327;Baixo / Alto Risco (<550);12180.83;383.68;3.15;45;Atraso Crítico (31-90d);Alto Risco (E/F);1888.82
CTR-50065;2023-06-21;CLI-10065;Cliente_10065;PE;Nordeste;Internet Banking;Cartão de Crédito rotativo;16584.05;0.6667;24;722;Bom (650-749);17848.74;1267.66;7.1;0;Em Dia;Baixo Risco (A/B);0.0
CTR-50066;2024-11-22;CLI-10066;Cliente_10066;CE;Nordeste;Internet Banking;Financiamento Imobiliário;339508.64;0.1158;72;729;Bom (650-749);11925.7;6563.54;55.04;45;Atraso Crítico (31-90d);Alto Risco (E/F);84877.16
CTR-50067;2023-05-14;CLI-10067;Cliente_10067;CE;Nordeste;Internet Banking;Cartão de Crédito rotativo;17540.86;0.5096;36;499;Baixo / Alto Risco (<550);18839.29;959.62;5.09;0;Em Dia;Baixo Risco (A/B);0.0
CTR-50068;2024-05-24;CLI-10068;Cliente_10068;DF;Centro-Oeste;Correspondente Bancário;Empréstimo Empresarial PJ;202374.57;0.2425;12;341;Baixo / Alto Risco (<550);23809.15;19160.95;80.48;15;Atraso Curto (1-30d);Risco Moderado (C/D);10118.73
CTR-50069;2024-11-27;CLI-10069;Cliente_10069;CE;Nordeste;Internet Banking;Financiamento Veicular;140710.78;0.1415;12;670;Bom (650-749);32447.81;12643.95;38.97;0;Em Dia;Baixo Risco (A/B);0.0
CTR-50070;2023-06-12;CLI-10070;Cliente_10070;CE;Nordeste;Correspondente Bancário;Crédito Pessoal;4228.09;0.1811;60;638;Médio (550-649);7724.27;107.62;1.39;90;Atraso Crítico (31-90d);Alto Risco (E/F);1057.02
CTR-50071;2024-01-26;CLI-10071;Cliente_10071;DF;Centro-Oeste;App Mobile;Cartão de Crédito rotativo;12157.97;0.4885;36;774;Excelente (750-850);28910.69;649.32;2.25;0;Em Dia;Baixo Risco (A/B);0.0
CTR-50072;2023-11-01;CLI-10072;Cliente_10072;PR;Sul;Correspondente Bancário;Empréstimo Empresarial PJ;234698.72;0.1585;36;492;Baixo / Alto Risco (<550);6253.14;8233.94;131.68;45;Atraso Crítico (31-90d);Alto Risco (E/F);58674.68
CTR-50073;2024-02-18;CLI-10073;Cliente_10073;ES;Sudeste;Agência Física;Financiamento Imobiliário;790075.4;0.0976;36;663;Bom (650-749);23625.27;25404.58;107.53;15;Atraso Curto (1-30d);Risco Moderado (C/D);39503.77
CTR-50074;2024-12-11;CLI-10074;Cliente_10074;PR;Sul;Agência Física;Cartão de Crédito rotativo;5608.74;0.6535;12;520;Baixo / Alto Risco (<550);12609.58;648.82;5.15;35;Atraso Crítico (31-90d);Alto Risco (E/F);1402.18
CTR-50075;2024-11-28;CLI-10075;Cliente_10075;SP;Sudeste;Agência Física;Crédito Pessoal;28387.63;0.3187;60;625;Médio (550-649);29765.38;951.31;3.2;0;Em Dia;Baixo Risco (A/B);0.0
CTR-50076;2024-06-07;CLI-10076;Cliente_10076;PR;Sul;Agência Física;Financiamento Veicular;141441.93;0.2136;12;751;Excelente (750-850);19821.82;13194.64;66.57;15;Atraso Curto (1-30d);Risco Moderado (C/D);7072.1
CTR-50077;2024-08-21;CLI-10077;Cliente_10077;RS;Sul;Agência Física;Crédito Pessoal;5530.69;0.2381;48;723;Bom (650-749);18132.26;179.73;0.99;0;Em Dia;Baixo Risco (A/B);0.0
CTR-50078;2023-04-14;CLI-10078;Cliente_10078;RJ;Sudeste;Internet Banking;Cartão de Crédito rotativo;3339.36;0.6906;60;420;Baixo / Alto Risco (<550);16323.64;199.12;1.22;15;Atraso Curto (1-30d);Risco Moderado (C/D);166.97
CTR-50079;2023-06-04;CLI-10079;Cliente_10079;BA;Nordeste;Correspondente Bancário;Crédito Pessoal;23240.32;0.4032;24;817;Excelente (750-850);13908.26;1426.04;10.25;0;Em Dia;Baixo Risco (A/B);0.0
CTR-50080;2025-08-31;CLI-10080;Cliente_10080;RJ;Sudeste;Correspondente Bancário;Financiamento Imobiliário;222931.81;0.1227;120;384;Baixo / Alto Risco (<550);17137.36;3233.32;18.87;0;Em Dia;Baixo Risco (A/B);0.0
CTR-50081;2024-03-14;CLI-10081;Cliente_10081;DF;Centro-Oeste;App Mobile;Financiamento Veicular;135495.51;0.2134;48;431;Baixo / Alto Risco (<550);14202.44;4220.53;29.72;0;Em Dia;Baixo Risco (A/B);0.0
CTR-50082;2025-03-31;CLI-10082;Cliente_10082;RS;Sul;App Mobile;Financiamento Imobiliário;441915.88;0.1264;120;404;Baixo / Alto Risco (<550);21491.74;6504.78;30.27;45;Atraso Crítico (31-90d);Alto Risco (E/F);110478.97
CTR-50083;2025-01-29;CLI-10083;Cliente_10083;CE;Nordeste;Internet Banking;Empréstimo Empresarial PJ;238577.2;0.1244;60;577;Médio (550-649);19874.89;5360.22;26.97;0;Em Dia;Baixo Risco (A/B);0.0
CTR-50084;2025-01-15;CLI-10084;Cliente_10084;CE;Nordeste;Correspondente Bancário;Financiamento Imobiliário;436257.58;0.1134;60;638;Médio (550-649);6530.32;9559.44;146.39;45;Atraso Crítico (31-90d);Alto Risco (E/F);109064.4
CTR-50085;2024-12-14;CLI-10085;Cliente_10085;SC;Sul;App Mobile;Financiamento Veicular;87930.82;0.1994;48;705;Bom (650-749);24620.13;2672.96;10.86;20;Atraso Curto (1-30d);Risco Moderado (C/D);4396.54
CTR-50086;2023-11-29;CLI-10086;Cliente_10086;CE;Nordeste;Correspondente Bancário;Financiamento Veicular;27239.57;0.1899;36;577;Médio (550-649);28034.65;998.36;3.56;0;Em Dia;Baixo Risco (A/B);0.0
CTR-50087;2024-07-07;CLI-10087;Cliente_10087;PE;Nordeste;App Mobile;Crédito Pessoal;27398.38;0.2966;48;627;Médio (550-649);32263.57;981.1;3.04;90;Atraso Crítico (31-90d);Alto Risco (E/F);6849.6
CTR-50088;2023-02-20;CLI-10088;Cliente_10088;GO;Centro-Oeste;Agência Física;Empréstimo Empresarial PJ;292866.37;0.1334;60;848;Excelente (750-850);23250.36;6714.69;28.88;0;Em Dia;Baixo Risco (A/B);0.0
CTR-50089;2024-12-12;CLI-10089;Cliente_10089;RJ;Sudeste;App Mobile;Crédito Pessoal;34962.57;0.4161;48;357;Baixo / Alto Risco (<550);7381.68;1505.47;20.39;120;Inadimplente / NPL (>90d);Inadimplência / Loss (G/H);27970.06
CTR-50090;2025-08-02;CLI-10090;Cliente_10090;SC;Sul;Correspondente Bancário;Financiamento Imobiliário;894633.03;0.1078;36;593;Médio (550-649);23466.39;29196.02;124.42;120;Inadimplente / NPL (>90d);Inadimplência / Loss (G/H);715706.42
CTR-50091;2024-08-10;CLI-10091;Cliente_10091;RS;Sul;Correspondente Bancário;Cartão de Crédito rotativo;13076.05;0.5088;12;614;Médio (550-649);27904.57;1412.75;5.06;0;Em Dia;Baixo Risco (A/B);0.0
CTR-50092;2024-04-18;CLI-10092;Cliente_10092;PE;Nordeste;Internet Banking;Financiamento Imobiliário;407096.83;0.127;60;351;Baixo / Alto Risco (<550);31369.52;9200.3;29.33;0;Em Dia;Baixo Risco (A/B);0.0
CTR-50093;2023-01-11;CLI-10093;Cliente_10093;SC;Sul;App Mobile;Financiamento Veicular;110631.18;0.1672;36;415;Baixo / Alto Risco (<550);12716.32;3928.9;30.9;45;Atraso Crítico (31-90d);Alto Risco (E/F);27657.79
CTR-50094;2025-03-16;CLI-10094;Cliente_10094;MG;Sudeste;Internet Banking;Financiamento Imobiliário;305347.59;0.0989;24;719;Bom (650-749);11044.1;14074.74;127.44;45;Atraso Crítico (31-90d);Alto Risco (E/F);76336.9
CTR-50095;2023-03-08;CLI-10095;Cliente_10095;DF;Centro-Oeste;Internet Banking;Empréstimo Empresarial PJ;496719.9;0.2238;60;370;Baixo / Alto Risco (<550);34650.39;13826.4;39.9;15;Atraso Curto (1-30d);Risco Moderado (C/D);24836.0
CTR-50096;2025-07-28;CLI-10096;Cliente_10096;PR;Sul;Internet Banking;Financiamento Veicular;95413.88;0.2645;12;532;Baixo / Alto Risco (<550);12821.86;9135.81;71.25;15;Atraso Curto (1-30d);Risco Moderado (C/D);4770.69
CTR-50097;2023-05-15;CLI-10097;Cliente_10097;GO;Centro-Oeste;App Mobile;Crédito Pessoal;11605.91;0.2975;24;527;Baixo / Alto Risco (<550);32988.48;647.43;1.96;0;Em Dia;Baixo Risco (A/B);0.0
CTR-50098;2023-09-17;CLI-10098;Cliente_10098;BA;Nordeste;Correspondente Bancário;Financiamento Veicular;108794.84;0.2262;12;686;Bom (650-749);29942.75;10215.08;34.12;0;Em Dia;Baixo Risco (A/B);0.0
CTR-50099;2024-10-28;CLI-10099;Cliente_10099;SC;Sul;Agência Física;Financiamento Imobiliário;583303.98;0.099;72;732;Bom (650-749);20193.6;10776.8;53.37;95;Inadimplente / NPL (>90d);Inadimplência / Loss (G/H);466643.18
CTR-50100;2025-08-13;CLI-10100;Cliente_10100;DF;Centro-Oeste;App Mobile;Empréstimo Empresarial PJ;67782.62;0.1389;48;733;Bom (650-749);6849.25;1848.52;26.99;5;Atraso Curto (1-30d);Risco Moderado (C/D);3389.13
CTR-50101;2023-08-19;CLI-10101;Cliente_10101;DF;Centro-Oeste;Internet Banking;Financiamento Veicular;177862.15;0.2044;12;444;Baixo / Alto Risco (<550);4228.73;16513.65;390.51;120;Inadimplente / NPL (>90d);Inadimplência / Loss (G/H);142289.72
CTR-50102;2023-05-16;CLI-10102;Cliente_10102;ES;Sudeste;Agência Física;Financiamento Imobiliário;396199.82;0.1087;120;766;Excelente (750-850);20798.36;5428.54;26.1;0;Em Dia;Baixo Risco (A/B);0.0
CTR-50103;2025-01-26;CLI-10103;Cliente_10103;CE;Nordeste;Correspondente Bancário;Financiamento Veicular;144700.47;0.277;24;658;Bom (650-749);20597.28;7920.29;38.45;5;Atraso Curto (1-30d);Risco Moderado (C/D);7235.02
CTR-50104;2025-03-03;CLI-10104;Cliente_10104;ES;Sudeste;Agência Física;Empréstimo Empresarial PJ;232813.93;0.2294;12;600;Médio (550-649);30342.9;21895.54;72.16;95;Inadimplente / NPL (>90d);Inadimplência / Loss (G/H);186251.14
CTR-50105;2025-06-29;CLI-10105;Cliente_10105;BA;Nordeste;Agência Física;Crédito Pessoal;27107.15;0.42;60;761;Excelente (750-850);26831.71;1086.69;4.05;0;Em Dia;Baixo Risco (A/B);0.0
CTR-50106;2023-02-26;CLI-10106;Cliente_10106;PE;Nordeste;Internet Banking;Financiamento Imobiliário;908722.22;0.1295;72;551;Médio (550-649);11488.3;18217.81;158.58;45;Atraso Crítico (31-90d);Alto Risco (E/F);227180.55
CTR-50107;2025-08-10;CLI-10107;Cliente_10107;PR;Sul;Correspondente Bancário;Financiamento Veicular;96269.71;0.2125;12;451;Baixo / Alto Risco (<550);11508.57;8975.59;77.99;15;Atraso Curto (1-30d);Risco Moderado (C/D);4813.49
CTR-50108;2024-01-15;CLI-10108;Cliente_10108;RS;Sul;App Mobile;Empréstimo Empresarial PJ;50202.91;0.1271;12;363;Baixo / Alto Risco (<550);23041.44;4477.16;19.43;45;Atraso Crítico (31-90d);Alto Risco (E/F);12550.73
CTR-50109;2024-08-30;CLI-10109;Cliente_10109;RJ;Sudeste;Correspondente Bancário;Crédito Pessoal;8558.79;0.397;24;824;Excelente (750-850);9426.21;522.31;5.54;0;Em Dia;Baixo Risco (A/B);0.0
CTR-50110;2024-05-30;CLI-10110;Cliente_10110;BA;Nordeste;Correspondente Bancário;Empréstimo Empresarial PJ;362488.15;0.1325;48;729;Bom (650-749);30313.64;9769.69;32.23;5;Atraso Curto (1-30d);Risco Moderado (C/D);18124.41
CTR-50111;2023-01-30;CLI-10111;Cliente_10111;ES;Sudeste;Internet Banking;Crédito Pessoal;3642.88;0.2625;24;323;Baixo / Alto Risco (<550);33393.24;196.72;0.59;15;Atraso Curto (1-30d);Risco Moderado (C/D);182.14
CTR-50112;2024-05-19;CLI-10112;Cliente_10112;RJ;Sudeste;Agência Física;Financiamento Veicular;52634.27;0.2228;12;403;Baixo / Alto Risco (<550);31461.17;4933.37;15.68;0;Em Dia;Baixo Risco (A/B);0.0
CTR-50113;2024-09-08;CLI-10113;Cliente_10113;BA;Nordeste;Correspondente Bancário;Crédito Pessoal;30561.74;0.3924;60;497;Baixo / Alto Risco (<550);21706.33;1168.94;5.39;45;Atraso Crítico (31-90d);Alto Risco (E/F);7640.44
CTR-50114;2023-07-14;CLI-10114;Cliente_10114;ES;Sudeste;Correspondente Bancário;Crédito Pessoal;29711.42;0.4473;12;844;Excelente (750-850);16424.06;3115.96;18.97;0;Em Dia;Baixo Risco (A/B);0.0
CTR-50115;2024-09-05;CLI-10115;Cliente_10115;RJ;Sudeste;Agência Física;Cartão de Crédito rotativo;18576.42;0.7161;48;668;Bom (650-749);13048.9;1181.7;9.06;0;Em Dia;Baixo Risco (A/B);0.0
CTR-50116;2023-12-04;CLI-10116;Cliente_10116;RJ;Sudeste;Correspondente Bancário;Cartão de Crédito rotativo;8883.18;0.7855;24;644;Médio (550-649);21616.75;743.9;3.44;0;Em Dia;Baixo Risco (A/B);0.0
CTR-50117;2025-07-04;CLI-10117;Cliente_10117;DF;Centro-Oeste;Internet Banking;Cartão de Crédito rotativo;6045.98;0.7757;48;725;Bom (650-749);28850.84;411.16;1.43;0;Em Dia;Baixo Risco (A/B);0.0
CTR-50118;2023-06-28;CLI-10118;Cliente_10118;SP;Sudeste;Internet Banking;Financiamento Veicular;48922.98;0.1617;36;459;Baixo / Alto Risco (<550);15911.32;1724.1;10.84;45;Atraso Crítico (31-90d);Alto Risco (E/F);12230.75
CTR-50119;2025-03-27;CLI-10119;Cliente_10119;CE;Nordeste;Agência Física;Crédito Pessoal;14609.42;0.4168;12;780;Excelente (750-850);3351.47;1509.47;45.04;0;Em Dia;Baixo Risco (A/B);0.0
CTR-50120;2023-04-18;CLI-10120;Cliente_10120;ES;Sudeste;Internet Banking;Financiamento Imobiliário;424335.5;0.0948;72;767;Excelente (750-850);26340.87;7750.35;29.42;0;Em Dia;Baixo Risco (A/B);0.0
CTR-50121;2024-04-24;CLI-10121;Cliente_10121;RS;Sul;App Mobile;Empréstimo Empresarial PJ;110090.69;0.2095;60;732;Bom (650-749);23118.16;2975.23;12.87;0;Em Dia;Baixo Risco (A/B);0.0
CTR-50122;2023-01-21;CLI-10122;Cliente_10122;MG;Sudeste;Internet Banking;Financiamento Imobiliário;584956.21;0.1398;120;662;Bom (650-749);9547.18;9075.37;95.06;15;Atraso Curto (1-30d);Risco Moderado (C/D);29247.81
CTR-50123;2023-02-04;CLI-10123;Cliente_10123;RJ;Sudeste;Internet Banking;Financiamento Veicular;43472.69;0.2423;12;766;Excelente (750-850);9197.78;4115.6;44.75;5;Atraso Curto (1-30d);Risco Moderado (C/D);2173.63
CTR-50124;2024-04-30;CLI-10124;Cliente_10124;RJ;Sudeste;App Mobile;Financiamento Imobiliário;759957.22;0.1323;48;561;Médio (550-649);23156.29;20474.61;88.42;0;Em Dia;Baixo Risco (A/B);0.0
CTR-50125;2024-02-21;CLI-10125;Cliente_10125;PE;Nordeste;App Mobile;Crédito Pessoal;12717.74;0.2388;48;398;Baixo / Alto Risco (<550);4337.26;413.78;9.54;120;Inadimplente / NPL (>90d);Inadimplência / Loss (G/H);10174.19
CTR-50126;2023-12-29;CLI-10126;Cliente_10126;MG;Sudeste;App Mobile;Financiamento Veicular;176559.05;0.1565;36;460;Baixo / Alto Risco (<550);22237.35;6176.83;27.78;15;Atraso Curto (1-30d);Risco Moderado (C/D);8827.95
CTR-50127;2023-04-29;CLI-10127;Cliente_10127;CE;Nordeste;App Mobile;Empréstimo Empresarial PJ;109965.0;0.1478;60;732;Bom (650-749);26596.41;2603.38;9.79;0;Em Dia;Baixo Risco (A/B);0.0
CTR-50128;2023-05-14;CLI-10128;Cliente_10128;MG;Sudeste;Internet Banking;Financiamento Imobiliário;711485.41;0.1291;120;529;Baixo / Alto Risco (<550);18645.42;10585.51;56.77;120;Inadimplente / NPL (>90d);Inadimplência / Loss (G/H);569188.33
CTR-50129;2023-01-13;CLI-10129;Cliente_10129;SC;Sul;Agência Física;Financiamento Imobiliário;378953.91;0.1063;72;613;Médio (550-649);24738.89;7141.43;28.87;0;Em Dia;Baixo Risco (A/B);0.0
CTR-50130;2024-12-23;CLI-10130;Cliente_10130;MG;Sudeste;Correspondente Bancário;Financiamento Veicular;64542.32;0.2286;48;730;Bom (650-749);4264.11;2063.73;48.4;95;Inadimplente / NPL (>90d);Inadimplência / Loss (G/H);51633.86
CTR-50131;2025-01-11;CLI-10131;Cliente_10131;SP;Sudeste;Agência Física;Financiamento Veicular;28280.69;0.2204;36;784;Excelente (750-850);3343.86;1080.64;32.32;0;Em Dia;Baixo Risco (A/B);0.0
CTR-50132;2024-04-21;CLI-10132;Cliente_10132;DF;Centro-Oeste;Internet Banking;Cartão de Crédito rotativo;11331.94;0.6437;12;330;Baixo / Alto Risco (<550);22963.29;1304.92;5.68;120;Inadimplente / NPL (>90d);Inadimplência / Loss (G/H);9065.55
CTR-50133;2025-04-06;CLI-10133;Cliente_10133;SP;Sudeste;Internet Banking;Cartão de Crédito rotativo;4392.33;0.5754;60;570;Médio (550-649);29221.99;224.1;0.77;35;Atraso Crítico (31-90d);Alto Risco (E/F);1098.08
CTR-50134;2023-12-14;CLI-10134;Cliente_10134;RS;Sul;Correspondente Bancário;Financiamento Veicular;37366.75;0.2417;60;379;Baixo / Alto Risco (<550);18986.02;1078.66;5.68;45;Atraso Crítico (31-90d);Alto Risco (E/F);9341.69
CTR-50135;2024-03-17;CLI-10135;Cliente_10135;MG;Sudeste;Internet Banking;Crédito Pessoal;21163.8;0.3238;48;739;Bom (650-749);21356.84;791.6;3.71;0;Em Dia;Baixo Risco (A/B);0.0
CTR-50136;2023-01-27;CLI-10136;Cliente_10136;CE;Nordeste;Correspondente Bancário;Cartão de Crédito rotativo;13712.6;0.4618;60;450;Baixo / Alto Risco (<550);8348.03;588.8;7.05;0;Em Dia;Baixo Risco (A/B);0.0
CTR-50137;2024-09-23;CLI-10137;Cliente_10137;MG;Sudeste;Agência Física;Financiamento Veicular;53876.22;0.2098;24;372;Baixo / Alto Risco (<550);25462.65;2767.94;10.87;95;Inadimplente / NPL (>90d);Inadimplência / Loss (G/H);43100.98
CTR-50138;2024-04-23;CLI-10138;Cliente_10138;BA;Nordeste;Agência Física;Cartão de Crédito rotativo;18758.16;0.604;24;489;Baixo / Alto Risco (<550);23097.55;1363.83;5.9;0;Em Dia;Baixo Risco (A/B);0.0
CTR-50139;2023-10-21;CLI-10139;Cliente_10139;RJ;Sudeste;Agência Física;Financiamento Imobiliário;837080.01;0.1268;60;626;Médio (550-649);17146.32;18909.3;110.28;95;Inadimplente / NPL (>90d);Inadimplência / Loss (G/H);669664.01
CTR-50140;2023-06-26;CLI-10140;Cliente_10140;RJ;Sudeste;App Mobile;Financiamento Imobiliário;323165.42;0.089;120;725;Bom (650-749);19323.65;4076.25;21.09;5;Atraso Curto (1-30d);Risco Moderado (C/D);16158.27
CTR-50141;2024-06-22;CLI-10141;Cliente_10141;ES;Sudeste;App Mobile;Financiamento Imobiliário;852520.21;0.1;360;412;Baixo / Alto Risco (<550);14885.34;7481.47;50.26;0;Em Dia;Baixo Risco (A/B);0.0
CTR-50142;2023-06-03;CLI-10142;Cliente_10142;CE;Nordeste;Internet Banking;Crédito Pessoal;18200.53;0.2262;48;648;Médio (550-649);18867.77;579.57;3.07;10;Atraso Curto (1-30d);Risco Moderado (C/D);910.03
CTR-50143;2023-06-04;CLI-10143;Cliente_10143;RS;Sul;App Mobile;Cartão de Crédito rotativo;17990.7;0.5535;12;392;Baixo / Alto Risco (<550);5484.67;1985.69;36.2;15;Atraso Curto (1-30d);Risco Moderado (C/D);899.54
CTR-50144;2024-03-16;CLI-10144;Cliente_10144;SC;Sul;Agência Física;Financiamento Veicular;139598.49;0.2685;12;789;Excelente (750-850);23206.68;13393.67;57.71;95;Inadimplente / NPL (>90d);Inadimplência / Loss (G/H);111678.79
CTR-50145;2023-04-25;CLI-10145;Cliente_10145;ES;Sudeste;Internet Banking;Crédito Pessoal;28387.43;0.2807;12;584;Médio (550-649);27495.4;2740.53;9.97;0;Em Dia;Baixo Risco (A/B);0.0
CTR-50146;2023-03-15;CLI-10146;Cliente_10146;CE;Nordeste;Agência Física;Empréstimo Empresarial PJ;239420.82;0.2395;12;392;Baixo / Alto Risco (<550);4992.62;22633.74;453.34;45;Atraso Crítico (31-90d);Alto Risco (E/F);59855.21
CTR-50147;2025-08-19;CLI-10147;Cliente_10147;PR;Sul;Agência Física;Cartão de Crédito rotativo;2227.14;0.4908;36;819;Excelente (750-850);14152.47;119.26;0.84;0;Em Dia;Baixo Risco (A/B);0.0
CTR-50148;2023-06-25;CLI-10148;Cliente_10148;SC;Sul;Agência Física;Empréstimo Empresarial PJ;435603.76;0.1251;60;488;Baixo / Alto Risco (<550);33318.92;9802.4;29.42;95;Inadimplente / NPL (>90d);Inadimplência / Loss (G/H);348483.01
CTR-50149;2023-10-18;CLI-10149;Cliente_10149;CE;Nordeste;Agência Física;Financiamento Imobiliário;854902.24;0.1284;36;546;Baixo / Alto Risco (<550);18541.44;28739.2;155.0;15;Atraso Curto (1-30d);Risco Moderado (C/D);42745.11
CTR-50150;2025-05-24;CLI-10150;Cliente_10150;RJ;Sudeste;Correspondente Bancário;Empréstimo Empresarial PJ;196911.37;0.243;24;595;Médio (550-649);17767.97;10440.43;58.76;15;Atraso Curto (1-30d);Risco Moderado (C/D);9845.57
CTR-50151;2024-05-28;CLI-10151;Cliente_10151;SP;Sudeste;Correspondente Bancário;Financiamento Veicular;81634.92;0.259;48;461;Baixo / Alto Risco (<550);27164.01;2747.92;10.12;0;Em Dia;Baixo Risco (A/B);0.0
CTR-50152;2025-04-03;CLI-10152;Cliente_10152;RS;Sul;Internet Banking;Financiamento Veicular;29490.11;0.1882;12;541;Baixo / Alto Risco (<550);14879.23;2715.17;18.25;10;Atraso Curto (1-30d);Risco Moderado (C/D);1474.51
CTR-50153;2024-02-29;CLI-10153;Cliente_10153;DF;Centro-Oeste;Correspondente Bancário;Empréstimo Empresarial PJ;293341.22;0.1357;36;534;Baixo / Alto Risco (<550);10876.78;9964.55;91.61;45;Atraso Crítico (31-90d);Alto Risco (E/F);73335.3
CTR-50154;2024-05-18;CLI-10154;Cliente_10154;PR;Sul;Correspondente Bancário;Cartão de Crédito rotativo;9426.8;0.5278;60;733;Bom (650-749);23896.69;448.52;1.88;0;Em Dia;Baixo Risco (A/B);0.0
CTR-50155;2023-10-06;CLI-10155;Cliente_10155;RJ;Sudeste;Correspondente Bancário;Crédito Pessoal;31945.35;0.2422;36;366;Baixo / Alto Risco (<550);34349.09;1257.0;3.66;95;Inadimplente / NPL (>90d);Inadimplência / Loss (G/H);25556.28
CTR-50156;2023-10-04;CLI-10156;Cliente_10156;ES;Sudeste;Agência Física;Financiamento Veicular;138171.24;0.2783;12;843;Excelente (750-850);4936.06;13322.86;269.91;15;Atraso Curto (1-30d);Risco Moderado (C/D);6908.56
CTR-50157;2023-05-29;CLI-10157;Cliente_10157;GO;Centro-Oeste;Agência Física;Cartão de Crédito rotativo;8591.97;0.4811;24;333;Baixo / Alto Risco (<550);8935.53;564.05;6.31;95;Inadimplente / NPL (>90d);Inadimplência / Loss (G/H);6873.58
CTR-50158;2023-01-23;CLI-10158;Cliente_10158;MG;Sudeste;Agência Física;Cartão de Crédito rotativo;15501.44;0.7715;48;385;Baixo / Alto Risco (<550);29584.42;1049.34;3.55;15;Atraso Curto (1-30d);Risco Moderado (C/D);775.07
CTR-50159;2024-02-17;CLI-10159;Cliente_10159;DF;Centro-Oeste;App Mobile;Cartão de Crédito rotativo;12284.15;0.6664;36;644;Médio (550-649);18688.53;795.91;4.26;0;Em Dia;Baixo Risco (A/B);0.0
CTR-50160;2023-10-26;CLI-10160;Cliente_10160;DF;Centro-Oeste;Internet Banking;Cartão de Crédito rotativo;10277.92;0.6663;48;834;Excelente (750-850);13844.54;616.77;4.45;0;Em Dia;Baixo Risco (A/B);0.0
CTR-50161;2023-03-11;CLI-10161;Cliente_10161;BA;Nordeste;Correspondente Bancário;Financiamento Veicular;105717.19;0.2704;48;605;Médio (550-649);4346.37;3626.63;83.44;0;Em Dia;Baixo Risco (A/B);0.0
CTR-50162;2025-05-03;CLI-10162;Cliente_10162;MG;Sudeste;App Mobile;Financiamento Imobiliário;763556.39;0.1101;12;640;Médio (550-649);19992.6;67487.94;337.56;45;Atraso Crítico (31-90d);Alto Risco (E/F);190889.1
CTR-50163;2023-11-06;CLI-10163;Cliente_10163;SC;Sul;Correspondente Bancário;Empréstimo Empresarial PJ;89330.85;0.1344;48;503;Baixo / Alto Risco (<550);32424.86;2416.08;7.45;0;Em Dia;Baixo Risco (A/B);0.0
CTR-50164;2024-05-08;CLI-10164;Cliente_10164;PR;Sul;Agência Física;Crédito Pessoal;34516.4;0.2542;36;442;Baixo / Alto Risco (<550);6795.14;1380.04;20.31;45;Atraso Crítico (31-90d);Alto Risco (E/F);8629.1
CTR-50165;2025-03-01;CLI-10165;Cliente_10165;GO;Centro-Oeste;Agência Física;Cartão de Crédito rotativo;2437.31;0.8389;24;461;Baixo / Alto Risco (<550);10168.17;212.34;2.09;0;Em Dia;Baixo Risco (A/B);0.0
CTR-50166;2025-07-07;CLI-10166;Cliente_10166;PE;Nordeste;Correspondente Bancário;Cartão de Crédito rotativo;3183.9;0.5194;48;597;Médio (550-649);11058.71;158.55;1.43;35;Atraso Crítico (31-90d);Alto Risco (E/F);795.98
CTR-50167;2025-03-08;CLI-10167;Cliente_10167;RS;Sul;Agência Física;Financiamento Imobiliário;565939.91;0.102;48;445;Baixo / Alto Risco (<550);33609.09;14408.12;42.87;95;Inadimplente / NPL (>90d);Inadimplência / Loss (G/H);452751.93
CTR-50168;2025-02-20;CLI-10168;Cliente_10168;ES;Sudeste;App Mobile;Financiamento Veicular;132845.04;0.2751;48;609;Médio (550-649);30902.78;4592.76;14.86;35;Atraso Crítico (31-90d);Alto Risco (E/F);33211.26
CTR-50169;2024-01-27;CLI-10169;Cliente_10169;RS;Sul;Internet Banking;Cartão de Crédito rotativo;2417.64;0.5045;24;344;Baixo / Alto Risco (<550);28801.77;161.9;0.56;95;Inadimplente / NPL (>90d);Inadimplência / Loss (G/H);1934.11
CTR-50170;2024-11-25;CLI-10170;Cliente_10170;DF;Centro-Oeste;Correspondente Bancário;Financiamento Imobiliário;464862.44;0.1301;72;560;Médio (550-649);14472.98;9334.15;64.49;120;Inadimplente / NPL (>90d);Inadimplência / Loss (G/H);371889.95
CTR-50171;2024-12-30;CLI-10171;Cliente_10171;SC;Sul;Internet Banking;Empréstimo Empresarial PJ;428723.62;0.1717;60;632;Médio (550-649);16744.28;10694.11;63.87;15;Atraso Curto (1-30d);Risco Moderado (C/D);21436.18
CTR-50172;2023-02-22;CLI-10172;Cliente_10172;SP;Sudeste;App Mobile;Cartão de Crédito rotativo;2297.24;0.7795;36;693;Bom (650-749);33821.58;166.5;0.49;0;Em Dia;Baixo Risco (A/B);0.0
CTR-50173;2024-06-19;CLI-10173;Cliente_10173;ES;Sudeste;App Mobile;Financiamento Imobiliário;269374.48;0.1245;60;354;Baixo / Alto Risco (<550);19621.97;6053.52;30.85;45;Atraso Crítico (31-90d);Alto Risco (E/F);67343.62
CTR-50174;2023-12-15;CLI-10174;Cliente_10174;CE;Nordeste;App Mobile;Cartão de Crédito rotativo;3172.67;0.6968;24;771;Excelente (750-850);14829.28;248.3;1.67;0;Em Dia;Baixo Risco (A/B);0.0
CTR-50175;2024-05-25;CLI-10175;Cliente_10175;PR;Sul;Agência Física;Financiamento Veicular;37362.59;0.2744;60;647;Médio (550-649);31805.11;1150.72;3.62;35;Atraso Crítico (31-90d);Alto Risco (E/F);9340.65
CTR-50176;2023-06-19;CLI-10176;Cliente_10176;CE;Nordeste;App Mobile;Cartão de Crédito rotativo;1862.4;0.7465;48;413;Baixo / Alto Risco (<550);23232.13;122.63;0.53;45;Atraso Crítico (31-90d);Alto Risco (E/F);465.6
CTR-50177;2025-05-31;CLI-10177;Cliente_10177;RS;Sul;App Mobile;Financiamento Veicular;101581.94;0.2467;12;655;Bom (650-749);26489.1;9638.51;36.39;0;Em Dia;Baixo Risco (A/B);0.0
CTR-50178;2024-11-08;CLI-10178;Cliente_10178;BA;Nordeste;Correspondente Bancário;Crédito Pessoal;6797.35;0.2444;60;509;Baixo / Alto Risco (<550);28514.6;197.29;0.69;0;Em Dia;Baixo Risco (A/B);0.0
CTR-50179;2023-01-28;CLI-10179;Cliente_10179;PE;Nordeste;App Mobile;Empréstimo Empresarial PJ;71578.54;0.1699;24;777;Excelente (750-850);17947.14;3538.66;19.72;0;Em Dia;Baixo Risco (A/B);0.0
CTR-50180;2023-08-20;CLI-10180;Cliente_10180;RS;Sul;App Mobile;Financiamento Veicular;56892.92;0.1464;12;821;Excelente (750-850);8010.61;5125.4;63.98;0;Em Dia;Baixo Risco (A/B);0.0
CTR-50181;2023-11-25;CLI-10181;Cliente_10181;MG;Sudeste;App Mobile;Cartão de Crédito rotativo;19838.24;0.5854;48;777;Excelente (750-850);26705.05;1077.27;4.03;0;Em Dia;Baixo Risco (A/B);0.0
CTR-50182;2024-11-24;CLI-10182;Cliente_10182;GO;Centro-Oeste;App Mobile;Empréstimo Empresarial PJ;470826.89;0.2163;60;519;Baixo / Alto Risco (<550);19617.79;12904.87;65.78;95;Inadimplente / NPL (>90d);Inadimplência / Loss (G/H);376661.51
CTR-50183;2023-02-08;CLI-10183;Cliente_10183;CE;Nordeste;App Mobile;Financiamento Imobiliário;910280.49;0.1097;360;349;Baixo / Alto Risco (<550);33094.68;8648.19;26.13;120;Inadimplente / NPL (>90d);Inadimplência / Loss (G/H);728224.39
CTR-50184;2024-05-09;CLI-10184;Cliente_10184;RS;Sul;Agência Física;Financiamento Veicular;168693.79;0.2233;60;566;Médio (550-649);18975.9;4690.85;24.72;10;Atraso Curto (1-30d);Risco Moderado (C/D);8434.69
CTR-50185;2024-03-18;CLI-10185;Cliente_10185;GO;Centro-Oeste;App Mobile;Financiamento Imobiliário;876519.12;0.1335;48;718;Bom (650-749);13045.62;23667.36;181.42;95;Inadimplente / NPL (>90d);Inadimplência / Loss (G/H);701215.3
CTR-50186;2024-07-15;CLI-10186;Cliente_10186;ES;Sudeste;Correspondente Bancário;Financiamento Veicular;66336.97;0.2043;12;657;Bom (650-749);34722.46;6158.75;17.74;0;Em Dia;Baixo Risco (A/B);0.0
CTR-50187;2024-11-14;CLI-10187;Cliente_10187;ES;Sudeste;Correspondente Bancário;Cartão de Crédito rotativo;14031.27;0.5256;36;583;Médio (550-649);15622.4;781.58;5.0;10;Atraso Curto (1-30d);Risco Moderado (C/D);701.56
CTR-50188;2023-08-29;CLI-10188;Cliente_10188;ES;Sudeste;App Mobile;Cartão de Crédito rotativo;11176.37;0.8113;36;638;Médio (550-649);3241.63;834.82;25.75;10;Atraso Curto (1-30d);Risco Moderado (C/D);558.82
CTR-50189;2024-03-01;CLI-10189;Cliente_10189;DF;Centro-Oeste;Correspondente Bancário;Crédito Pessoal;17412.63;0.371;36;588;Médio (550-649);25224.44;808.51;3.21;10;Atraso Curto (1-30d);Risco Moderado (C/D);870.63
CTR-50190;2025-02-13;CLI-10190;Cliente_10190;BA;Nordeste;Agência Física;Crédito Pessoal;28380.5;0.4192;48;482;Baixo / Alto Risco (<550);14965.62;1227.62;8.2;45;Atraso Crítico (31-90d);Alto Risco (E/F);7095.12
CTR-50191;2025-02-09;CLI-10191;Cliente_10191;BA;Nordeste;Internet Banking;Cartão de Crédito rotativo;16886.43;0.4707;12;462;Baixo / Alto Risco (<550);4892.46;1791.2;36.61;95;Inadimplente / NPL (>90d);Inadimplência / Loss (G/H);13509.14
CTR-50192;2024-03-04;CLI-10192;Cliente_10192;BA;Nordeste;Correspondente Bancário;Cartão de Crédito rotativo;18120.02;0.6944;12;706;Bom (650-749);21992.56;2136.1;9.71;0;Em Dia;Baixo Risco (A/B);0.0
CTR-50193;2024-08-03;CLI-10193;Cliente_10193;PE;Nordeste;Agência Física;Crédito Pessoal;22403.13;0.3412;48;799;Excelente (750-850);12262.29;861.2;7.02;0;Em Dia;Baixo Risco (A/B);0.0
CTR-50194;2023-02-16;CLI-10194;Cliente_10194;PR;Sul;Correspondente Bancário;Crédito Pessoal;33767.23;0.3288;60;350;Baixo / Alto Risco (<550);18904.86;1152.96;6.1;45;Atraso Crítico (31-90d);Alto Risco (E/F);8441.81
CTR-50195;2023-02-06;CLI-10195;Cliente_10195;PR;Sul;Internet Banking;Empréstimo Empresarial PJ;399974.87;0.1844;36;624;Médio (550-649);3464.05;14548.49;419.98;0;Em Dia;Baixo Risco (A/B);0.0
CTR-50196;2023-09-08;CLI-10196;Cliente_10196;PE;Nordeste;Correspondente Bancário;Financiamento Veicular;58400.7;0.1555;60;367;Baixo / Alto Risco (<550);12258.45;1406.27;11.47;0;Em Dia;Baixo Risco (A/B);0.0
CTR-50197;2023-08-29;CLI-10197;Cliente_10197;BA;Nordeste;Agência Física;Crédito Pessoal;10339.68;0.3861;60;819;Excelente (750-850);25182.56;391.18;1.55;0;Em Dia;Baixo Risco (A/B);0.0
CTR-50198;2023-07-04;CLI-10198;Cliente_10198;PR;Sul;Internet Banking;Crédito Pessoal;23838.57;0.3914;12;782;Excelente (750-850);20670.16;2432.43;11.77;0;Em Dia;Baixo Risco (A/B);0.0
CTR-50199;2023-05-15;CLI-10199;Cliente_10199;PE;Nordeste;Agência Física;Financiamento Veicular;44783.89;0.163;36;345;Baixo / Alto Risco (<550);23124.74;1581.11;6.84;120;Inadimplente / NPL (>90d);Inadimplência / Loss (G/H);35827.11
CTR-50200;2025-04-14;CLI-10200;Cliente_10200;SP;Sudeste;Agência Física;Financiamento Imobiliário;379412.33;0.1155;360;479;Baixo / Alto Risco (<550);28414.1;3771.77;13.27;15;Atraso Curto (1-30d);Risco Moderado (C/D);18970.62
CTR-50201;2025-08-08;CLI-10201;Cliente_10201;RJ;Sudeste;Correspondente Bancário;Financiamento Imobiliário;212070.62;0.0859;24;377;Baixo / Alto Risco (<550);10546.71;9648.55;91.48;15;Atraso Curto (1-30d);Risco Moderado (C/D);10603.53
CTR-50202;2023-02-03;CLI-10202;Cliente_10202;SC;Sul;App Mobile;Financiamento Imobiliário;843962.31;0.1186;360;700;Bom (650-749);17447.74;8590.26;49.23;45;Atraso Crítico (31-90d);Alto Risco (E/F);210990.58
CTR-50203;2023-04-13;CLI-10203;Cliente_10203;SP;Sudeste;Internet Banking;Financiamento Imobiliário;256808.03;0.1186;48;381;Baixo / Alto Risco (<550);16774.27;6745.1;40.21;95;Inadimplente / NPL (>90d);Inadimplência / Loss (G/H);205446.42
CTR-50204;2025-07-01;CLI-10204;Cliente_10204;ES;Sudeste;Correspondente Bancário;Cartão de Crédito rotativo;4036.38;0.784;60;820;Excelente (750-850);29654.82;269.76;0.91;5;Atraso Curto (1-30d);Risco Moderado (C/D);201.82
CTR-50205;2023-07-26;CLI-10205;Cliente_10205;RJ;Sudeste;Correspondente Bancário;Crédito Pessoal;19463.65;0.2058;36;523;Baixo / Alto Risco (<550);9043.71;729.1;8.06;0;Em Dia;Baixo Risco (A/B);0.0
CTR-50206;2023-07-07;CLI-10206;Cliente_10206;DF;Centro-Oeste;App Mobile;Cartão de Crédito rotativo;8286.81;0.6213;24;330;Baixo / Alto Risco (<550);23720.14;610.96;2.58;120;Inadimplente / NPL (>90d);Inadimplência / Loss (G/H);6629.45
CTR-50207;2024-07-14;CLI-10207;Cliente_10207;MG;Sudeste;Agência Física;Crédito Pessoal;18278.88;0.3818;12;411;Baixo / Alto Risco (<550);11042.08;1856.3;16.81;15;Atraso Curto (1-30d);Risco Moderado (C/D);913.94
CTR-50208;2023-05-18;CLI-10208;Cliente_10208;PR;Sul;App Mobile;Financiamento Imobiliário;682294.43;0.1154;24;597;Médio (550-649);25987.18;31971.6;123.03;95;Inadimplente / NPL (>90d);Inadimplência / Loss (G/H);545835.54
CTR-50209;2025-03-19;CLI-10209;Cliente_10209;SC;Sul;Internet Banking;Financiamento Imobiliário;529969.19;0.1056;48;528;Baixo / Alto Risco (<550);30363.74;13584.36;44.74;0;Em Dia;Baixo Risco (A/B);0.0
CTR-50210;2025-02-03;CLI-10210;Cliente_10210;CE;Nordeste;Internet Banking;Financiamento Veicular;71681.92;0.2788;36;572;Médio (550-649);6863.77;2960.38;43.13;0;Em Dia;Baixo Risco (A/B);0.0
CTR-50211;2025-03-19;CLI-10211;Cliente_10211;PE;Nordeste;Internet Banking;Financiamento Veicular;94817.99;0.2455;60;727;Bom (650-749);6892.06;2758.07;40.02;0;Em Dia;Baixo Risco (A/B);0.0
CTR-50212;2023-05-27;CLI-10212;Cliente_10212;RJ;Sudeste;App Mobile;Crédito Pessoal;27700.49;0.2909;48;463;Baixo / Alto Risco (<550);20653.22;982.78;4.76;15;Atraso Curto (1-30d);Risco Moderado (C/D);1385.02
CTR-50213;2024-04-17;CLI-10213;Cliente_10213;MG;Sudeste;App Mobile;Cartão de Crédito rotativo;17316.22;0.4942;24;423;Baixo / Alto Risco (<550);33599.22;1149.52;3.42;95;Inadimplente / NPL (>90d);Inadimplência / Loss (G/H);13852.98
CTR-50214;2023-12-23;CLI-10214;Cliente_10214;PE;Nordeste;Agência Física;Crédito Pessoal;22583.72;0.3119;60;513;Baixo / Alto Risco (<550);11780.5;747.25;6.34;0;Em Dia;Baixo Risco (A/B);0.0
CTR-50215;2023-11-06;CLI-10215;Cliente_10215;ES;Sudeste;Agência Física;Empréstimo Empresarial PJ;78878.07;0.2022;12;323;Baixo / Alto Risco (<550);18651.0;7315.14;39.22;0;Em Dia;Baixo Risco (A/B);0.0
CTR-50216;2023-05-11;CLI-10216;Cliente_10216;SP;Sudeste;Agência Física;Crédito Pessoal;27294.46;0.2567;60;384;Baixo / Alto Risco (<550);34246.18;811.89;2.37;0;Em Dia;Baixo Risco (A/B);0.0
CTR-50217;2024-08-02;CLI-10217;Cliente_10217;RJ;Sudeste;Correspondente Bancário;Financiamento Veicular;47270.91;0.1459;36;729;Bom (650-749);19873.12;1629.19;8.2;0;Em Dia;Baixo Risco (A/B);0.0
CTR-50218;2023-04-12;CLI-10218;Cliente_10218;SC;Sul;Internet Banking;Financiamento Veicular;114910.08;0.257;12;663;Bom (650-749);10380.25;10960.61;105.59;15;Atraso Curto (1-30d);Risco Moderado (C/D);5745.5
CTR-50219;2023-04-25;CLI-10219;Cliente_10219;RJ;Sudeste;App Mobile;Empréstimo Empresarial PJ;435173.15;0.1621;24;364;Baixo / Alto Risco (<550);18957.32;21351.12;112.63;0;Em Dia;Baixo Risco (A/B);0.0
CTR-50220;2024-12-07;CLI-10220;Cliente_10220;ES;Sudeste;Correspondente Bancário;Empréstimo Empresarial PJ;439190.2;0.2352;12;418;Baixo / Alto Risco (<550);17477.92;41427.7;237.03;120;Inadimplente / NPL (>90d);Inadimplência / Loss (G/H);351352.16
CTR-50221;2025-01-22;CLI-10221;Cliente_10221;SC;Sul;Agência Física;Empréstimo Empresarial PJ;443010.98;0.1273;36;464;Baixo / Alto Risco (<550);21189.48;14869.24;70.17;15;Atraso Curto (1-30d);Risco Moderado (C/D);22150.55
CTR-50222;2023-02-01;CLI-10222;Cliente_10222;SP;Sudeste;Internet Banking;Cartão de Crédito rotativo;6088.16;0.5572;60;438;Baixo / Alto Risco (<550);19719.91;302.56;1.53;45;Atraso Crítico (31-90d);Alto Risco (E/F);1522.04
CTR-50223;2025-02-26;CLI-10223;Cliente_10223;RJ;Sudeste;Internet Banking;Financiamento Imobiliário;813729.34;0.1182;120;685;Bom (650-749);31541.76;11590.14;36.75;0;Em Dia;Baixo Risco (A/B);0.0
CTR-50224;2023-04-12;CLI-10224;Cliente_10224;BA;Nordeste;Agência Física;Cartão de Crédito rotativo;6600.06;0.819;12;361;Baixo / Alto Risco (<550);18962.54;823.23;4.34;45;Atraso Crítico (31-90d);Alto Risco (E/F);1650.02
CTR-50225;2025-03-26;CLI-10225;Cliente_10225;SC;Sul;App Mobile;Empréstimo Empresarial PJ;76269.27;0.2271;60;573;Médio (550-649);4190.0;2137.38;51.01;15;Atraso Curto (1-30d);Risco Moderado (C/D);3813.46
CTR-50226;2024-04-02;CLI-10226;Cliente_10226;SC;Sul;App Mobile;Cartão de Crédito rotativo;9895.31;0.5283;60;597;Médio (550-649);11801.24;471.16;3.99;0;Em Dia;Baixo Risco (A/B);0.0
CTR-50227;2023-12-15;CLI-10227;Cliente_10227;CE;Nordeste;Correspondente Bancário;Financiamento Veicular;171832.05;0.2434;12;512;Baixo / Alto Risco (<550);26358.01;16276.66;61.75;120;Inadimplente / NPL (>90d);Inadimplência / Loss (G/H);137465.64
CTR-50228;2025-06-19;CLI-10228;Cliente_10228;PE;Nordeste;App Mobile;Empréstimo Empresarial PJ;374088.5;0.2434;48;382;Baixo / Alto Risco (<550);10571.8;12266.39;116.03;15;Atraso Curto (1-30d);Risco Moderado (C/D);18704.42
CTR-50229;2024-11-18;CLI-10229;Cliente_10229;RS;Sul;Agência Física;Cartão de Crédito rotativo;3430.21;0.5335;36;428;Baixo / Alto Risco (<550);16703.78;192.77;1.15;120;Inadimplente / NPL (>90d);Inadimplência / Loss (G/H);2744.17
CTR-50230;2023-12-12;CLI-10230;Cliente_10230;GO;Centro-Oeste;Internet Banking;Cartão de Crédito rotativo;7270.03;0.4856;48;375;Baixo / Alto Risco (<550);10129.17;345.68;3.41;45;Atraso Crítico (31-90d);Alto Risco (E/F);1817.51
CTR-50231;2024-06-15;CLI-10231;Cliente_10231;RS;Sul;Agência Física;Empréstimo Empresarial PJ;110687.67;0.1817;48;658;Bom (650-749);29185.54;3261.29;11.17;0;Em Dia;Baixo Risco (A/B);0.0
CTR-50232;2025-05-07;CLI-10232;Cliente_10232;SC;Sul;Correspondente Bancário;Crédito Pessoal;27406.33;0.236;36;745;Bom (650-749);30748.14;1069.48;3.48;0;Em Dia;Baixo Risco (A/B);0.0
CTR-50233;2024-12-17;CLI-10233;Cliente_10233;CE;Nordeste;Correspondente Bancário;Crédito Pessoal;9776.2;0.3104;36;817;Excelente (750-850);5449.53;420.6;7.72;0;Em Dia;Baixo Risco (A/B);0.0
CTR-50234;2024-05-15;CLI-10234;Cliente_10234;PE;Nordeste;Agência Física;Financiamento Veicular;125004.12;0.2526;24;660;Bom (650-749);32534.88;6687.98;20.56;0;Em Dia;Baixo Risco (A/B);0.0
CTR-50235;2023-07-04;CLI-10235;Cliente_10235;MG;Sudeste;Correspondente Bancário;Empréstimo Empresarial PJ;387809.95;0.1335;60;668;Bom (650-749);6216.91;8893.51;143.05;0;Em Dia;Baixo Risco (A/B);0.0
CTR-50236;2025-05-27;CLI-10236;Cliente_10236;SC;Sul;Internet Banking;Crédito Pessoal;31983.14;0.4489;12;596;Médio (550-649);31333.96;3356.82;10.71;10;Atraso Curto (1-30d);Risco Moderado (C/D);1599.16
CTR-50237;2024-12-14;CLI-10237;Cliente_10237;GO;Centro-Oeste;Agência Física;Empréstimo Empresarial PJ;221924.72;0.247;48;475;Baixo / Alto Risco (<550);32540.72;7321.3;22.5;0;Em Dia;Baixo Risco (A/B);0.0
CTR-50238;2024-05-29;CLI-10238;Cliente_10238;RS;Sul;Agência Física;Financiamento Imobiliário;256082.75;0.1199;120;422;Baixo / Alto Risco (<550);16199.49;3672.56;22.67;95;Inadimplente / NPL (>90d);Inadimplência / Loss (G/H);204866.2
CTR-50239;2025-01-16;CLI-10239;Cliente_10239;CE;Nordeste;Agência Física;Crédito Pessoal;32683.85;0.4258;12;529;Baixo / Alto Risco (<550);14548.53;3391.88;23.31;10;Atraso Curto (1-30d);Risco Moderado (C/D);1634.19
CTR-50240;2023-08-28;CLI-10240;Cliente_10240;RS;Sul;Correspondente Bancário;Empréstimo Empresarial PJ;437828.08;0.1266;36;440;Baixo / Alto Risco (<550);17870.22;14680.56;82.15;45;Atraso Crítico (31-90d);Alto Risco (E/F);109457.02
CTR-50241;2025-05-12;CLI-10241;Cliente_10241;GO;Centro-Oeste;App Mobile;Empréstimo Empresarial PJ;297877.22;0.1308;12;758;Excelente (750-850);24169.02;26616.76;110.13;0;Em Dia;Baixo Risco (A/B);0.0
CTR-50242;2024-12-09;CLI-10242;Cliente_10242;MG;Sudeste;Agência Física;Empréstimo Empresarial PJ;62212.73;0.1809;12;587;Médio (550-649);26324.93;5706.33;21.68;0;Em Dia;Baixo Risco (A/B);0.0
CTR-50243;2023-01-12;CLI-10243;Cliente_10243;PE;Nordeste;App Mobile;Financiamento Veicular;32566.77;0.2084;36;622;Médio (550-649);12095.25;1224.28;10.12;10;Atraso Curto (1-30d);Risco Moderado (C/D);1628.34
CTR-50244;2024-08-21;CLI-10244;Cliente_10244;RS;Sul;Agência Física;Cartão de Crédito rotativo;9610.65;0.7574;24;430;Baixo / Alto Risco (<550);19710.38;787.96;4.0;15;Atraso Curto (1-30d);Risco Moderado (C/D);480.53
CTR-50245;2023-08-21;CLI-10245;Cliente_10245;SP;Sudeste;Internet Banking;Financiamento Veicular;72006.09;0.1514;24;406;Baixo / Alto Risco (<550);28433.69;3496.13;12.3;45;Atraso Crítico (31-90d);Alto Risco (E/F);18001.52
CTR-50246;2024-08-16;CLI-10246;Cliente_10246;MG;Sudeste;App Mobile;Financiamento Veicular;50809.69;0.1455;48;819;Excelente (750-850);33852.2;1402.51;4.14;0;Em Dia;Baixo Risco (A/B);0.0
CTR-50247;2024-12-04;CLI-10247;Cliente_10247;SC;Sul;Correspondente Bancário;Empréstimo Empresarial PJ;329859.89;0.2032;60;584;Médio (550-649);19081.32;8798.11;46.11;95;Inadimplente / NPL (>90d);Inadimplência / Loss (G/H);263887.91
CTR-50248;2024-07-23;CLI-10248;Cliente_10248;GO;Centro-Oeste;Correspondente Bancário;Empréstimo Empresarial PJ;166612.42;0.1315;48;850;Excelente (750-850);33685.17;4482.21;13.31;0;Em Dia;Baixo Risco (A/B);0.0
CTR-50249;2024-04-22;CLI-10249;Cliente_10249;PR;Sul;App Mobile;Empréstimo Empresarial PJ;270003.94;0.1644;12;342;Baixo / Alto Risco (<550);26333.94;24553.94;93.24;15;Atraso Curto (1-30d);Risco Moderado (C/D);13500.2
CTR-50250;2024-07-13;CLI-10250;Cliente_10250;PR;Sul;Correspondente Bancário;Crédito Pessoal;20618.38;0.3149;36;428;Baixo / Alto Risco (<550);9328.0;892.19;9.56;45;Atraso Crítico (31-90d);Alto Risco (E/F);5154.6
CTR-50251;2024-02-20;CLI-10001;Cliente_10001;ES;Sudeste;Agência Física;Cartão de Crédito rotativo;8717.86;0.699;48;340;Baixo / Alto Risco (<550);11685.28;543.72;4.65;95;Inadimplente / NPL (>90d);Inadimplência / Loss (G/H);6974.29
CTR-50252;2025-08-30;CLI-10002;Cliente_10002;PE;Nordeste;Correspondente Bancário;Crédito Pessoal;34419.33;0.229;12;692;Bom (650-749);27279.15;3236.38;11.86;0;Em Dia;Baixo Risco (A/B);0.0
CTR-50253;2023-02-02;CLI-10003;Cliente_10003;ES;Sudeste;Internet Banking;Cartão de Crédito rotativo;2043.88;0.6973;24;592;Médio (550-649);28672.88;160.02;0.56;10;Atraso Curto (1-30d);Risco Moderado (C/D);102.19
CTR-50254;2024-08-21;CLI-10004;Cliente_10004;MG;Sudeste;Correspondente Bancário;Financiamento Imobiliário;882978.18;0.0994;48;494;Baixo / Alto Risco (<550);32780.87;22369.17;68.24;120;Inadimplente / NPL (>90d);Inadimplência / Loss (G/H);706382.54
CTR-50255;2024-10-04;CLI-10005;Cliente_10005;PE;Nordeste;Correspondente Bancário;Cartão de Crédito rotativo;1672.52;0.7119;48;590;Médio (550-649);7176.31;105.88;1.48;0;Em Dia;Baixo Risco (A/B);0.0
CTR-50256;2023-03-31;CLI-10006;Cliente_10006;CE;Nordeste;Agência Física;Crédito Pessoal;18365.26;0.3472;24;467;Baixo / Alto Risco (<550);10381.58;1072.0;10.33;0;Em Dia;Baixo Risco (A/B);0.0
CTR-50257;2024-09-11;CLI-10007;Cliente_10007;SP;Sudeste;Agência Física;Cartão de Crédito rotativo;17127.82;0.5553;48;426;Baixo / Alto Risco (<550);21409.71;894.6;4.18;45;Atraso Crítico (31-90d);Alto Risco (E/F);4281.95
CTR-50258;2023-12-20;CLI-10008;Cliente_10008;SP;Sudeste;Internet Banking;Financiamento Veicular;129733.14;0.2629;12;611;Médio (550-649);3600.25;12411.74;344.75;15;Atraso Curto (1-30d);Risco Moderado (C/D);6486.66
CTR-50259;2024-01-03;CLI-10009;Cliente_10009;CE;Nordeste;Internet Banking;Empréstimo Empresarial PJ;480535.82;0.1583;24;402;Baixo / Alto Risco (<550);8416.54;23489.51;279.09;95;Inadimplente / NPL (>90d);Inadimplência / Loss (G/H);384428.66
CTR-50260;2024-05-09;CLI-10010;Cliente_10010;SP;Sudeste;App Mobile;Crédito Pessoal;18200.94;0.3676;36;578;Médio (550-649);16591.87;841.57;5.07;0;Em Dia;Baixo Risco (A/B);0.0
CTR-50261;2024-10-01;CLI-10011;Cliente_10011;SP;Sudeste;App Mobile;Cartão de Crédito rotativo;5280.94;0.6048;12;832;Excelente (750-850);11259.75;597.17;5.3;0;Em Dia;Baixo Risco (A/B);0.0
CTR-50262;2023-09-23;CLI-10012;Cliente_10012;PE;Nordeste;Correspondente Bancário;Crédito Pessoal;26231.86;0.1879;24;498;Baixo / Alto Risco (<550);28056.23;1319.64;4.7;95;Inadimplente / NPL (>90d);Inadimplência / Loss (G/H);20985.49
CTR-50263;2025-06-21;CLI-10013;Cliente_10013;RS;Sul;Agência Física;Crédito Pessoal;12378.01;0.2395;36;633;Médio (550-649);7757.32;485.3;6.26;0;Em Dia;Baixo Risco (A/B);0.0
CTR-50264;2023-11-05;CLI-10014;Cliente_10014;DF;Centro-Oeste;App Mobile;Financiamento Imobiliário;618547.68;0.0967;24;623;Médio (550-649);11916.01;28448.72;238.74;95;Inadimplente / NPL (>90d);Inadimplência / Loss (G/H);494838.14
CTR-50265;2025-08-09;CLI-10015;Cliente_10015;MG;Sudeste;Internet Banking;Financiamento Imobiliário;562183.68;0.1346;48;820;Excelente (750-850);18229.51;15210.65;83.44;95;Inadimplente / NPL (>90d);Inadimplência / Loss (G/H);449746.94
CTR-50266;2023-05-30;CLI-10016;Cliente_10016;MG;Sudeste;Internet Banking;Empréstimo Empresarial PJ;178831.14;0.192;48;536;Baixo / Alto Risco (<550);3586.67;5365.96;149.61;120;Inadimplente / NPL (>90d);Inadimplência / Loss (G/H);143064.91
CTR-50267;2023-07-15;CLI-10017;Cliente_10017;SC;Sul;App Mobile;Empréstimo Empresarial PJ;203481.3;0.2085;48;365;Baixo / Alto Risco (<550);27960.52;6284.53;22.48;15;Atraso Curto (1-30d);Risco Moderado (C/D);10174.07
CTR-50268;2025-03-13;CLI-10018;Cliente_10018;SP;Sudeste;Agência Física;Crédito Pessoal;32938.02;0.2644;36;392;Baixo / Alto Risco (<550);25861.64;1334.83;5.16;120;Inadimplente / NPL (>90d);Inadimplência / Loss (G/H);26350.42
CTR-50269;2024-02-02;CLI-10019;Cliente_10019;PR;Sul;Correspondente Bancário;Crédito Pessoal;11763.43;0.32;48;412;Baixo / Alto Risco (<550);18344.83;437.35;2.38;45;Atraso Crítico (31-90d);Alto Risco (E/F);2940.86
CTR-50270;2024-09-23;CLI-10020;Cliente_10020;PR;Sul;Correspondente Bancário;Crédito Pessoal;32428.0;0.2797;24;746;Bom (650-749);19058.28;1779.43;9.34;0;Em Dia;Baixo Risco (A/B);0.0
CTR-50271;2025-02-07;CLI-10021;Cliente_10021;BA;Nordeste;Agência Física;Empréstimo Empresarial PJ;103907.95;0.2416;36;373;Baixo / Alto Risco (<550);23502.4;4085.34;17.38;15;Atraso Curto (1-30d);Risco Moderado (C/D);5195.4
CTR-50272;2023-09-25;CLI-10022;Cliente_10022;SC;Sul;Agência Física;Empréstimo Empresarial PJ;425558.34;0.218;60;816;Excelente (750-850);6177.94;11705.12;189.47;0;Em Dia;Baixo Risco (A/B);0.0
CTR-50273;2024-02-11;CLI-10023;Cliente_10023;CE;Nordeste;Agência Física;Financiamento Imobiliário;282177.89;0.1236;60;584;Médio (550-649);11123.92;6328.35;56.89;15;Atraso Curto (1-30d);Risco Moderado (C/D);14108.89
CTR-50274;2025-06-10;CLI-10024;Cliente_10024;RS;Sul;Internet Banking;Crédito Pessoal;34702.28;0.2354;12;637;Médio (550-649);6227.12;3273.71;52.57;95;Inadimplente / NPL (>90d);Inadimplência / Loss (G/H);27761.82
CTR-50275;2025-07-02;CLI-10025;Cliente_10025;BA;Nordeste;Internet Banking;Financiamento Imobiliário;878419.5;0.1061;48;518;Baixo / Alto Risco (<550);34965.67;22537.2;64.46;120;Inadimplente / NPL (>90d);Inadimplência / Loss (G/H);702735.6
CTR-50276;2025-02-04;CLI-10026;Cliente_10026;PR;Sul;App Mobile;Cartão de Crédito rotativo;16114.85;0.7411;12;572;Médio (550-649);31130.26;1940.7;6.23;0;Em Dia;Baixo Risco (A/B);0.0
CTR-50277;2024-08-14;CLI-10027;Cliente_10027;PR;Sul;App Mobile;Cartão de Crédito rotativo;7659.69;0.6486;60;676;Bom (650-749);34506.62;432.38;1.25;0;Em Dia;Baixo Risco (A/B);0.0
CTR-50278;2023-08-27;CLI-10028;Cliente_10028;PR;Sul;Agência Física;Empréstimo Empresarial PJ;301822.66;0.1235;24;545;Baixo / Alto Risco (<550);14169.09;14257.22;100.62;45;Atraso Crítico (31-90d);Alto Risco (E/F);75455.66
CTR-50279;2023-08-26;CLI-10029;Cliente_10029;SC;Sul;Agência Física;Financiamento Veicular;90623.05;0.1793;24;527;Baixo / Alto Risco (<550);34639.35;4521.21;13.05;10;Atraso Curto (1-30d);Risco Moderado (C/D);4531.15
CTR-50280;2025-07-22;CLI-10030;Cliente_10030;PR;Sul;App Mobile;Cartão de Crédito rotativo;5608.28;0.7818;48;483;Baixo / Alto Risco (<550);3465.43;383.94;11.08;45;Atraso Crítico (31-90d);Alto Risco (E/F);1402.07
CTR-50281;2025-07-23;CLI-10031;Cliente_10031;MG;Sudeste;Correspondente Bancário;Crédito Pessoal;30367.63;0.3895;36;708;Bom (650-749);27387.69;1442.44;5.27;0;Em Dia;Baixo Risco (A/B);0.0
CTR-50282;2023-11-13;CLI-10032;Cliente_10032;RJ;Sudeste;Agência Física;Financiamento Veicular;146126.82;0.2465;24;743;Bom (650-749);28416.65;7773.37;27.35;0;Em Dia;Baixo Risco (A/B);0.0
CTR-50283;2024-06-18;CLI-10033;Cliente_10033;PE;Nordeste;Correspondente Bancário;Financiamento Imobiliário;834521.13;0.1215;72;627;Médio (550-649);18066.52;16380.22;90.67;45;Atraso Crítico (31-90d);Alto Risco (E/F);208630.28
CTR-50284;2024-11-21;CLI-10034;Cliente_10034;GO;Centro-Oeste;Agência Física;Cartão de Crédito rotativo;19414.7;0.5109;12;355;Baixo / Alto Risco (<550);8095.1;2099.7;25.94;0;Em Dia;Baixo Risco (A/B);0.0
CTR-50285;2024-07-04;CLI-10035;Cliente_10035;PE;Nordeste;Agência Física;Crédito Pessoal;2785.28;0.3249;60;570;Médio (550-649);7789.81;94.42;1.21;0;Em Dia;Baixo Risco (A/B);0.0
CTR-50286;2023-09-03;CLI-10036;Cliente_10036;DF;Centro-Oeste;Agência Física;Financiamento Veicular;114245.21;0.1823;36;471;Baixo / Alto Risco (<550);13613.75;4143.43;30.44;45;Atraso Crítico (31-90d);Alto Risco (E/F);28561.3
CTR-50287;2024-07-23;CLI-10037;Cliente_10037;GO;Centro-Oeste;Agência Física;Cartão de Crédito rotativo;15956.85;0.7115;60;578;Médio (550-649);8280.4;976.94;11.8;10;Atraso Curto (1-30d);Risco Moderado (C/D);797.84
CTR-50288;2025-01-07;CLI-10038;Cliente_10038;PE;Nordeste;App Mobile;Empréstimo Empresarial PJ;488983.44;0.246;48;549;Baixo / Alto Risco (<550);24742.33;16104.39;65.09;120;Inadimplente / NPL (>90d);Inadimplência / Loss (G/H);391186.75
CTR-50289;2025-04-20;CLI-10039;Cliente_10039;PR;Sul;Internet Banking;Financiamento Veicular;85056.98;0.1755;60;550;Médio (550-649);9123.97;2139.12;23.45;90;Atraso Crítico (31-90d);Alto Risco (E/F);21264.24
CTR-50290;2025-02-19;CLI-10040;Cliente_10040;BA;Nordeste;Internet Banking;Financiamento Imobiliário;503581.51;0.1026;36;755;Excelente (750-850);4770.13;16310.7;341.93;45;Atraso Crítico (31-90d);Alto Risco (E/F);125895.38
CTR-50291;2025-05-19;CLI-10041;Cliente_10041;SC;Sul;App Mobile;Financiamento Veicular;58468.52;0.2641;24;844;Excelente (750-850);16620.29;3162.07;19.03;0;Em Dia;Baixo Risco (A/B);0.0
CTR-50292;2025-08-13;CLI-10042;Cliente_10042;PR;Sul;Internet Banking;Empréstimo Empresarial PJ;455604.53;0.1896;48;553;Médio (550-649);30919.4;13613.01;44.03;10;Atraso Curto (1-30d);Risco Moderado (C/D);22780.23
CTR-50293;2025-05-28;CLI-10043;Cliente_10043;MG;Sudeste;Internet Banking;Empréstimo Empresarial PJ;125926.2;0.2147;12;477;Baixo / Alto Risco (<550);22493.06;11753.89;52.26;45;Atraso Crítico (31-90d);Alto Risco (E/F);31481.55
CTR-50294;2024-12-13;CLI-10044;Cliente_10044;PR;Sul;Internet Banking;Crédito Pessoal;29253.11;0.4043;24;799;Excelente (750-850);17866.21;1796.73;10.06;0;Em Dia;Baixo Risco (A/B);0.0
CTR-50295;2024-04-20;CLI-10045;Cliente_10045;RJ;Sudeste;App Mobile;Crédito Pessoal;23803.93;0.3575;12;662;Bom (650-749);31403.26;2388.42;7.61;0;Em Dia;Baixo Risco (A/B);0.0
CTR-50296;2023-12-31;CLI-10046;Cliente_10046;DF;Centro-Oeste;App Mobile;Financiamento Veicular;26944.5;0.1974;60;791;Excelente (750-850);7627.28;709.97;9.31;0;Em Dia;Baixo Risco (A/B);0.0
CTR-50297;2025-01-06;CLI-10047;Cliente_10047;SP;Sudeste;Internet Banking;Cartão de Crédito rotativo;6581.3;0.6687;36;539;Baixo / Alto Risco (<550);20738.66;427.42;2.06;0;Em Dia;Baixo Risco (A/B);0.0
CTR-50298;2023-02-16;CLI-10048;Cliente_10048;ES;Sudeste;App Mobile;Financiamento Imobiliário;484966.4;0.1267;60;552;Médio (550-649);7438.33;10952.72;147.25;45;Atraso Crítico (31-90d);Alto Risco (E/F);121241.6
CTR-50299;2025-05-09;CLI-10049;Cliente_10049;SC;Sul;Correspondente Bancário;Cartão de Crédito rotativo;16450.98;0.7683;24;518;Baixo / Alto Risco (<550);31292.34;1359.95;4.35;0;Em Dia;Baixo Risco (A/B);0.0
CTR-50300;2023-06-02;CLI-10050;Cliente_10050;PE;Nordeste;Agência Física;Financiamento Imobiliário;368784.27;0.0897;36;596;Médio (550-649);19234.81;11722.09;60.94;95;Inadimplente / NPL (>90d);Inadimplência / Loss (G/H);295027.42
CTR-50301;2025-07-13;CLI-10051;Cliente_10051;ES;Sudeste;Agência Física;Financiamento Imobiliário;396408.7;0.1039;60;760;Excelente (750-850);19408.72;8498.78;43.79;0;Em Dia;Baixo Risco (A/B);0.0
CTR-50302;2023-08-26;CLI-10052;Cliente_10052;BA;Nordeste;Internet Banking;Cartão de Crédito rotativo;17171.25;0.825;36;340;Baixo / Alto Risco (<550);24489.25;1299.13;5.3;0;Em Dia;Baixo Risco (A/B);0.0
CTR-50303;2025-02-25;CLI-10053;Cliente_10053;PR;Sul;Agência Física;Crédito Pessoal;25229.03;0.3519;36;419;Baixo / Alto Risco (<550);5930.57;1143.98;19.29;45;Atraso Crítico (31-90d);Alto Risco (E/F);6307.26
CTR-50304;2023-11-20;CLI-10054;Cliente_10054;SP;Sudeste;App Mobile;Cartão de Crédito rotativo;12876.51;0.5742;48;738;Bom (650-749);13699.16;689.26;5.03;0;Em Dia;Baixo Risco (A/B);0.0
CTR-50305;2024-08-08;CLI-10055;Cliente_10055;PR;Sul;Internet Banking;Financiamento Veicular;80354.62;0.2328;48;585;Médio (550-649);6789.68;2587.83;38.11;10;Atraso Curto (1-30d);Risco Moderado (C/D);4017.73
CTR-50306;2024-08-21;CLI-10056;Cliente_10056;RS;Sul;Agência Física;Empréstimo Empresarial PJ;332907.03;0.2171;24;649;Médio (550-649);31166.08;17222.96;55.26;120;Inadimplente / NPL (>90d);Inadimplência / Loss (G/H);266325.62
CTR-50307;2025-07-19;CLI-10057;Cliente_10057;PE;Nordeste;Agência Física;Cartão de Crédito rotativo;13906.68;0.7588;48;660;Bom (650-749);12730.75;928.29;7.29;0;Em Dia;Baixo Risco (A/B);0.0
CTR-50308;2024-01-31;CLI-10058;Cliente_10058;SP;Sudeste;Agência Física;Empréstimo Empresarial PJ;220720.91;0.2325;24;820;Excelente (750-850);34510.91;11587.3;33.58;5;Atraso Curto (1-30d);Risco Moderado (C/D);11036.05
CTR-50309;2024-04-30;CLI-10059;Cliente_10059;GO;Centro-Oeste;Agência Física;Cartão de Crédito rotativo;19843.61;0.6387;60;675;Bom (650-749);24826.11;1105.41;4.45;0;Em Dia;Baixo Risco (A/B);0.0
CTR-50310;2024-09-05;CLI-10060;Cliente_10060;SC;Sul;App Mobile;Empréstimo Empresarial PJ;394941.36;0.1653;60;632;Médio (550-649);18089.48;9715.78;53.71;95;Inadimplente / NPL (>90d);Inadimplência / Loss (G/H);315953.09
CTR-50311;2023-07-13;CLI-10061;Cliente_10061;GO;Centro-Oeste;Agência Física;Financiamento Veicular;162167.17;0.1833;12;450;Baixo / Alto Risco (<550);25725.93;14892.97;57.89;15;Atraso Curto (1-30d);Risco Moderado (C/D);8108.36
CTR-50312;2023-05-13;CLI-10062;Cliente_10062;CE;Nordeste;Correspondente Bancário;Cartão de Crédito rotativo;13692.16;0.6279;48;711;Bom (650-749);13995.93;784.25;5.6;5;Atraso Curto (1-30d);Risco Moderado (C/D);684.61
CTR-50313;2024-11-28;CLI-10063;Cliente_10063;SC;Sul;Correspondente Bancário;Cartão de Crédito rotativo;3538.61;0.6582;60;830;Excelente (750-850);30535.88;202.31;0.66;0;Em Dia;Baixo Risco (A/B);0.0
CTR-50314;2023-06-08;CLI-10064;Cliente_10064;CE;Nordeste;Internet Banking;Financiamento Imobiliário;949656.21;0.1026;360;813;Excelente (750-850);15127.49;8516.94;56.3;15;Atraso Curto (1-30d);Risco Moderado (C/D);47482.81
CTR-50315;2023-01-27;CLI-10065;Cliente_10065;SP;Sudeste;App Mobile;Empréstimo Empresarial PJ;207042.02;0.1954;48;411;Baixo / Alto Risco (<550);26206.1;6249.73;23.85;0;Em Dia;Baixo Risco (A/B);0.0
CTR-50316;2024-04-21;CLI-10066;Cliente_10066;CE;Nordeste;Internet Banking;Crédito Pessoal;22739.26;0.2437;12;539;Baixo / Alto Risco (<550);4284.79;2154.29;50.28;95;Inadimplente / NPL (>90d);Inadimplência / Loss (G/H);18191.41
CTR-50317;2025-01-15;CLI-10067;Cliente_10067;GO;Centro-Oeste;Correspondente Bancário;Crédito Pessoal;3568.84;0.4417;48;509;Baixo / Alto Risco (<550);32261.68;159.5;0.49;0;Em Dia;Baixo Risco (A/B);0.0
CTR-50318;2024-04-08;CLI-10068;Cliente_10068;MG;Sudeste;App Mobile;Financiamento Imobiliário;171159.47;0.0922;36;659;Bom (650-749);27864.51;5460.37;19.6;0;Em Dia;Baixo Risco (A/B);0.0
CTR-50319;2023-09-14;CLI-10069;Cliente_10069;SP;Sudeste;Correspondente Bancário;Empréstimo Empresarial PJ;370546.52;0.1817;60;449;Baixo / Alto Risco (<550);30993.71;9443.75;30.47;95;Inadimplente / NPL (>90d);Inadimplência / Loss (G/H);296437.22
CTR-50320;2023-03-26;CLI-10070;Cliente_10070;MG;Sudeste;App Mobile;Empréstimo Empresarial PJ;228113.13;0.1224;24;597;Médio (550-649);3392.47;10763.66;317.28;120;Inadimplente / NPL (>90d);Inadimplência / Loss (G/H);182490.5
CTR-50321;2024-01-09;CLI-10071;Cliente_10071;PR;Sul;Correspondente Bancário;Crédito Pessoal;23025.54;0.3107;60;349;Baixo / Alto Risco (<550);14204.02;760.16;5.35;15;Atraso Curto (1-30d);Risco Moderado (C/D);1151.28
CTR-50322;2023-11-14;CLI-10072;Cliente_10072;CE;Nordeste;Correspondente Bancário;Cartão de Crédito rotativo;15342.4;0.5021;36;751;Excelente (750-850);23570.01;832.23;3.53;5;Atraso Curto (1-30d);Risco Moderado (C/D);767.12
CTR-50323;2024-04-24;CLI-10073;Cliente_10073;SC;Sul;Correspondente Bancário;Financiamento Imobiliário;248200.68;0.1297;60;527;Baixo / Alto Risco (<550);26897.57;5643.52;20.98;90;Atraso Crítico (31-90d);Alto Risco (E/F);62050.17
CTR-50324;2024-07-21;CLI-10074;Cliente_10074;RS;Sul;Correspondente Bancário;Financiamento Imobiliário;593560.08;0.0872;360;494;Baixo / Alto Risco (<550);19552.06;4656.83;23.82;15;Atraso Curto (1-30d);Risco Moderado (C/D);29678.0
CTR-50325;2024-11-06;CLI-10075;Cliente_10075;BA;Nordeste;Internet Banking;Financiamento Veicular;123652.86;0.1933;48;764;Excelente (750-850);33522.9;3718.8;11.09;0;Em Dia;Baixo Risco (A/B);0.0
CTR-50326;2023-01-21;CLI-10076;Cliente_10076;PR;Sul;Internet Banking;Cartão de Crédito rotativo;10033.68;0.4675;24;459;Baixo / Alto Risco (<550);28879.15;651.08;2.25;95;Inadimplente / NPL (>90d);Inadimplência / Loss (G/H);8026.94
CTR-50327;2023-04-03;CLI-10077;Cliente_10077;BA;Nordeste;App Mobile;Financiamento Veicular;56304.84;0.1896;60;561;Médio (550-649);19457.92;1459.34;7.5;35;Atraso Crítico (31-90d);Alto Risco (E/F);14076.21
CTR-50328;2023-03-24;CLI-10078;Cliente_10078;GO;Centro-Oeste;Internet Banking;Financiamento Veicular;172986.93;0.1458;12;766;Excelente (750-850);26828.59;15579.25;58.07;15;Atraso Curto (1-30d);Risco Moderado (C/D);8649.35
CTR-50329;2024-06-09;CLI-10079;Cliente_10079;PE;Nordeste;Correspondente Bancário;Financiamento Veicular;45939.04;0.1537;36;471;Baixo / Alto Risco (<550);33627.37;1600.83;4.76;120;Inadimplente / NPL (>90d);Inadimplência / Loss (G/H);36751.23
CTR-50330;2025-07-19;CLI-10080;Cliente_10080;ES;Sudeste;App Mobile;Empréstimo Empresarial PJ;77130.98;0.1961;60;599;Médio (550-649);33115.82;2026.8;6.12;0;Em Dia;Baixo Risco (A/B);0.0
CTR-50331;2024-03-07;CLI-10081;Cliente_10081;BA;Nordeste;Agência Física;Financiamento Imobiliário;784770.59;0.1232;12;753;Excelente (750-850);6062.51;69843.45;1152.06;45;Atraso Crítico (31-90d);Alto Risco (E/F);196192.65
CTR-50332;2025-05-01;CLI-10082;Cliente_10082;RS;Sul;Internet Banking;Crédito Pessoal;34603.76;0.393;36;420;Baixo / Alto Risco (<550);7748.08;1650.69;21.3;95;Inadimplente / NPL (>90d);Inadimplência / Loss (G/H);27683.01
CTR-50333;2023-08-28;CLI-10083;Cliente_10083;ES;Sudeste;Correspondente Bancário;Empréstimo Empresarial PJ;457554.06;0.1371;60;332;Baixo / Alto Risco (<550);31505.41;10577.82;33.57;45;Atraso Crítico (31-90d);Alto Risco (E/F);114388.51
CTR-50334;2023-06-06;CLI-10084;Cliente_10084;SP;Sudeste;Correspondente Bancário;Financiamento Imobiliário;180840.64;0.0986;72;592;Médio (550-649);17514.86;3337.47;19.06;10;Atraso Curto (1-30d);Risco Moderado (C/D);9042.03
CTR-50335;2024-03-30;CLI-10085;Cliente_10085;ES;Sudeste;Correspondente Bancário;Crédito Pessoal;16672.65;0.2342;36;627;Médio (550-649);29782.87;649.05;2.18;0;Em Dia;Baixo Risco (A/B);0.0
CTR-50336;2023-07-28;CLI-10086;Cliente_10086;ES;Sudeste;Internet Banking;Financiamento Imobiliário;336012.3;0.1193;120;808;Excelente (750-850);4161.74;4807.21;115.51;45;Atraso Crítico (31-90d);Alto Risco (E/F);84003.07
CTR-50337;2024-05-03;CLI-10087;Cliente_10087;PE;Nordeste;Agência Física;Empréstimo Empresarial PJ;273062.88;0.2339;60;603;Médio (550-649);4569.82;7759.08;169.79;45;Atraso Crítico (31-90d);Alto Risco (E/F);68265.72
CTR-50338;2023-08-21;CLI-10088;Cliente_10088;GO;Centro-Oeste;Correspondente Bancário;Cartão de Crédito rotativo;9718.45;0.5418;12;762;Excelente (750-850);3883.44;1066.7;27.47;0;Em Dia;Baixo Risco (A/B);0.0
CTR-50339;2023-05-09;CLI-10089;Cliente_10089;PE;Nordeste;Correspondente Bancário;Empréstimo Empresarial PJ;58794.59;0.1666;24;651;Bom (650-749);16823.53;2897.34;17.22;0;Em Dia;Baixo Risco (A/B);0.0
CTR-50340;2025-03-07;CLI-10090;Cliente_10090;GO;Centro-Oeste;App Mobile;Financiamento Veicular;57662.27;0.2306;36;388;Baixo / Alto Risco (<550);31397.74;2233.89;7.11;120;Inadimplente / NPL (>90d);Inadimplência / Loss (G/H);46129.82
CTR-50341;2023-07-05;CLI-10091;Cliente_10091;ES;Sudeste;Internet Banking;Financiamento Imobiliário;169759.72;0.1124;24;762;Excelente (750-850);15542.11;7931.06;51.03;45;Atraso Crítico (31-90d);Alto Risco (E/F);42439.93
CTR-50342;2023-10-19;CLI-10092;Cliente_10092;GO;Centro-Oeste;App Mobile;Cartão de Crédito rotativo;1313.79;0.8198;36;385;Baixo / Alto Risco (<550);31673.04;98.92;0.31;45;Atraso Crítico (31-90d);Alto Risco (E/F);328.45
CTR-50343;2025-06-22;CLI-10093;Cliente_10093;SC;Sul;App Mobile;Financiamento Veicular;98159.69;0.2615;24;622;Médio (550-649);7559.47;5295.74;70.05;15;Atraso Curto (1-30d);Risco Moderado (C/D);4907.98
CTR-50344;2024-09-21;CLI-10094;Cliente_10094;ES;Sudeste;Agência Física;Crédito Pessoal;26097.79;0.2364;12;732;Bom (650-749);24421.24;2463.25;10.09;0;Em Dia;Baixo Risco (A/B);0.0
CTR-50345;2024-06-10;CLI-10095;Cliente_10095;CE;Nordeste;Agência Física;Empréstimo Empresarial PJ;272904.97;0.2222;12;658;Bom (650-749);19917.04;25571.28;128.39;95;Inadimplente / NPL (>90d);Inadimplência / Loss (G/H);218323.98
CTR-50346;2023-05-19;CLI-10096;Cliente_10096;BA;Nordeste;App Mobile;Financiamento Veicular;159717.14;0.2778;24;737;Bom (650-749);24808.62;8748.74;35.26;5;Atraso Curto (1-30d);Risco Moderado (C/D);7985.86
CTR-50347;2023-11-07;CLI-10097;Cliente_10097;RJ;Sudeste;Agência Física;Empréstimo Empresarial PJ;208930.94;0.2483;36;540;Baixo / Alto Risco (<550);4741.41;8288.28;174.81;0;Em Dia;Baixo Risco (A/B);0.0
CTR-50348;2023-06-10;CLI-10098;Cliente_10098;PE;Nordeste;Internet Banking;Financiamento Imobiliário;499211.67;0.1221;360;700;Bom (650-749);17905.8;5215.79;29.13;0;Em Dia;Baixo Risco (A/B);0.0
CTR-50349;2025-01-20;CLI-10099;Cliente_10099;SC;Sul;Internet Banking;Crédito Pessoal;18048.9;0.4045;48;682;Bom (650-749);34556.91;763.99;2.21;0;Em Dia;Baixo Risco (A/B);0.0
CTR-50350;2024-10-19;CLI-10100;Cliente_10100;PE;Nordeste;Correspondente Bancário;Empréstimo Empresarial PJ;84298.22;0.2404;60;540;Baixo / Alto Risco (<550);18545.01;2427.05;13.09;0;Em Dia;Baixo Risco (A/B);0.0
CTR-50351;2024-12-09;CLI-10101;Cliente_10101;BA;Nordeste;Agência Física;Crédito Pessoal;17476.68;0.3172;12;437;Baixo / Alto Risco (<550);8994.9;1718.57;19.11;45;Atraso Crítico (31-90d);Alto Risco (E/F);4369.17
CTR-50352;2023-02-07;CLI-10102;Cliente_10102;PR;Sul;Internet Banking;Financiamento Imobiliário;693746.44;0.1194;24;721;Bom (650-749);25376.27;32637.62;128.61;15;Atraso Curto (1-30d);Risco Moderado (C/D);34687.32
CTR-50353;2023-07-31;CLI-10103;Cliente_10103;MG;Sudeste;Internet Banking;Financiamento Imobiliário;523304.56;0.1006;60;630;Médio (550-649);13244.77;11134.13;84.06;45;Atraso Crítico (31-90d);Alto Risco (E/F);130826.14
CTR-50354;2025-02-27;CLI-10104;Cliente_10104;MG;Sudeste;Correspondente Bancário;Financiamento Imobiliário;225634.37;0.1333;60;543;Baixo / Alto Risco (<550);34373.51;5172.07;15.05;35;Atraso Crítico (31-90d);Alto Risco (E/F);56408.59
CTR-50355;2023-04-22;CLI-10105;Cliente_10105;BA;Nordeste;Internet Banking;Crédito Pessoal;11377.19;0.3369;36;612;Médio (550-649);4726.0;506.26;10.71;35;Atraso Crítico (31-90d);Alto Risco (E/F);2844.3
CTR-50356;2023-04-27;CLI-10106;Cliente_10106;MG;Sudeste;Agência Física;Empréstimo Empresarial PJ;81440.98;0.1504;60;372;Baixo / Alto Risco (<550);25669.67;1939.19;7.55;0;Em Dia;Baixo Risco (A/B);0.0
CTR-50357;2024-06-14;CLI-10107;Cliente_10107;SC;Sul;App Mobile;Crédito Pessoal;18807.78;0.2716;48;485;Baixo / Alto Risco (<550);22241.04;646.48;2.91;15;Atraso Curto (1-30d);Risco Moderado (C/D);940.39
CTR-50358;2024-12-08;CLI-10108;Cliente_10108;GO;Centro-Oeste;App Mobile;Financiamento Imobiliário;832765.07;0.0887;360;598;Médio (550-649);22908.95;6622.87;28.91;0;Em Dia;Baixo Risco (A/B);0.0
CTR-50359;2024-01-28;CLI-10109;Cliente_10109;SC;Sul;Agência Física;Cartão de Crédito rotativo;6892.6;0.4696;24;656;Bom (650-749);13193.21;448.06;3.4;0;Em Dia;Baixo Risco (A/B);0.0
CTR-50360;2024-01-03;CLI-10110;Cliente_10110;BA;Nordeste;Internet Banking;Financiamento Imobiliário;237931.21;0.1321;72;673;Bom (650-749);10576.15;4802.67;45.41;15;Atraso Curto (1-30d);Risco Moderado (C/D);11896.56
CTR-50361;2024-03-18;CLI-10111;Cliente_10111;RJ;Sudeste;Internet Banking;Crédito Pessoal;4624.79;0.2355;12;757;Excelente (750-850);6887.02;436.31;6.34;0;Em Dia;Baixo Risco (A/B);0.0
CTR-50362;2025-01-11;CLI-10112;Cliente_10112;GO;Centro-Oeste;App Mobile;Financiamento Imobiliário;580698.62;0.1165;60;442;Baixo / Alto Risco (<550);9168.79;12814.85;139.77;15;Atraso Curto (1-30d);Risco Moderado (C/D);29034.93
CTR-50363;2023-02-26;CLI-10113;Cliente_10113;RJ;Sudeste;App Mobile;Cartão de Crédito rotativo;13018.91;0.677;60;566;Médio (550-649);13619.85;762.82;5.6;0;Em Dia;Baixo Risco (A/B);0.0
CTR-50364;2023-05-16;CLI-10114;Cliente_10114;SC;Sul;Correspondente Bancário;Financiamento Veicular;66881.01;0.1458;36;646;Médio (550-649);11336.63;2304.72;20.33;10;Atraso Curto (1-30d);Risco Moderado (C/D);3344.05
CTR-50365;2024-07-18;CLI-10115;Cliente_10115;GO;Centro-Oeste;Internet Banking;Financiamento Veicular;160756.88;0.2297;12;675;Bom (650-749);33240.18;15121.09;45.49;15;Atraso Curto (1-30d);Risco Moderado (C/D);8037.84
CTR-50366;2023-12-21;CLI-10116;Cliente_10116;RS;Sul;Correspondente Bancário;Crédito Pessoal;29554.76;0.2499;24;407;Baixo / Alto Risco (<550);22134.53;1577.23;7.13;15;Atraso Curto (1-30d);Risco Moderado (C/D);1477.74
CTR-50367;2023-07-31;CLI-10117;Cliente_10117;PE;Nordeste;Agência Física;Empréstimo Empresarial PJ;253646.43;0.2129;36;672;Bom (650-749);18467.31;9593.96;51.95;120;Inadimplente / NPL (>90d);Inadimplência / Loss (G/H);202917.14
CTR-50368;2025-04-26;CLI-10118;Cliente_10118;SP;Sudeste;Internet Banking;Crédito Pessoal;16120.9;0.2147;60;719;Bom (650-749);3244.96;440.4;13.57;0;Em Dia;Baixo Risco (A/B);0.0
CTR-50369;2024-05-05;CLI-10119;Cliente_10119;RJ;Sudeste;Agência Física;Financiamento Veicular;37132.74;0.1705;36;600;Médio (550-649);4172.24;1324.81;31.75;10;Atraso Curto (1-30d);Risco Moderado (C/D);1856.64
CTR-50370;2023-10-14;CLI-10120;Cliente_10120;PE;Nordeste;Internet Banking;Cartão de Crédito rotativo;19184.93;0.6996;36;391;Baixo / Alto Risco (<550);8432.75;1285.67;15.25;0;Em Dia;Baixo Risco (A/B);0.0
CTR-50371;2024-10-13;CLI-10121;Cliente_10121;CE;Nordeste;Correspondente Bancário;Empréstimo Empresarial PJ;312114.39;0.1884;36;781;Excelente (750-850);10917.76;11415.64;104.56;120;Inadimplente / NPL (>90d);Inadimplência / Loss (G/H);249691.51
CTR-50372;2024-12-19;CLI-10122;Cliente_10122;GO;Centro-Oeste;Correspondente Bancário;Crédito Pessoal;29579.11;0.1894;24;702;Bom (650-749);29983.61;1490.18;4.97;0;Em Dia;Baixo Risco (A/B);0.0
CTR-50373;2025-01-31;CLI-10123;Cliente_10123;RS;Sul;Internet Banking;Crédito Pessoal;22436.92;0.2415;12;528;Baixo / Alto Risco (<550);27034.61;2123.26;7.85;0;Em Dia;Baixo Risco (A/B);0.0
CTR-50374;2023-10-03;CLI-10124;Cliente_10124;SP;Sudeste;Correspondente Bancário;Crédito Pessoal;17979.27;0.33;12;768;Excelente (750-850);3708.53;1779.39;47.98;45;Atraso Crítico (31-90d);Alto Risco (E/F);4494.82
CTR-50375;2023-12-20;CLI-10125;Cliente_10125;CE;Nordeste;Agência Física;Crédito Pessoal;14693.48;0.1974;60;402;Baixo / Alto Risco (<550);19991.89;387.16;1.94;95;Inadimplente / NPL (>90d);Inadimplência / Loss (G/H);11754.78
CTR-50376;2023-05-25;CLI-10126;Cliente_10126;MG;Sudeste;Correspondente Bancário;Financiamento Veicular;72315.95;0.2335;12;561;Médio (550-649);24937.48;6815.44;27.33;10;Atraso Curto (1-30d);Risco Moderado (C/D);3615.8
CTR-50377;2023-11-04;CLI-10127;Cliente_10127;ES;Sudeste;Correspondente Bancário;Financiamento Veicular;107639.29;0.2252;12;584;Médio (550-649);10015.45;10101.39;100.86;15;Atraso Curto (1-30d);Risco Moderado (C/D);5381.96
CTR-50378;2025-08-31;CLI-10128;Cliente_10128;RS;Sul;Internet Banking;Cartão de Crédito rotativo;3981.01;0.7279;48;335;Baixo / Alto Risco (<550);4060.11;256.68;6.32;45;Atraso Crítico (31-90d);Alto Risco (E/F);995.25
CTR-50379;2024-07-22;CLI-10129;Cliente_10129;RJ;Sudeste;Correspondente Bancário;Financiamento Veicular;168480.99;0.2442;36;746;Bom (650-749);4712.67;6647.2;141.05;15;Atraso Curto (1-30d);Risco Moderado (C/D);8424.05
CTR-50380;2024-11-20;CLI-10130;Cliente_10130;CE;Nordeste;App Mobile;Empréstimo Empresarial PJ;160875.09;0.143;36;504;Baixo / Alto Risco (<550);25595.62;5521.8;21.57;90;Atraso Crítico (31-90d);Alto Risco (E/F);40218.77
CTR-50381;2023-09-14;CLI-10131;Cliente_10131;SP;Sudeste;App Mobile;Cartão de Crédito rotativo;2235.98;0.6759;36;492;Baixo / Alto Risco (<550);21676.2;146.29;0.67;45;Atraso Crítico (31-90d);Alto Risco (E/F);559.0
CTR-50382;2023-05-29;CLI-10132;Cliente_10132;SC;Sul;App Mobile;Crédito Pessoal;33663.6;0.4134;36;784;Excelente (750-850);21763.6;1645.99;7.56;5;Atraso Curto (1-30d);Risco Moderado (C/D);1683.18
CTR-50383;2024-04-21;CLI-10133;Cliente_10133;BA;Nordeste;Agência Física;Financiamento Imobiliário;295398.37;0.1132;48;631;Médio (550-649);18301.51;7680.71;41.97;0;Em Dia;Baixo Risco (A/B);0.0
CTR-50384;2024-05-26;CLI-10134;Cliente_10134;PR;Sul;App Mobile;Cartão de Crédito rotativo;15268.84;0.7785;48;727;Bom (650-749);31685.11;1041.54;3.29;0;Em Dia;Baixo Risco (A/B);0.0
CTR-50385;2025-07-25;CLI-10135;Cliente_10135;RS;Sul;Correspondente Bancário;Crédito Pessoal;20734.37;0.1844;12;739;Bom (650-749);17565.05;1905.27;10.85;0;Em Dia;Baixo Risco (A/B);0.0
CTR-50386;2025-05-04;CLI-10136;Cliente_10136;MG;Sudeste;Internet Banking;Crédito Pessoal;9502.53;0.3146;48;690;Bom (650-749);6743.87;350.26;5.19;0;Em Dia;Baixo Risco (A/B);0.0
CTR-50387;2025-05-09;CLI-10137;Cliente_10137;SC;Sul;Agência Física;Crédito Pessoal;10478.56;0.3806;36;336;Baixo / Alto Risco (<550);22799.25;492.33;2.16;15;Atraso Curto (1-30d);Risco Moderado (C/D);523.93
CTR-50388;2023-06-15;CLI-10138;Cliente_10138;SP;Sudeste;App Mobile;Empréstimo Empresarial PJ;243023.7;0.231;12;461;Baixo / Alto Risco (<550);32059.25;22874.51;71.35;15;Atraso Curto (1-30d);Risco Moderado (C/D);12151.19
CTR-50389;2025-05-17;CLI-10139;Cliente_10139;ES;Sudeste;App Mobile;Crédito Pessoal;2642.74;0.4191;48;669;Bom (650-749);21705.35;114.3;0.53;0;Em Dia;Baixo Risco (A/B);0.0
CTR-50390;2024-06-07;CLI-10140;Cliente_10140;BA;Nordeste;Correspondente Bancário;Crédito Pessoal;18372.07;0.2999;24;407;Baixo / Alto Risco (<550);5028.47;1027.14;20.43;120;Inadimplente / NPL (>90d);Inadimplência / Loss (G/H);14697.66
CTR-50391;2025-05-15;CLI-10141;Cliente_10141;SP;Sudeste;App Mobile;Empréstimo Empresarial PJ;343979.97;0.149;12;632;Médio (550-649);3995.26;31030.82;776.69;45;Atraso Crítico (31-90d);Alto Risco (E/F);85994.99
CTR-50392;2024-12-30;CLI-10142;Cliente_10142;ES;Sudeste;Internet Banking;Financiamento Veicular;162980.71;0.1711;60;699;Bom (650-749);31716.51;4060.14;12.8;0;Em Dia;Baixo Risco (A/B);0.0
CTR-50393;2024-01-25;CLI-10143;Cliente_10143;RJ;Sudeste;Correspondente Bancário;Empréstimo Empresarial PJ;415677.2;0.1747;36;342;Baixo / Alto Risco (<550);11139.74;14917.44;133.91;15;Atraso Curto (1-30d);Risco Moderado (C/D);20783.86
CTR-50394;2023-02-10;CLI-10144;Cliente_10144;GO;Centro-Oeste;App Mobile;Cartão de Crédito rotativo;3437.15;0.6582;36;638;Médio (550-649);34842.24;220.83;0.63;0;Em Dia;Baixo Risco (A/B);0.0
CTR-50395;2025-07-02;CLI-10145;Cliente_10145;SC;Sul;Internet Banking;Crédito Pessoal;7636.81;0.3468;60;456;Baixo / Alto Risco (<550);19387.13;269.47;1.39;15;Atraso Curto (1-30d);Risco Moderado (C/D);381.84
CTR-50396;2024-02-11;CLI-10146;Cliente_10146;SP;Sudeste;Internet Banking;Financiamento Imobiliário;743954.39;0.1169;48;483;Baixo / Alto Risco (<550);7465.38;19478.13;260.91;15;Atraso Curto (1-30d);Risco Moderado (C/D);37197.72
CTR-50397;2024-04-20;CLI-10147;Cliente_10147;ES;Sudeste;Correspondente Bancário;Crédito Pessoal;34961.43;0.4032;60;480;Baixo / Alto Risco (<550);25260.39;1362.25;5.39;45;Atraso Crítico (31-90d);Alto Risco (E/F);8740.36
CTR-50398;2023-06-13;CLI-10148;Cliente_10148;SC;Sul;Internet Banking;Crédito Pessoal;31944.05;0.3491;24;803;Excelente (750-850);4644.88;1867.81;40.21;0;Em Dia;Baixo Risco (A/B);0.0
CTR-50399;2024-06-26;CLI-10149;Cliente_10149;ES;Sudeste;Internet Banking;Financiamento Veicular;118316.55;0.2018;36;707;Bom (650-749);16590.66;4407.93;26.57;0;Em Dia;Baixo Risco (A/B);0.0
CTR-50400;2023-11-14;CLI-10150;Cliente_10150;SP;Sudeste;App Mobile;Empréstimo Empresarial PJ;261695.37;0.1496;48;771;Excelente (750-850);10226.96;7277.87;71.16;0;Em Dia;Baixo Risco (A/B);0.0
CTR-50401;2025-02-13;CLI-10151;Cliente_10151;GO;Centro-Oeste;App Mobile;Financiamento Imobiliário;773444.0;0.1138;60;573;Médio (550-649);19700.75;16963.49;86.11;0;Em Dia;Baixo Risco (A/B);0.0
CTR-50402;2025-07-06;CLI-10152;Cliente_10152;ES;Sudeste;Internet Banking;Cartão de Crédito rotativo;16601.53;0.4609;36;815;Excelente (750-850);5249.38;858.75;16.36;0;Em Dia;Baixo Risco (A/B);0.0
CTR-50403;2024-12-13;CLI-10153;Cliente_10153;MG;Sudeste;App Mobile;Empréstimo Empresarial PJ;236502.06;0.1907;60;761;Excelente (750-850);32031.16;6144.11;19.18;5;Atraso Curto (1-30d);Risco Moderado (C/D);11825.1
CTR-50404;2024-12-12;CLI-10154;Cliente_10154;ES;Sudeste;Correspondente Bancário;Crédito Pessoal;6190.55;0.3739;48;575;Médio (550-649);3794.32;250.27;6.6;10;Atraso Curto (1-30d);Risco Moderado (C/D);309.53
CTR-50405;2024-09-27;CLI-10155;Cliente_10155;SP;Sudeste;Correspondente Bancário;Empréstimo Empresarial PJ;410195.72;0.2336;60;652;Bom (650-749);13653.71;11648.61;85.31;0;Em Dia;Baixo Risco (A/B);0.0
CTR-50406;2023-10-14;CLI-10156;Cliente_10156;SC;Sul;Correspondente Bancário;Financiamento Veicular;78795.4;0.1427;60;684;Bom (650-749);11750.18;1844.48;15.7;0;Em Dia;Baixo Risco (A/B);0.0
CTR-50407;2023-10-28;CLI-10157;Cliente_10157;ES;Sudeste;Agência Física;Financiamento Veicular;150402.91;0.2774;36;445;Baixo / Alto Risco (<550);15609.91;6200.1;39.72;15;Atraso Curto (1-30d);Risco Moderado (C/D);7520.15
CTR-50408;2025-04-06;CLI-10158;Cliente_10158;CE;Nordeste;App Mobile;Financiamento Imobiliário;845689.55;0.0913;360;481;Baixo / Alto Risco (<550);25573.68;6883.86;26.92;15;Atraso Curto (1-30d);Risco Moderado (C/D);42284.48
CTR-50409;2024-08-24;CLI-10159;Cliente_10159;CE;Nordeste;Correspondente Bancário;Empréstimo Empresarial PJ;155213.32;0.1767;12;733;Bom (650-749);6851.46;14205.59;207.34;120;Inadimplente / NPL (>90d);Inadimplência / Loss (G/H);124170.66
CTR-50410;2025-08-10;CLI-10160;Cliente_10160;ES;Sudeste;Internet Banking;Crédito Pessoal;12923.43;0.3912;24;543;Baixo / Alto Risco (<550);17723.58;784.63;4.43;90;Atraso Crítico (31-90d);Alto Risco (E/F);3230.86
CTR-50411;2023-11-11;CLI-10161;Cliente_10161;MG;Sudeste;Internet Banking;Cartão de Crédito rotativo;4682.21;0.731;12;686;Bom (650-749);19819.39;561.29;2.83;5;Atraso Curto (1-30d);Risco Moderado (C/D);234.11
CTR-50412;2024-01-23;CLI-10162;Cliente_10162;CE;Nordeste;Correspondente Bancário;Cartão de Crédito rotativo;8646.38;0.763;36;714;Bom (650-749);28810.75;616.81;2.14;0;Em Dia;Baixo Risco (A/B);0.0
CTR-50413;2023-11-05;CLI-10163;Cliente_10163;PE;Nordeste;Correspondente Bancário;Financiamento Veicular;165260.59;0.2495;60;548;Baixo / Alto Risco (<550);14754.46;4845.77;32.84;10;Atraso Curto (1-30d);Risco Moderado (C/D);8263.03
CTR-50414;2024-10-08;CLI-10164;Cliente_10164;SP;Sudeste;Internet Banking;Cartão de Crédito rotativo;3852.46;0.8028;24;775;Excelente (750-850);30105.84;326.8;1.09;0;Em Dia;Baixo Risco (A/B);0.0
CTR-50415;2025-04-12;CLI-10165;Cliente_10165;DF;Centro-Oeste;Agência Física;Financiamento Veicular;157944.29;0.1468;48;602;Médio (550-649);14334.57;4370.13;30.49;10;Atraso Curto (1-30d);Risco Moderado (C/D);7897.21
CTR-50416;2023-05-29;CLI-10166;Cliente_10166;SC;Sul;Agência Física;Empréstimo Empresarial PJ;198753.01;0.2357;24;441;Baixo / Alto Risco (<550);27857.54;10465.68;37.57;0;Em Dia;Baixo Risco (A/B);0.0
CTR-50417;2023-01-30;CLI-10167;Cliente_10167;SC;Sul;App Mobile;Empréstimo Empresarial PJ;257571.65;0.1683;24;493;Baixo / Alto Risco (<550);3668.65;12713.9;346.56;15;Atraso Curto (1-30d);Risco Moderado (C/D);12878.58
CTR-50418;2024-07-11;CLI-10168;Cliente_10168;ES;Sudeste;App Mobile;Financiamento Veicular;156403.61;0.1604;48;545;Baixo / Alto Risco (<550);3496.39;4435.73;126.87;15;Atraso Curto (1-30d);Risco Moderado (C/D);7820.18
CTR-50419;2025-02-11;CLI-10169;Cliente_10169;SC;Sul;Correspondente Bancário;Cartão de Crédito rotativo;4161.5;0.7152;48;541;Baixo / Alto Risco (<550);30174.22;264.45;0.88;35;Atraso Crítico (31-90d);Alto Risco (E/F);1040.38
CTR-50420;2024-05-25;CLI-10170;Cliente_10170;DF;Centro-Oeste;Agência Física;Cartão de Crédito rotativo;18759.64;0.4869;48;512;Baixo / Alto Risco (<550);6176.44;893.62;14.47;10;Atraso Curto (1-30d);Risco Moderado (C/D);937.98
CTR-50421;2023-11-23;CLI-10171;Cliente_10171;RS;Sul;Internet Banking;Financiamento Veicular;26297.66;0.2553;36;392;Baixo / Alto Risco (<550);23104.35;1052.98;4.56;95;Inadimplente / NPL (>90d);Inadimplência / Loss (G/H);21038.13
CTR-50422;2024-02-01;CLI-10172;Cliente_10172;RJ;Sudeste;App Mobile;Cartão de Crédito rotativo;6068.33;0.7355;24;686;Bom (650-749);33444.09;489.3;1.46;20;Atraso Curto (1-30d);Risco Moderado (C/D);303.42
CTR-50423;2025-05-30;CLI-10173;Cliente_10173;ES;Sudeste;Internet Banking;Financiamento Veicular;30640.35;0.2697;48;696;Bom (650-749);18327.8;1049.9;5.73;0;Em Dia;Baixo Risco (A/B);0.0
CTR-50424;2023-12-30;CLI-10174;Cliente_10174;MG;Sudeste;Agência Física;Crédito Pessoal;23362.04;0.3279;60;681;Bom (650-749);22218.17;796.36;3.58;0;Em Dia;Baixo Risco (A/B);0.0
CTR-50425;2023-03-14;CLI-10175;Cliente_10175;RJ;Sudeste;Correspondente Bancário;Financiamento Veicular;50489.88;0.1618;36;686;Bom (650-749);10167.28;1779.56;17.5;0;Em Dia;Baixo Risco (A/B);0.0
CTR-50426;2023-03-25;CLI-10176;Cliente_10176;PE;Nordeste;App Mobile;Crédito Pessoal;16272.45;0.1898;36;572;Médio (550-649);11235.97;596.32;5.31;10;Atraso Curto (1-30d);Risco Moderado (C/D);813.62
CTR-50427;2025-08-06;CLI-10177;Cliente_10177;RS;Sul;Internet Banking;Financiamento Veicular;117364.58;0.2108;48;489;Baixo / Alto Risco (<550);15229.38;3639.33;23.9;0;Em Dia;Baixo Risco (A/B);0.0
CTR-50428;2024-07-09;CLI-10178;Cliente_10178;GO;Centro-Oeste;Correspondente Bancário;Financiamento Veicular;126636.74;0.1918;48;522;Baixo / Alto Risco (<550);29107.39;3798.49;13.05;90;Atraso Crítico (31-90d);Alto Risco (E/F);31659.19
CTR-50429;2025-07-17;CLI-10179;Cliente_10179;SP;Sudeste;Correspondente Bancário;Financiamento Imobiliário;884901.57;0.0917;72;439;Baixo / Alto Risco (<550);3027.31;16025.59;529.37;95;Inadimplente / NPL (>90d);Inadimplência / Loss (G/H);707921.26
CTR-50430;2024-08-04;CLI-10180;Cliente_10180;BA;Nordeste;App Mobile;Financiamento Veicular;76948.04;0.235;36;751;Excelente (750-850);11362.65;2998.73;26.39;0;Em Dia;Baixo Risco (A/B);0.0
CTR-50431;2025-06-16;CLI-10181;Cliente_10181;PR;Sul;App Mobile;Crédito Pessoal;33601.93;0.3535;12;524;Baixo / Alto Risco (<550);7841.39;3364.81;42.91;0;Em Dia;Baixo Risco (A/B);0.0
CTR-50432;2025-01-09;CLI-10182;Cliente_10182;RJ;Sudeste;Correspondente Bancário;Crédito Pessoal;32680.58;0.3641;48;437;Baixo / Alto Risco (<550);33281.07;1301.59;3.91;15;Atraso Curto (1-30d);Risco Moderado (C/D);1634.03
CTR-50433;2023-08-29;CLI-10183;Cliente_10183;PE;Nordeste;Agência Física;Crédito Pessoal;8671.72;0.235;36;551;Médio (550-649);18289.32;337.94;1.85;0;Em Dia;Baixo Risco (A/B);0.0
CTR-50434;2025-05-06;CLI-10184;Cliente_10184;MG;Sudeste;App Mobile;Financiamento Imobiliário;705734.06;0.1165;48;481;Baixo / Alto Risco (<550);8448.28;18463.64;218.55;0;Em Dia;Baixo Risco (A/B);0.0
CTR-50435;2024-04-21;CLI-10185;Cliente_10185;ES;Sudeste;Internet Banking;Financiamento Imobiliário;491263.28;0.1133;360;464;Baixo / Alto Risco (<550);7815.66;4801.32;61.43;15;Atraso Curto (1-30d);Risco Moderado (C/D);24563.16
CTR-50436;2023-06-03;CLI-10186;Cliente_10186;MG;Sudeste;Agência Física;Financiamento Imobiliário;565016.41;0.0977;72;406;Baixo / Alto Risco (<550);18478.54;10401.99;56.29;0;Em Dia;Baixo Risco (A/B);0.0
CTR-50437;2023-08-11;CLI-10187;Cliente_10187;BA;Nordeste;App Mobile;Cartão de Crédito rotativo;18192.26;0.6151;12;634;Médio (550-649);3287.43;2067.14;62.88;15;Atraso Curto (1-30d);Risco Moderado (C/D);909.61
CTR-50438;2024-11-16;CLI-10188;Cliente_10188;SP;Sudeste;Correspondente Bancário;Financiamento Imobiliário;763279.46;0.0893;24;843;Excelente (750-850);18529.99;34845.72;188.05;45;Atraso Crítico (31-90d);Alto Risco (E/F);190819.86
CTR-50439;2024-09-07;CLI-10189;Cliente_10189;PE;Nordeste;Correspondente Bancário;Financiamento Veicular;173783.78;0.2133;36;358;Baixo / Alto Risco (<550);29828.91;6576.8;22.05;45;Atraso Crítico (31-90d);Alto Risco (E/F);43445.94
CTR-50440;2023-06-07;CLI-10190;Cliente_10190;BA;Nordeste;Agência Física;Financiamento Veicular;128022.44;0.1478;12;343;Baixo / Alto Risco (<550);32051.9;11541.8;36.01;45;Atraso Crítico (31-90d);Alto Risco (E/F);32005.61
CTR-50441;2023-07-28;CLI-10191;Cliente_10191;MG;Sudeste;Correspondente Bancário;Financiamento Veicular;110016.45;0.2229;36;838;Excelente (750-850);23506.7;4218.1;17.94;0;Em Dia;Baixo Risco (A/B);0.0
CTR-50442;2024-04-24;CLI-10192;Cliente_10192;GO;Centro-Oeste;Internet Banking;Financiamento Veicular;176576.82;0.2445;48;534;Baixo / Alto Risco (<550);12680.57;5800.74;45.75;45;Atraso Crítico (31-90d);Alto Risco (E/F);44144.21
CTR-50443;2023-03-24;CLI-10193;Cliente_10193;PE;Nordeste;Correspondente Bancário;Empréstimo Empresarial PJ;482930.07;0.1314;24;340;Baixo / Alto Risco (<550);33388.22;22991.15;68.86;15;Atraso Curto (1-30d);Risco Moderado (C/D);24146.5
CTR-50444;2023-06-28;CLI-10194;Cliente_10194;PR;Sul;Agência Física;Financiamento Imobiliário;762982.53;0.104;24;449;Baixo / Alto Risco (<550);17924.68;35348.8;197.21;15;Atraso Curto (1-30d);Risco Moderado (C/D);38149.13
CTR-50445;2025-06-23;CLI-10195;Cliente_10195;DF;Centro-Oeste;App Mobile;Financiamento Imobiliário;453709.63;0.1218;24;671;Bom (650-749);7838.92;21395.85;272.94;15;Atraso Curto (1-30d);Risco Moderado (C/D);22685.48
CTR-50446;2024-01-18;CLI-10196;Cliente_10196;SP;Sudeste;Internet Banking;Empréstimo Empresarial PJ;492573.86;0.197;12;676;Bom (650-749);12933.5;45558.64;352.25;120;Inadimplente / NPL (>90d);Inadimplência / Loss (G/H);394059.09
CTR-50447;2023-08-30;CLI-10197;Cliente_10197;MG;Sudeste;Correspondente Bancário;Cartão de Crédito rotativo;9960.97;0.5426;12;465;Baixo / Alto Risco (<550);5105.21;1093.74;21.42;0;Em Dia;Baixo Risco (A/B);0.0
CTR-50448;2025-04-30;CLI-10198;Cliente_10198;SP;Sudeste;Correspondente Bancário;Empréstimo Empresarial PJ;81134.31;0.1961;36;590;Médio (550-649);16992.04;2999.14;17.65;90;Atraso Crítico (31-90d);Alto Risco (E/F);20283.58
CTR-50449;2023-08-12;CLI-10199;Cliente_10199;PE;Nordeste;Correspondente Bancário;Empréstimo Empresarial PJ;497743.11;0.242;60;480;Baixo / Alto Risco (<550);21574.72;14376.9;66.64;45;Atraso Crítico (31-90d);Alto Risco (E/F);124435.78
CTR-50450;2023-10-16;CLI-10200;Cliente_10200;BA;Nordeste;Internet Banking;Financiamento Imobiliário;191588.72;0.1009;36;615;Médio (550-649);16272.8;6190.13;38.04;0;Em Dia;Baixo Risco (A/B);0.0
CTR-50451;2024-02-13;CLI-10201;Cliente_10201;BA;Nordeste;App Mobile;Cartão de Crédito rotativo;15141.31;0.814;36;539;Baixo / Alto Risco (<550);13696.97;1133.85;8.28;10;Atraso Curto (1-30d);Risco Moderado (C/D);757.07
CTR-50452;2024-05-26;CLI-10202;Cliente_10202;GO;Centro-Oeste;App Mobile;Crédito Pessoal;5195.33;0.446;60;535;Baixo / Alto Risco (<550);5772.78;217.44;3.77;10;Atraso Curto (1-30d);Risco Moderado (C/D);259.77
CTR-50453;2023-03-09;CLI-10203;Cliente_10203;PR;Sul;App Mobile;Financiamento Veicular;106639.47;0.1553;36;745;Bom (650-749);8500.73;3724.43;43.81;0;Em Dia;Baixo Risco (A/B);0.0
CTR-50454;2025-02-03;CLI-10204;Cliente_10204;SC;Sul;App Mobile;Financiamento Imobiliário;828641.74;0.1252;36;777;Excelente (750-850);27483.16;27729.02;100.89;15;Atraso Curto (1-30d);Risco Moderado (C/D);41432.09
CTR-50455;2023-03-27;CLI-10205;Cliente_10205;GO;Centro-Oeste;App Mobile;Crédito Pessoal;6398.24;0.3262;36;832;Excelente (750-850);31242.15;280.88;0.9;0;Em Dia;Baixo Risco (A/B);0.0
CTR-50456;2023-08-27;CLI-10206;Cliente_10206;DF;Centro-Oeste;Agência Física;Cartão de Crédito rotativo;9182.57;0.7229;48;715;Bom (650-749);20102.22;588.69;2.93;0;Em Dia;Baixo Risco (A/B);0.0
CTR-50457;2024-10-15;CLI-10207;Cliente_10207;PR;Sul;Correspondente Bancário;Financiamento Veicular;42759.47;0.1415;36;679;Bom (650-749);10259.12;1464.53;14.28;0;Em Dia;Baixo Risco (A/B);0.0
CTR-50458;2024-06-09;CLI-10208;Cliente_10208;BA;Nordeste;Correspondente Bancário;Empréstimo Empresarial PJ;462083.66;0.2356;12;326;Baixo / Alto Risco (<550);27955.58;43596.11;155.95;45;Atraso Crítico (31-90d);Alto Risco (E/F);115520.91
CTR-50459;2024-02-18;CLI-10209;Cliente_10209;DF;Centro-Oeste;App Mobile;Financiamento Imobiliário;902769.58;0.1184;36;721;Bom (650-749);31497.14;29915.93;94.98;45;Atraso Crítico (31-90d);Alto Risco (E/F);225692.39
CTR-50460;2023-08-06;CLI-10210;Cliente_10210;DF;Centro-Oeste;Internet Banking;Financiamento Veicular;112884.29;0.1682;48;620;Médio (550-649);13525.98;3246.78;24.0;90;Atraso Crítico (31-90d);Alto Risco (E/F);28221.07
CTR-50461;2023-11-26;CLI-10211;Cliente_10211;BA;Nordeste;Correspondente Bancário;Financiamento Imobiliário;511211.57;0.0973;24;638;Médio (550-649);27524.54;23526.16;85.47;120;Inadimplente / NPL (>90d);Inadimplência / Loss (G/H);408969.26
CTR-50462;2024-09-23;CLI-10212;Cliente_10212;GO;Centro-Oeste;Correspondente Bancário;Financiamento Imobiliário;262172.86;0.1094;24;636;Médio (550-649);3132.04;12212.01;389.91;15;Atraso Curto (1-30d);Risco Moderado (C/D);13108.64
CTR-50463;2024-09-11;CLI-10213;Cliente_10213;RS;Sul;Agência Física;Financiamento Imobiliário;301469.29;0.1148;60;700;Bom (650-749);24289.8;6627.07;27.28;0;Em Dia;Baixo Risco (A/B);0.0
CTR-50464;2024-04-09;CLI-10214;Cliente_10214;DF;Centro-Oeste;Internet Banking;Empréstimo Empresarial PJ;50182.1;0.2398;12;553;Médio (550-649);9276.93;4744.71;51.15;120;Inadimplente / NPL (>90d);Inadimplência / Loss (G/H);40145.68
CTR-50465;2025-06-13;CLI-10215;Cliente_10215;PE;Nordeste;App Mobile;Financiamento Veicular;30688.53;0.1908;60;487;Baixo / Alto Risco (<550);4132.54;797.43;19.3;45;Atraso Crítico (31-90d);Alto Risco (E/F);7672.13
CTR-50466;2025-08-08;CLI-10216;Cliente_10216;BA;Nordeste;Correspondente Bancário;Financiamento Imobiliário;790654.94;0.112;120;627;Médio (550-649);11436.99;10980.98;96.01;0;Em Dia;Baixo Risco (A/B);0.0
CTR-50467;2023-02-28;CLI-10217;Cliente_10217;MG;Sudeste;Agência Física;Financiamento Imobiliário;728842.76;0.1373;60;577;Médio (550-649);9644.12;16857.05;174.79;45;Atraso Crítico (31-90d);Alto Risco (E/F);182210.69
CTR-50468;2023-10-07;CLI-10218;Cliente_10218;MG;Sudeste;App Mobile;Crédito Pessoal;19653.72;0.4056;36;773;Excelente (750-850);16742.37;951.98;5.69;0;Em Dia;Baixo Risco (A/B);0.0
CTR-50469;2024-03-02;CLI-10219;Cliente_10219;RS;Sul;Correspondente Bancário;Cartão de Crédito rotativo;11259.66;0.5968;36;645;Médio (550-649);12496.33;678.14;5.43;90;Atraso Crítico (31-90d);Alto Risco (E/F);2814.91
CTR-50470;2024-03-29;CLI-10220;Cliente_10220;BA;Nordeste;Internet Banking;Crédito Pessoal;25208.53;0.4301;24;352;Baixo / Alto Risco (<550);10811.16;1583.71;14.65;120;Inadimplente / NPL (>90d);Inadimplência / Loss (G/H);20166.82
CTR-50471;2025-02-08;CLI-10221;Cliente_10221;PR;Sul;App Mobile;Crédito Pessoal;17995.91;0.2011;24;632;Médio (550-649);6214.03;916.88;14.75;0;Em Dia;Baixo Risco (A/B);0.0
CTR-50472;2024-01-12;CLI-10222;Cliente_10222;MG;Sudeste;App Mobile;Financiamento Veicular;84933.22;0.2788;12;823;Excelente (750-850);12029.29;8191.58;68.1;15;Atraso Curto (1-30d);Risco Moderado (C/D);4246.66
CTR-50473;2024-01-23;CLI-10223;Cliente_10223;MG;Sudeste;Correspondente Bancário;Financiamento Veicular;122266.54;0.2715;36;352;Baixo / Alto Risco (<550);5062.0;5001.4;98.8;45;Atraso Crítico (31-90d);Alto Risco (E/F);30566.63
CTR-50474;2025-05-10;CLI-10224;Cliente_10224;RJ;Sudeste;Correspondente Bancário;Financiamento Imobiliário;480394.41;0.1229;36;637;Médio (550-649);34259.3;16022.59;46.77;15;Atraso Curto (1-30d);Risco Moderado (C/D);24019.72
CTR-50475;2025-02-14;CLI-10225;Cliente_10225;GO;Centro-Oeste;Agência Física;Financiamento Veicular;97473.81;0.1677;24;385;Baixo / Alto Risco (<550);15483.87;4808.56;31.06;15;Atraso Curto (1-30d);Risco Moderado (C/D);4873.69
CTR-50476;2023-11-17;CLI-10226;Cliente_10226;SC;Sul;App Mobile;Empréstimo Empresarial PJ;260485.65;0.1381;48;363;Baixo / Alto Risco (<550);8148.56;7093.35;87.05;45;Atraso Crítico (31-90d);Alto Risco (E/F);65121.41
CTR-50477;2025-01-07;CLI-10227;Cliente_10227;MG;Sudeste;Agência Física;Financiamento Imobiliário;602413.16;0.1313;72;456;Baixo / Alto Risco (<550);34169.89;12134.28;35.51;45;Atraso Crítico (31-90d);Alto Risco (E/F);150603.29
CTR-50478;2025-07-17;CLI-10228;Cliente_10228;MG;Sudeste;Correspondente Bancário;Empréstimo Empresarial PJ;486578.03;0.2137;48;786;Excelente (750-850);34492.64;15164.23;43.96;0;Em Dia;Baixo Risco (A/B);0.0
CTR-50479;2024-07-02;CLI-10229;Cliente_10229;RS;Sul;App Mobile;Financiamento Imobiliário;438136.95;0.1183;72;379;Baixo / Alto Risco (<550);5385.1;8526.98;158.34;120;Inadimplente / NPL (>90d);Inadimplência / Loss (G/H);350509.56
CTR-50480;2023-06-19;CLI-10230;Cliente_10230;ES;Sudeste;Internet Banking;Crédito Pessoal;17266.84;0.3077;36;355;Baixo / Alto Risco (<550);31850.27;740.31;2.32;95;Inadimplente / NPL (>90d);Inadimplência / Loss (G/H);13813.47
CTR-50481;2023-02-19;CLI-10231;Cliente_10231;DF;Centro-Oeste;App Mobile;Cartão de Crédito rotativo;18552.1;0.5159;48;655;Bom (650-749);33922.0;919.51;2.71;5;Atraso Curto (1-30d);Risco Moderado (C/D);927.61
CTR-50482;2024-12-25;CLI-10232;Cliente_10232;ES;Sudeste;App Mobile;Cartão de Crédito rotativo;8618.43;0.5677;24;430;Baixo / Alto Risco (<550);33139.72;608.33;1.84;15;Atraso Curto (1-30d);Risco Moderado (C/D);430.92
CTR-50483;2023-10-30;CLI-10233;Cliente_10233;RS;Sul;Agência Física;Crédito Pessoal;17835.67;0.2802;60;631;Médio (550-649);7424.91;555.54;7.48;0;Em Dia;Baixo Risco (A/B);0.0
CTR-50484;2023-09-19;CLI-10234;Cliente_10234;CE;Nordeste;Agência Física;Crédito Pessoal;34440.14;0.2738;24;471;Baixo / Alto Risco (<550);23455.16;1879.5;8.01;0;Em Dia;Baixo Risco (A/B);0.0
CTR-50485;2025-07-19;CLI-10235;Cliente_10235;PR;Sul;App Mobile;Empréstimo Empresarial PJ;203407.15;0.1721;36;808;Excelente (750-850);17023.69;7273.3;42.72;0;Em Dia;Baixo Risco (A/B);0.0
CTR-50486;2023-12-02;CLI-10236;Cliente_10236;MG;Sudeste;Agência Física;Empréstimo Empresarial PJ;284455.72;0.1849;36;412;Baixo / Alto Risco (<550);10884.34;10353.81;95.13;95;Inadimplente / NPL (>90d);Inadimplência / Loss (G/H);227564.58
CTR-50487;2024-04-01;CLI-10237;Cliente_10237;PE;Nordeste;Correspondente Bancário;Financiamento Imobiliário;629118.72;0.1285;360;846;Excelente (750-850);20255.2;6885.63;33.99;0;Em Dia;Baixo Risco (A/B);0.0
CTR-50488;2025-04-27;CLI-10238;Cliente_10238;PR;Sul;Correspondente Bancário;Financiamento Imobiliário;711383.19;0.1361;36;711;Bom (650-749);7829.63;24178.86;308.81;45;Atraso Crítico (31-90d);Alto Risco (E/F);177845.8
CTR-50489;2023-10-01;CLI-10239;Cliente_10239;PE;Nordeste;Correspondente Bancário;Financiamento Veicular;170975.95;0.2067;24;326;Baixo / Alto Risco (<550);11388.86;8758.02;76.9;15;Atraso Curto (1-30d);Risco Moderado (C/D);8548.8
CTR-50490;2023-09-24;CLI-10240;Cliente_10240;DF;Centro-Oeste;Agência Física;Financiamento Veicular;140882.8;0.173;24;637;Médio (550-649);20331.56;6985.89;34.36;10;Atraso Curto (1-30d);Risco Moderado (C/D);7044.14
CTR-50491;2024-12-15;CLI-10241;Cliente_10241;BA;Nordeste;Correspondente Bancário;Financiamento Imobiliário;702182.43;0.093;36;810;Excelente (750-850);8368.25;22427.38;268.01;15;Atraso Curto (1-30d);Risco Moderado (C/D);35109.12
CTR-50492;2024-07-08;CLI-10242;Cliente_10242;PR;Sul;App Mobile;Financiamento Imobiliário;387229.67;0.0852;24;538;Baixo / Alto Risco (<550);32041.8;17605.33;54.94;120;Inadimplente / NPL (>90d);Inadimplência / Loss (G/H);309783.74
CTR-50493;2023-09-06;CLI-10243;Cliente_10243;ES;Sudeste;Agência Física;Crédito Pessoal;29098.52;0.233;48;736;Bom (650-749);20423.24;937.44;4.59;20;Atraso Curto (1-30d);Risco Moderado (C/D);1454.93
CTR-50494;2024-09-27;CLI-10244;Cliente_10244;SC;Sul;Correspondente Bancário;Empréstimo Empresarial PJ;276385.39;0.1782;24;612;Médio (550-649);22658.02;13774.27;60.79;120;Inadimplente / NPL (>90d);Inadimplência / Loss (G/H);221108.31
CTR-50495;2024-10-28;CLI-10245;Cliente_10245;PR;Sul;Internet Banking;Crédito Pessoal;9909.76;0.2289;12;633;Médio (550-649);5310.81;931.75;17.54;35;Atraso Crítico (31-90d);Alto Risco (E/F);2477.44
CTR-50496;2024-02-02;CLI-10246;Cliente_10246;DF;Centro-Oeste;Agência Física;Crédito Pessoal;12868.79;0.2659;12;361;Baixo / Alto Risco (<550);33581.4;1233.05;3.67;45;Atraso Crítico (31-90d);Alto Risco (E/F);3217.2
CTR-50497;2023-06-09;CLI-10247;Cliente_10247;GO;Centro-Oeste;Correspondente Bancário;Empréstimo Empresarial PJ;235726.15;0.1408;48;690;Bom (650-749);7821.73;6451.03;82.48;120;Inadimplente / NPL (>90d);Inadimplência / Loss (G/H);188580.92
CTR-50498;2025-08-26;CLI-10248;Cliente_10248;CE;Nordeste;App Mobile;Crédito Pessoal;5125.37;0.184;12;624;Médio (550-649);12007.67;470.87;3.92;10;Atraso Curto (1-30d);Risco Moderado (C/D);256.27
CTR-50499;2023-07-15;CLI-10249;Cliente_10249;CE;Nordeste;App Mobile;Empréstimo Empresarial PJ;178322.4;0.2156;12;662;Bom (650-749);30276.46;16652.24;55.0;45;Atraso Crítico (31-90d);Alto Risco (E/F);44580.6
CTR-50500;2024-01-26;CLI-10250;Cliente_10250;CE;Nordeste;Agência Física;Financiamento Veicular;119891.36;0.202;36;541;Baixo / Alto Risco (<550);30290.97;4467.82;14.75;10;Atraso Curto (1-30d);Risco Moderado (C/D);5994.57
CTR-50501;2025-03-31;CLI-10001;Cliente_10001;GO;Centro-Oeste;App Mobile;Financiamento Veicular;133041.0;0.1668;24;621;Médio (550-649);13006.54;6557.41;50.42;45;Atraso Crítico (31-90d);Alto Risco (E/F);33260.25
CTR-50502;2024-01-31;CLI-10002;Cliente_10002;SC;Sul;Correspondente Bancário;Financiamento Veicular;97599.75;0.2302;12;627;Médio (550-649);5568.08;9182.77;164.92;15;Atraso Curto (1-30d);Risco Moderado (C/D);4879.99
CTR-50503;2023-07-01;CLI-10003;Cliente_10003;RJ;Sudeste;Agência Física;Financiamento Veicular;101404.43;0.236;24;397;Baixo / Alto Risco (<550);17292.42;5341.14;30.89;120;Inadimplente / NPL (>90d);Inadimplência / Loss (G/H);81123.54
CTR-50504;2023-01-21;CLI-10004;Cliente_10004;MG;Sudeste;Correspondente Bancário;Financiamento Veicular;82325.93;0.1797;48;750;Excelente (750-850);3184.16;2417.03;75.91;15;Atraso Curto (1-30d);Risco Moderado (C/D);4116.3
CTR-50505;2023-10-07;CLI-10005;Cliente_10005;SP;Sudeste;Correspondente Bancário;Financiamento Veicular;147892.93;0.2157;48;747;Bom (650-749);34849.16;4625.07;13.27;5;Atraso Curto (1-30d);Risco Moderado (C/D);7394.65
CTR-50506;2023-11-07;CLI-10006;Cliente_10006;BA;Nordeste;Internet Banking;Financiamento Imobiliário;165684.97;0.136;48;765;Excelente (750-850);22131.43;4494.41;20.31;0;Em Dia;Baixo Risco (A/B);0.0
CTR-50507;2023-11-02;CLI-10007;Cliente_10007;BA;Nordeste;App Mobile;Crédito Pessoal;7499.89;0.229;48;383;Baixo / Alto Risco (<550);15878.51;239.97;1.51;95;Inadimplente / NPL (>90d);Inadimplência / Loss (G/H);5999.91
CTR-50508;2023-10-23;CLI-10008;Cliente_10008;DF;Centro-Oeste;Agência Física;Financiamento Veicular;118461.66;0.2206;36;729;Bom (650-749);17468.5;4527.78;25.92;0;Em Dia;Baixo Risco (A/B);0.0
CTR-50509;2023-10-20;CLI-10009;Cliente_10009;RS;Sul;Internet Banking;Crédito Pessoal;15183.73;0.3727;24;567;Médio (550-649);11343.83;906.81;7.99;10;Atraso Curto (1-30d);Risco Moderado (C/D);759.19
CTR-50510;2023-07-24;CLI-10010;Cliente_10010;PR;Sul;Agência Física;Cartão de Crédito rotativo;14788.02;0.4778;60;496;Baixo / Alto Risco (<550);8162.7;651.39;7.98;0;Em Dia;Baixo Risco (A/B);0.0
CTR-50511;2024-07-15;CLI-10011;Cliente_10011;SC;Sul;Agência Física;Financiamento Veicular;107602.2;0.2043;12;706;Bom (650-749);21808.2;9989.83;45.81;120;Inadimplente / NPL (>90d);Inadimplência / Loss (G/H);86081.76
CTR-50512;2023-09-10;CLI-10012;Cliente_10012;ES;Sudeste;Correspondente Bancário;Cartão de Crédito rotativo;10785.12;0.6678;12;346;Baixo / Alto Risco (<550);28440.73;1255.92;4.42;15;Atraso Curto (1-30d);Risco Moderado (C/D);539.26
CTR-50513;2024-07-08;CLI-10013;Cliente_10013;PR;Sul;Internet Banking;Empréstimo Empresarial PJ;427066.71;0.1978;24;749;Bom (650-749);18296.49;21690.03;118.55;45;Atraso Crítico (31-90d);Alto Risco (E/F);106766.68
CTR-50514;2023-06-02;CLI-10014;Cliente_10014;PE;Nordeste;Internet Banking;Financiamento Veicular;32412.19;0.2265;24;673;Bom (650-749);33090.74;1691.91;5.11;5;Atraso Curto (1-30d);Risco Moderado (C/D);1620.61
CTR-50515;2024-07-23;CLI-10015;Cliente_10015;SP;Sudeste;App Mobile;Empréstimo Empresarial PJ;269694.4;0.1219;60;733;Bom (650-749);19211.4;6025.13;31.36;0;Em Dia;Baixo Risco (A/B);0.0
CTR-50516;2023-02-13;CLI-10016;Cliente_10016;PR;Sul;App Mobile;Crédito Pessoal;17551.03;0.3739;12;760;Excelente (750-850);31879.55;1775.43;5.57;0;Em Dia;Baixo Risco (A/B);0.0
CTR-50517;2023-01-27;CLI-10017;Cliente_10017;SC;Sul;Agência Física;Empréstimo Empresarial PJ;375538.29;0.2147;12;492;Baixo / Alto Risco (<550);3034.78;35052.55;1155.03;0;Em Dia;Baixo Risco (A/B);0.0
CTR-50518;2025-08-09;CLI-10018;Cliente_10018;BA;Nordeste;Internet Banking;Financiamento Imobiliário;351249.41;0.1045;360;658;Bom (650-749);7725.52;3199.89;41.42;20;Atraso Curto (1-30d);Risco Moderado (C/D);17562.47
CTR-50519;2024-02-29;CLI-10019;Cliente_10019;CE;Nordeste;Agência Física;Cartão de Crédito rotativo;13516.04;0.7242;36;557;Médio (550-649);10784.33;928.29;8.61;0;Em Dia;Baixo Risco (A/B);0.0
CTR-50520;2025-05-25;CLI-10020;Cliente_10020;DF;Centro-Oeste;Internet Banking;Cartão de Crédito rotativo;10340.85;0.7912;60;437;Baixo / Alto Risco (<550);11837.21;696.92;5.89;45;Atraso Crítico (31-90d);Alto Risco (E/F);2585.21
CTR-50521;2023-07-19;CLI-10021;Cliente_10021;CE;Nordeste;Correspondente Bancário;Financiamento Imobiliário;776269.53;0.138;24;367;Baixo / Alto Risco (<550);32294.66;37197.64;115.18;95;Inadimplente / NPL (>90d);Inadimplência / Loss (G/H);621015.62
CTR-50522;2025-02-21;CLI-10022;Cliente_10022;DF;Centro-Oeste;Internet Banking;Crédito Pessoal;20111.81;0.2763;60;401;Baixo / Alto Risco (<550);28487.11;621.72;2.18;15;Atraso Curto (1-30d);Risco Moderado (C/D);1005.59
CTR-50523;2025-05-05;CLI-10023;Cliente_10023;RJ;Sudeste;Agência Física;Crédito Pessoal;14732.44;0.3329;60;626;Médio (550-649);17586.17;506.84;2.88;0;Em Dia;Baixo Risco (A/B);0.0
CTR-50524;2024-01-23;CLI-10024;Cliente_10024;ES;Sudeste;Internet Banking;Financiamento Veicular;116612.21;0.156;36;466;Baixo / Alto Risco (<550);30440.42;4076.75;13.39;95;Inadimplente / NPL (>90d);Inadimplência / Loss (G/H);93289.77
CTR-50525;2024-03-22;CLI-10025;Cliente_10025;PR;Sul;Internet Banking;Cartão de Crédito rotativo;2311.24;0.8275;48;368;Baixo / Alto Risco (<550);3636.46;166.15;4.57;45;Atraso Crítico (31-90d);Alto Risco (E/F);577.81
CTR-50526;2023-01-12;CLI-10026;Cliente_10026;MG;Sudeste;Correspondente Bancário;Cartão de Crédito rotativo;8181.66;0.8086;24;421;Baixo / Alto Risco (<550);15247.4;697.04;4.57;0;Em Dia;Baixo Risco (A/B);0.0
CTR-50527;2023-08-05;CLI-10027;Cliente_10027;GO;Centro-Oeste;Agência Física;Cartão de Crédito rotativo;15880.82;0.7893;60;397;Baixo / Alto Risco (<550);33678.13;1067.93;3.17;120;Inadimplente / NPL (>90d);Inadimplência / Loss (G/H);12704.66
CTR-50528;2024-04-15;CLI-10028;Cliente_10028;RS;Sul;Internet Banking;Financiamento Veicular;75922.24;0.2683;36;399;Baixo / Alto Risco (<550);21895.19;3092.62;14.12;15;Atraso Curto (1-30d);Risco Moderado (C/D);3796.11
CTR-50529;2025-03-14;CLI-10029;Cliente_10029;PR;Sul;Agência Física;Empréstimo Empresarial PJ;392305.23;0.233;36;549;Baixo / Alto Risco (<550);25585.72;15247.44;59.59;0;Em Dia;Baixo Risco (A/B);0.0
CTR-50530;2023-10-11;CLI-10030;Cliente_10030;PR;Sul;App Mobile;Empréstimo Empresarial PJ;182600.33;0.1529;12;660;Bom (650-749);22997.2;16506.2;71.77;95;Inadimplente / NPL (>90d);Inadimplência / Loss (G/H);146080.26
CTR-50531;2023-03-08;CLI-10031;Cliente_10031;RJ;Sudeste;Internet Banking;Financiamento Imobiliário;292327.31;0.1101;60;686;Bom (650-749);16104.78;6357.36;39.47;5;Atraso Curto (1-30d);Risco Moderado (C/D);14616.37
CTR-50532;2024-01-31;CLI-10032;Cliente_10032;RJ;Sudeste;Internet Banking;Financiamento Veicular;97360.47;0.2454;60;684;Bom (650-749);9745.16;2831.46;29.06;0;Em Dia;Baixo Risco (A/B);0.0
CTR-50533;2024-11-22;CLI-10033;Cliente_10033;PR;Sul;Correspondente Bancário;Financiamento Veicular;101171.01;0.155;36;801;Excelente (750-850);31492.83;3531.95;11.22;0;Em Dia;Baixo Risco (A/B);0.0
CTR-50534;2024-05-18;CLI-10034;Cliente_10034;DF;Centro-Oeste;App Mobile;Financiamento Imobiliário;755299.36;0.1049;72;800;Excelente (750-850);22781.04;14179.91;62.24;0;Em Dia;Baixo Risco (A/B);0.0
CTR-50535;2025-06-21;CLI-10035;Cliente_10035;BA;Nordeste;Internet Banking;Financiamento Imobiliário;483452.88;0.1354;24;416;Baixo / Alto Risco (<550);5738.47;23107.05;402.67;95;Inadimplente / NPL (>90d);Inadimplência / Loss (G/H);386762.3
CTR-50536;2023-02-10;CLI-10036;Cliente_10036;CE;Nordeste;Agência Física;Empréstimo Empresarial PJ;485635.85;0.1601;12;730;Bom (650-749);22594.48;44064.46;195.02;45;Atraso Crítico (31-90d);Alto Risco (E/F);121408.96
CTR-50537;2024-09-12;CLI-10037;Cliente_10037;PR;Sul;Correspondente Bancário;Financiamento Imobiliário;502697.24;0.1303;48;848;Excelente (750-850);26946.66;13493.59;50.08;45;Atraso Crítico (31-90d);Alto Risco (E/F);125674.31
CTR-50538;2025-04-23;CLI-10038;Cliente_10038;RS;Sul;Internet Banking;Cartão de Crédito rotativo;19646.77;0.5586;48;435;Baixo / Alto Risco (<550);27471.7;1030.6;3.75;0;Em Dia;Baixo Risco (A/B);0.0
CTR-50539;2024-12-26;CLI-10039;Cliente_10039;MG;Sudeste;Agência Física;Financiamento Imobiliário;374809.88;0.0934;120;486;Baixo / Alto Risco (<550);11582.1;4817.17;41.59;15;Atraso Curto (1-30d);Risco Moderado (C/D);18740.49
CTR-50540;2024-05-03;CLI-10040;Cliente_10040;ES;Sudeste;Agência Física;Financiamento Veicular;176046.9;0.245;12;658;Bom (650-749);6317.51;16689.55;264.18;45;Atraso Crítico (31-90d);Alto Risco (E/F);44011.72
CTR-50541;2025-08-26;CLI-10041;Cliente_10041;DF;Centro-Oeste;App Mobile;Financiamento Veicular;38328.7;0.1963;36;320;Baixo / Alto Risco (<550);31837.16;1417.22;4.45;0;Em Dia;Baixo Risco (A/B);0.0
CTR-50542;2024-07-21;CLI-10042;Cliente_10042;RS;Sul;Agência Física;Empréstimo Empresarial PJ;82022.48;0.1619;48;430;Baixo / Alto Risco (<550);22739.24;2332.53;10.26;0;Em Dia;Baixo Risco (A/B);0.0
CTR-50543;2023-10-12;CLI-10043;Cliente_10043;ES;Sudeste;App Mobile;Empréstimo Empresarial PJ;243531.42;0.2302;60;567;Médio (550-649);27828.25;6868.06;24.68;10;Atraso Curto (1-30d);Risco Moderado (C/D);12176.57
CTR-50544;2025-05-19;CLI-10044;Cliente_10044;BA;Nordeste;Correspondente Bancário;Cartão de Crédito rotativo;1628.28;0.8415;48;741;Bom (650-749);25839.52;118.77;0.46;0;Em Dia;Baixo Risco (A/B);0.0
CTR-50545;2025-01-23;CLI-10045;Cliente_10045;DF;Centro-Oeste;Internet Banking;Crédito Pessoal;26553.52;0.363;36;499;Baixo / Alto Risco (<550);15880.59;1220.79;7.69;15;Atraso Curto (1-30d);Risco Moderado (C/D);1327.68
CTR-50546;2023-05-11;CLI-10046;Cliente_10046;SP;Sudeste;Correspondente Bancário;Cartão de Crédito rotativo;6019.75;0.8061;24;683;Bom (650-749);15163.34;511.91;3.38;0;Em Dia;Baixo Risco (A/B);0.0
CTR-50547;2025-08-24;CLI-10047;Cliente_10047;RS;Sul;Correspondente Bancário;Financiamento Veicular;93973.74;0.1679;60;447;Baixo / Alto Risco (<550);16428.1;2324.89;14.15;120;Inadimplente / NPL (>90d);Inadimplência / Loss (G/H);75178.99
CTR-50548;2023-02-28;CLI-10048;Cliente_10048;RJ;Sudeste;Agência Física;Cartão de Crédito rotativo;3471.83;0.641;48;729;Bom (650-749);22703.54;202.08;0.89;5;Atraso Curto (1-30d);Risco Moderado (C/D);173.59
CTR-50549;2024-07-28;CLI-10049;Cliente_10049;RS;Sul;Agência Física;Financiamento Veicular;78896.65;0.2312;12;486;Baixo / Alto Risco (<550);18183.43;7426.88;40.84;95;Inadimplente / NPL (>90d);Inadimplência / Loss (G/H);63117.32
CTR-50550;2025-01-17;CLI-10050;Cliente_10050;BA;Nordeste;Correspondente Bancário;Financiamento Imobiliário;190691.81;0.1004;12;695;Bom (650-749);18726.61;16768.39;89.54;0;Em Dia;Baixo Risco (A/B);0.0
CTR-50551;2023-09-11;CLI-10051;Cliente_10051;GO;Centro-Oeste;App Mobile;Empréstimo Empresarial PJ;137221.71;0.248;48;724;Bom (650-749);14463.62;4534.58;31.35;0;Em Dia;Baixo Risco (A/B);0.0
CTR-50552;2024-03-01;CLI-10052;Cliente_10052;SP;Sudeste;Agência Física;Empréstimo Empresarial PJ;242781.91;0.1384;48;467;Baixo / Alto Risco (<550);18371.48;6614.9;36.01;45;Atraso Crítico (31-90d);Alto Risco (E/F);60695.48
CTR-50553;2025-01-14;CLI-10053;Cliente_10053;BA;Nordeste;Correspondente Bancário;Cartão de Crédito rotativo;12468.78;0.6327;12;560;Médio (550-649);7596.08;1428.5;18.81;0;Em Dia;Baixo Risco (A/B);0.0
CTR-50554;2025-05-15;CLI-10054;Cliente_10054;PE;Nordeste;Agência Física;Cartão de Crédito rotativo;13889.92;0.7564;60;466;Baixo / Alto Risco (<550);7492.33;898.47;11.99;45;Atraso Crítico (31-90d);Alto Risco (E/F);3472.48
CTR-50555;2025-07-12;CLI-10055;Cliente_10055;ES;Sudeste;Internet Banking;Financiamento Imobiliário;249790.67;0.1301;24;638;Médio (550-649);12123.93;11876.68;97.96;0;Em Dia;Baixo Risco (A/B);0.0
CTR-50556;2023-02-21;CLI-10056;Cliente_10056;GO;Centro-Oeste;Internet Banking;Crédito Pessoal;32621.92;0.4023;60;415;Baixo / Alto Risco (<550);23630.54;1269.14;5.37;0;Em Dia;Baixo Risco (A/B);0.0
CTR-50557;2025-06-15;CLI-10057;Cliente_10057;SC;Sul;Internet Banking;Cartão de Crédito rotativo;8452.82;0.5497;24;452;Baixo / Alto Risco (<550);18884.16;587.85;3.11;15;Atraso Curto (1-30d);Risco Moderado (C/D);422.64
CTR-50558;2024-04-29;CLI-10058;Cliente_10058;ES;Sudeste;Internet Banking;Financiamento Imobiliário;590406.89;0.119;72;721;Bom (650-749);33667.9;11511.89;34.19;0;Em Dia;Baixo Risco (A/B);0.0
CTR-50559;2025-01-05;CLI-10059;Cliente_10059;RS;Sul;App Mobile;Crédito Pessoal;8070.32;0.4046;24;495;Baixo / Alto Risco (<550);30155.03;495.81;1.64;15;Atraso Curto (1-30d);Risco Moderado (C/D);403.52
CTR-50560;2024-04-12;CLI-10060;Cliente_10060;GO;Centro-Oeste;Internet Banking;Empréstimo Empresarial PJ;239131.65;0.1322;24;690;Bom (650-749);16951.68;11393.48;67.21;15;Atraso Curto (1-30d);Risco Moderado (C/D);11956.58
CTR-50561;2023-07-12;CLI-10061;Cliente_10061;ES;Sudeste;Agência Física;Financiamento Imobiliário;653494.96;0.1361;60;502;Baixo / Alto Risco (<550);22580.42;15073.88;66.76;0;Em Dia;Baixo Risco (A/B);0.0
CTR-50562;2023-07-08;CLI-10062;Cliente_10062;PE;Nordeste;Internet Banking;Cartão de Crédito rotativo;5512.38;0.5287;12;754;Excelente (750-850);29672.22;601.27;2.03;0;Em Dia;Baixo Risco (A/B);0.0
CTR-50563;2023-02-25;CLI-10063;Cliente_10063;MG;Sudeste;Correspondente Bancário;Cartão de Crédito rotativo;8638.14;0.6664;48;568;Médio (550-649);14497.82;518.43;3.58;0;Em Dia;Baixo Risco (A/B);0.0
CTR-50564;2023-10-09;CLI-10064;Cliente_10064;CE;Nordeste;App Mobile;Financiamento Imobiliário;674063.92;0.1226;72;729;Bom (650-749);5040.47;13269.39;263.26;15;Atraso Curto (1-30d);Risco Moderado (C/D);33703.2
CTR-50565;2023-08-17;CLI-10065;Cliente_10065;PR;Sul;Agência Física;Crédito Pessoal;21368.02;0.3477;48;626;Médio (550-649);15906.54;829.77;5.22;35;Atraso Crítico (31-90d);Alto Risco (E/F);5342.01
CTR-50566;2024-12-25;CLI-10066;Cliente_10066;ES;Sudeste;App Mobile;Cartão de Crédito rotativo;6260.23;0.6143;48;368;Baixo / Alto Risco (<550);11818.89;352.57;2.98;45;Atraso Crítico (31-90d);Alto Risco (E/F);1565.06
CTR-50567;2024-11-16;CLI-10067;Cliente_10067;ES;Sudeste;Correspondente Bancário;Cartão de Crédito rotativo;13603.13;0.8377;60;594;Médio (550-649);23955.88;966.47;4.03;10;Atraso Curto (1-30d);Risco Moderado (C/D);680.16
CTR-50568;2023-08-18;CLI-10068;Cliente_10068;RS;Sul;App Mobile;Financiamento Veicular;67331.83;0.173;24;585;Médio (550-649);24516.37;3338.75;13.62;10;Atraso Curto (1-30d);Risco Moderado (C/D);3366.59
CTR-50569;2024-11-30;CLI-10069;Cliente_10069;RJ;Sudeste;Correspondente Bancário;Financiamento Imobiliário;861831.43;0.0894;360;554;Médio (550-649);22340.52;6897.32;30.87;10;Atraso Curto (1-30d);Risco Moderado (C/D);43091.57
CTR-50570;2025-02-21;CLI-10070;Cliente_10070;BA;Nordeste;Agência Física;Financiamento Imobiliário;439606.62;0.1378;60;698;Bom (650-749);30887.02;10178.81;32.95;0;Em Dia;Baixo Risco (A/B);0.0
CTR-50571;2024-11-15;CLI-10071;Cliente_10071;DF;Centro-Oeste;Internet Banking;Cartão de Crédito rotativo;2394.71;0.5817;60;754;Excelente (750-850);30474.57;123.29;0.4;0;Em Dia;Baixo Risco (A/B);0.0
CTR-50572;2024-04-20;CLI-10072;Cliente_10072;GO;Centro-Oeste;App Mobile;Financiamento Imobiliário;748498.75;0.1358;60;593;Médio (550-649);7235.53;17253.71;238.46;15;Atraso Curto (1-30d);Risco Moderado (C/D);37424.94
CTR-50573;2025-03-05;CLI-10073;Cliente_10073;ES;Sudeste;App Mobile;Cartão de Crédito rotativo;10415.18;0.7416;36;764;Excelente (750-850);26971.38;727.68;2.7;0;Em Dia;Baixo Risco (A/B);0.0
CTR-50574;2024-06-27;CLI-10074;Cliente_10074;SC;Sul;Correspondente Bancário;Empréstimo Empresarial PJ;209252.72;0.1775;48;635;Médio (550-649);4370.86;6119.5;140.01;95;Inadimplente / NPL (>90d);Inadimplência / Loss (G/H);167402.18
CTR-50575;2024-09-06;CLI-10075;Cliente_10075;SP;Sudeste;Correspondente Bancário;Cartão de Crédito rotativo;19201.19;0.806;12;528;Baixo / Alto Risco (<550);32832.6;2381.09;7.25;0;Em Dia;Baixo Risco (A/B);0.0
CTR-50576;2024-11-20;CLI-10076;Cliente_10076;RS;Sul;Correspondente Bancário;Financiamento Veicular;44572.74;0.2272;12;401;Baixo / Alto Risco (<550);26966.84;4187.22;15.53;45;Atraso Crítico (31-90d);Alto Risco (E/F);11143.18
CTR-50577;2024-08-02;CLI-10077;Cliente_10077;ES;Sudeste;App Mobile;Financiamento Veicular;51466.3;0.2062;12;359;Baixo / Alto Risco (<550);24128.39;4782.84;19.82;15;Atraso Curto (1-30d);Risco Moderado (C/D);2573.32
CTR-50578;2023-09-20;CLI-10078;Cliente_10078;BA;Nordeste;Correspondente Bancário;Crédito Pessoal;28444.23;0.2104;24;456;Baixo / Alto Risco (<550);10135.45;1462.18;14.43;0;Em Dia;Baixo Risco (A/B);0.0
CTR-50579;2025-03-08;CLI-10079;Cliente_10079;DF;Centro-Oeste;Agência Física;Empréstimo Empresarial PJ;225043.44;0.1548;48;416;Baixo / Alto Risco (<550);14040.53;6318.02;45.0;45;Atraso Crítico (31-90d);Alto Risco (E/F);56260.86
CTR-50580;2025-03-06;CLI-10080;Cliente_10080;BA;Nordeste;App Mobile;Cartão de Crédito rotativo;2224.33;0.5127;48;698;Bom (650-749);24522.04;109.77;0.45;0;Em Dia;Baixo Risco (A/B);0.0
CTR-50581;2023-09-04;CLI-10081;Cliente_10081;RS;Sul;Correspondente Bancário;Empréstimo Empresarial PJ;94169.55;0.2139;12;455;Baixo / Alto Risco (<550);17802.62;8786.12;49.35;0;Em Dia;Baixo Risco (A/B);0.0
CTR-50582;2024-06-20;CLI-10082;Cliente_10082;RJ;Sudeste;App Mobile;Financiamento Veicular;123840.12;0.2044;60;666;Bom (650-749);34486.19;3311.4;9.6;0;Em Dia;Baixo Risco (A/B);0.0
CTR-50583;2024-05-24;CLI-10083;Cliente_10083;MG;Sudeste;Internet Banking;Financiamento Imobiliário;334302.34;0.1018;360;724;Bom (650-749);28935.42;2978.31;10.29;0;Em Dia;Baixo Risco (A/B);0.0
CTR-50584;2024-09-04;CLI-10084;Cliente_10084;BA;Nordeste;Correspondente Bancário;Empréstimo Empresarial PJ;144385.18;0.1223;48;509;Baixo / Alto Risco (<550);23290.58;3818.54;16.4;0;Em Dia;Baixo Risco (A/B);0.0
CTR-50585;2025-05-11;CLI-10085;Cliente_10085;BA;Nordeste;Correspondente Bancário;Empréstimo Empresarial PJ;334987.2;0.1582;48;483;Baixo / Alto Risco (<550);8004.66;9462.78;118.22;15;Atraso Curto (1-30d);Risco Moderado (C/D);16749.36
CTR-50586;2025-03-09;CLI-10086;Cliente_10086;PE;Nordeste;Agência Física;Empréstimo Empresarial PJ;429144.77;0.2257;60;608;Médio (550-649);6265.8;11992.01;191.39;95;Inadimplente / NPL (>90d);Inadimplência / Loss (G/H);343315.82
CTR-50587;2023-08-23;CLI-10087;Cliente_10087;BA;Nordeste;Internet Banking;Empréstimo Empresarial PJ;76560.34;0.1586;60;755;Excelente (750-850);10629.84;1856.11;17.46;0;Em Dia;Baixo Risco (A/B);0.0
CTR-50588;2025-04-03;CLI-10088;Cliente_10088;CE;Nordeste;Agência Física;Financiamento Veicular;128878.13;0.2392;12;613;Médio (550-649);22891.85;12181.67;53.21;0;Em Dia;Baixo Risco (A/B);0.0
CTR-50589;2025-04-27;CLI-10089;Cliente_10089;SC;Sul;App Mobile;Financiamento Veicular;56609.53;0.263;48;730;Bom (650-749);5462.55;1918.29;35.12;5;Atraso Curto (1-30d);Risco Moderado (C/D);2830.48
CTR-50590;2023-09-03;CLI-10090;Cliente_10090;PE;Nordeste;App Mobile;Crédito Pessoal;2421.45;0.4472;60;485;Baixo / Alto Risco (<550);9564.18;101.54;1.06;45;Atraso Crítico (31-90d);Alto Risco (E/F);605.36
CTR-50591;2023-05-08;CLI-10091;Cliente_10091;RJ;Sudeste;Internet Banking;Cartão de Crédito rotativo;19814.3;0.5874;24;841;Excelente (750-850);22280.81;1421.33;6.38;0;Em Dia;Baixo Risco (A/B);0.0
CTR-50592;2024-10-28;CLI-10092;Cliente_10092;BA;Nordeste;Internet Banking;Financiamento Imobiliário;151518.93;0.1227;120;681;Bom (650-749);13164.94;2197.57;16.69;0;Em Dia;Baixo Risco (A/B);0.0
CTR-50593;2023-07-11;CLI-10093;Cliente_10093;RS;Sul;App Mobile;Financiamento Veicular;145609.39;0.2039;48;546;Baixo / Alto Risco (<550);19391.04;4461.26;23.01;90;Atraso Crítico (31-90d);Alto Risco (E/F);36402.35
CTR-50594;2025-06-23;CLI-10094;Cliente_10094;PR;Sul;Correspondente Bancário;Cartão de Crédito rotativo;6368.79;0.7671;48;565;Médio (550-649);4376.48;429.04;9.8;0;Em Dia;Baixo Risco (A/B);0.0
CTR-50595;2023-07-30;CLI-10095;Cliente_10095;MG;Sudeste;App Mobile;Financiamento Veicular;167065.27;0.2454;12;822;Excelente (750-850);31772.44;15841.32;49.86;45;Atraso Crítico (31-90d);Alto Risco (E/F);41766.32
CTR-50596;2023-09-14;CLI-10096;Cliente_10096;BA;Nordeste;Correspondente Bancário;Financiamento Veicular;55151.33;0.1447;24;632;Médio (550-649);15288.07;2660.24;17.4;0;Em Dia;Baixo Risco (A/B);0.0
CTR-50597;2024-12-08;CLI-10097;Cliente_10097;GO;Centro-Oeste;App Mobile;Financiamento Imobiliário;537210.31;0.1309;360;539;Baixo / Alto Risco (<550);9240.93;5980.43;64.72;95;Inadimplente / NPL (>90d);Inadimplência / Loss (G/H);429768.25
CTR-50598;2023-10-15;CLI-10098;Cliente_10098;SP;Sudeste;App Mobile;Cartão de Crédito rotativo;9752.19;0.4804;60;413;Baixo / Alto Risco (<550);25805.59;431.34;1.67;45;Atraso Crítico (31-90d);Alto Risco (E/F);2438.05
CTR-50599;2023-08-17;CLI-10099;Cliente_10099;SC;Sul;Agência Física;Financiamento Imobiliário;732425.4;0.1337;48;791;Excelente (750-850);27354.83;19783.91;72.32;45;Atraso Crítico (31-90d);Alto Risco (E/F);183106.35
CTR-50600;2025-04-30;CLI-10100;Cliente_10100;PR;Sul;Agência Física;Financiamento Imobiliário;507282.03;0.1105;12;799;Excelente (750-850);4935.34;44846.26;908.68;15;Atraso Curto (1-30d);Risco Moderado (C/D);25364.1
CTR-50601;2023-07-17;CLI-10101;Cliente_10101;RJ;Sudeste;Correspondente Bancário;Empréstimo Empresarial PJ;151233.82;0.1495;60;588;Médio (550-649);3020.94;3593.87;118.97;15;Atraso Curto (1-30d);Risco Moderado (C/D);7561.69
CTR-50602;2024-10-14;CLI-10102;Cliente_10102;MG;Sudeste;Agência Física;Financiamento Imobiliário;550086.89;0.1264;60;643;Médio (550-649);31567.99;12415.03;39.33;35;Atraso Crítico (31-90d);Alto Risco (E/F);137521.72
CTR-50603;2024-02-28;CLI-10103;Cliente_10103;GO;Centro-Oeste;Agência Física;Crédito Pessoal;11936.8;0.3823;48;664;Bom (650-749);12554.43;488.76;3.89;0;Em Dia;Baixo Risco (A/B);0.0
CTR-50604;2024-07-27;CLI-10104;Cliente_10104;RS;Sul;Agência Física;Crédito Pessoal;15989.08;0.2154;48;361;Baixo / Alto Risco (<550);4134.76;499.77;12.09;15;Atraso Curto (1-30d);Risco Moderado (C/D);799.45
CTR-50605;2025-03-26;CLI-10105;Cliente_10105;ES;Sudeste;Agência Física;Financiamento Imobiliário;779596.97;0.1045;60;621;Médio (550-649);13865.45;16737.28;120.71;45;Atraso Crítico (31-90d);Alto Risco (E/F);194899.24
CTR-50606;2024-07-17;CLI-10106;Cliente_10106;DF;Centro-Oeste;App Mobile;Cartão de Crédito rotativo;2091.79;0.6229;12;509;Baixo / Alto Risco (<550);27823.13;238.55;0.86;10;Atraso Curto (1-30d);Risco Moderado (C/D);104.59
CTR-50607;2023-01-05;CLI-10107;Cliente_10107;RS;Sul;Agência Física;Financiamento Imobiliário;223275.27;0.1272;48;825;Excelente (750-850);3970.39;5958.93;150.08;95;Inadimplente / NPL (>90d);Inadimplência / Loss (G/H);178620.22
CTR-50608;2025-05-13;CLI-10108;Cliente_10108;BA;Nordeste;Agência Física;Empréstimo Empresarial PJ;409599.94;0.1543;60;681;Bom (650-749);22806.73;9837.05;43.13;0;Em Dia;Baixo Risco (A/B);0.0
CTR-50609;2024-01-04;CLI-10109;Cliente_10109;SP;Sudeste;Correspondente Bancário;Financiamento Imobiliário;829737.51;0.1092;72;482;Baixo / Alto Risco (<550);32475.57;15759.31;48.53;45;Atraso Crítico (31-90d);Alto Risco (E/F);207434.38
CTR-50610;2025-03-04;CLI-10110;Cliente_10110;GO;Centro-Oeste;Correspondente Bancário;Cartão de Crédito rotativo;11275.07;0.6358;12;554;Médio (550-649);12354.94;1293.61;10.47;0;Em Dia;Baixo Risco (A/B);0.0
CTR-50611;2023-03-12;CLI-10111;Cliente_10111;DF;Centro-Oeste;Internet Banking;Financiamento Imobiliário;304910.95;0.1028;48;517;Baixo / Alto Risco (<550);19833.69;7774.39;39.2;0;Em Dia;Baixo Risco (A/B);0.0
CTR-50612;2023-05-28;CLI-10112;Cliente_10112;GO;Centro-Oeste;App Mobile;Empréstimo Empresarial PJ;159480.24;0.1566;12;602;Médio (550-649);13851.29;14444.13;104.28;15;Atraso Curto (1-30d);Risco Moderado (C/D);7974.01
CTR-50613;2023-02-10;CLI-10113;Cliente_10113;PR;Sul;App Mobile;Crédito Pessoal;16031.65;0.2304;60;528;Baixo / Alto Risco (<550);25463.91;452.31;1.78;10;Atraso Curto (1-30d);Risco Moderado (C/D);801.58
CTR-50614;2024-05-22;CLI-10114;Cliente_10114;RS;Sul;Correspondente Bancário;Empréstimo Empresarial PJ;219275.6;0.1312;48;336;Baixo / Alto Risco (<550);7223.52;5895.68;81.62;45;Atraso Crítico (31-90d);Alto Risco (E/F);54818.9
CTR-50615;2023-01-31;CLI-10115;Cliente_10115;PR;Sul;Internet Banking;Financiamento Veicular;135131.18;0.2184;12;811;Excelente (750-850);3186.82;12637.12;396.54;15;Atraso Curto (1-30d);Risco Moderado (C/D);6756.56
CTR-50616;2024-01-16;CLI-10116;Cliente_10116;GO;Centro-Oeste;Agência Física;Financiamento Imobiliário;369777.65;0.125;24;550;Médio (550-649);27174.77;17493.19;64.37;15;Atraso Curto (1-30d);Risco Moderado (C/D);18488.88
CTR-50617;2024-04-24;CLI-10117;Cliente_10117;PR;Sul;Agência Física;Empréstimo Empresarial PJ;294260.69;0.121;48;577;Médio (550-649);16325.65;7763.47;47.55;15;Atraso Curto (1-30d);Risco Moderado (C/D);14713.03
CTR-50618;2023-03-24;CLI-10118;Cliente_10118;PE;Nordeste;Correspondente Bancário;Financiamento Veicular;89402.17;0.2261;60;401;Baixo / Alto Risco (<550);23980.72;2500.3;10.43;120;Inadimplente / NPL (>90d);Inadimplência / Loss (G/H);71521.74
CTR-50619;2025-02-22;CLI-10119;Cliente_10119;CE;Nordeste;Agência Física;Cartão de Crédito rotativo;11720.5;0.6104;48;548;Baixo / Alto Risco (<550);11837.07;656.88;5.55;10;Atraso Curto (1-30d);Risco Moderado (C/D);586.02
CTR-50620;2024-06-02;CLI-10120;Cliente_10120;MG;Sudeste;Agência Física;Crédito Pessoal;25125.36;0.2128;48;574;Médio (550-649);4937.56;781.81;15.83;10;Atraso Curto (1-30d);Risco Moderado (C/D);1256.27
CTR-50621;2024-05-05;CLI-10121;Cliente_10121;DF;Centro-Oeste;App Mobile;Crédito Pessoal;5765.35;0.2502;36;617;Médio (550-649);20581.12;229.29;1.11;10;Atraso Curto (1-30d);Risco Moderado (C/D);288.27
CTR-50622;2024-05-05;CLI-10122;Cliente_10122;GO;Centro-Oeste;Agência Física;Cartão de Crédito rotativo;1726.88;0.6419;60;453;Baixo / Alto Risco (<550);4871.71;96.61;1.98;15;Atraso Curto (1-30d);Risco Moderado (C/D);86.34
CTR-50623;2025-08-01;CLI-10123;Cliente_10123;PR;Sul;App Mobile;Financiamento Imobiliário;202595.14;0.1391;36;621;Médio (550-649);16073.94;6915.37;43.02;35;Atraso Crítico (31-90d);Alto Risco (E/F);50648.79
CTR-50624;2023-12-03;CLI-10124;Cliente_10124;PE;Nordeste;Internet Banking;Cartão de Crédito rotativo;13319.99;0.5342;12;616;Médio (550-649);7305.27;1456.72;19.94;0;Em Dia;Baixo Risco (A/B);0.0
CTR-50625;2023-12-08;CLI-10125;Cliente_10125;SC;Sul;App Mobile;Crédito Pessoal;15334.53;0.2454;60;522;Baixo / Alto Risco (<550);17485.81;445.96;2.55;10;Atraso Curto (1-30d);Risco Moderado (C/D);766.73
CTR-50626;2023-05-11;CLI-10126;Cliente_10126;RS;Sul;App Mobile;Crédito Pessoal;18072.05;0.2343;36;676;Bom (650-749);31646.36;703.62;2.22;0;Em Dia;Baixo Risco (A/B);0.0
CTR-50627;2023-06-29;CLI-10127;Cliente_10127;RS;Sul;Internet Banking;Financiamento Imobiliário;691425.44;0.0989;24;496;Baixo / Alto Risco (<550);34899.84;31870.68;91.32;15;Atraso Curto (1-30d);Risco Moderado (C/D);34571.27
CTR-50628;2024-03-30;CLI-10128;Cliente_10128;RS;Sul;Internet Banking;Empréstimo Empresarial PJ;307634.12;0.1709;36;792;Excelente (750-850);25313.42;10981.78;43.38;0;Em Dia;Baixo Risco (A/B);0.0
CTR-50629;2023-08-27;CLI-10129;Cliente_10129;ES;Sudeste;Agência Física;Financiamento Veicular;30629.15;0.2281;60;658;Bom (650-749);21066.8;860.11;4.08;0;Em Dia;Baixo Risco (A/B);0.0
CTR-50630;2025-02-21;CLI-10130;Cliente_10130;SC;Sul;Correspondente Bancário;Crédito Pessoal;17166.81;0.2465;36;356;Baixo / Alto Risco (<550);26067.15;679.38;2.61;95;Inadimplente / NPL (>90d);Inadimplência / Loss (G/H);13733.45
CTR-50631;2023-06-27;CLI-10131;Cliente_10131;SP;Sudeste;App Mobile;Financiamento Imobiliário;469278.72;0.1137;24;847;Excelente (750-850);13527.01;21952.77;162.29;15;Atraso Curto (1-30d);Risco Moderado (C/D);23463.94
CTR-50632;2024-10-01;CLI-10132;Cliente_10132;GO;Centro-Oeste;Internet Banking;Financiamento Imobiliário;618802.25;0.1032;12;356;Baixo / Alto Risco (<550);33904.1;54494.69;160.73;15;Atraso Curto (1-30d);Risco Moderado (C/D);30940.11
CTR-50633;2025-04-29;CLI-10133;Cliente_10133;MG;Sudeste;Internet Banking;Crédito Pessoal;20441.16;0.4136;36;521;Baixo / Alto Risco (<550);16721.05;999.72;5.98;90;Atraso Crítico (31-90d);Alto Risco (E/F);5110.29
CTR-50634;2023-11-20;CLI-10134;Cliente_10134;MG;Sudeste;App Mobile;Financiamento Imobiliário;648015.97;0.0981;12;796;Excelente (750-850);33397.39;56913.65;170.41;15;Atraso Curto (1-30d);Risco Moderado (C/D);32400.8
CTR-50635;2023-03-18;CLI-10135;Cliente_10135;BA;Nordeste;Correspondente Bancário;Crédito Pessoal;14963.2;0.3883;60;656;Bom (650-749);6531.66;568.27;8.7;0;Em Dia;Baixo Risco (A/B);0.0
CTR-50636;2024-11-20;CLI-10136;Cliente_10136;PE;Nordeste;Internet Banking;Financiamento Veicular;159123.57;0.1683;12;816;Excelente (750-850);23373.02;14499.99;62.04;45;Atraso Crítico (31-90d);Alto Risco (E/F);39780.89
CTR-50637;2025-04-08;CLI-10137;Cliente_10137;RJ;Sudeste;Agência Física;Financiamento Imobiliário;944672.66;0.1258;72;796;Excelente (750-850);16361.54;18754.7;114.63;95;Inadimplente / NPL (>90d);Inadimplência / Loss (G/H);755738.13
CTR-50638;2023-08-02;CLI-10138;Cliente_10138;DF;Centro-Oeste;Internet Banking;Crédito Pessoal;10797.61;0.4033;60;473;Baixo / Alto Risco (<550);9375.37;420.79;4.49;0;Em Dia;Baixo Risco (A/B);0.0
CTR-50639;2025-05-11;CLI-10139;Cliente_10139;PR;Sul;Correspondente Bancário;Financiamento Imobiliário;270042.16;0.0908;72;333;Baixo / Alto Risco (<550);5712.36;4878.38;85.4;120;Inadimplente / NPL (>90d);Inadimplência / Loss (G/H);216033.73
CTR-50640;2023-07-14;CLI-10140;Cliente_10140;SP;Sudeste;Internet Banking;Cartão de Crédito rotativo;1521.84;0.7644;48;407;Baixo / Alto Risco (<550);8060.42;102.22;1.27;95;Inadimplente / NPL (>90d);Inadimplência / Loss (G/H);1217.47
CTR-50641;2024-07-19;CLI-10141;Cliente_10141;DF;Centro-Oeste;App Mobile;Crédito Pessoal;13487.96;0.2706;24;473;Baixo / Alto Risco (<550);3213.29;733.89;22.84;0;Em Dia;Baixo Risco (A/B);0.0
CTR-50642;2025-06-11;CLI-10142;Cliente_10142;MG;Sudeste;App Mobile;Empréstimo Empresarial PJ;450532.09;0.1685;12;611;Médio (550-649);14860.5;41058.6;276.29;95;Inadimplente / NPL (>90d);Inadimplência / Loss (G/H);360425.67
CTR-50643;2023-04-01;CLI-10143;Cliente_10143;PR;Sul;Internet Banking;Empréstimo Empresarial PJ;270854.94;0.1904;36;427;Baixo / Alto Risco (<550);14792.86;9933.94;67.15;120;Inadimplente / NPL (>90d);Inadimplência / Loss (G/H);216683.95
CTR-50644;2025-07-08;CLI-10144;Cliente_10144;SC;Sul;Agência Física;Financiamento Imobiliário;633900.05;0.1395;360;620;Médio (550-649);23682.44;7485.82;31.61;0;Em Dia;Baixo Risco (A/B);0.0
CTR-50645;2025-07-01;CLI-10145;Cliente_10145;RS;Sul;Agência Física;Financiamento Veicular;59553.7;0.1476;36;551;Médio (550-649);28042.97;2057.46;7.34;10;Atraso Curto (1-30d);Risco Moderado (C/D);2977.68
CTR-50646;2024-02-24;CLI-10146;Cliente_10146;SP;Sudeste;App Mobile;Financiamento Imobiliário;906002.6;0.127;12;395;Baixo / Alto Risco (<550);12895.24;80794.22;626.54;0;Em Dia;Baixo Risco (A/B);0.0
CTR-50647;2023-12-23;CLI-10147;Cliente_10147;RJ;Sudeste;Agência Física;Empréstimo Empresarial PJ;346878.76;0.167;24;611;Médio (550-649);10216.35;17100.51;167.38;95;Inadimplente / NPL (>90d);Inadimplência / Loss (G/H);277503.01
CTR-50648;2023-10-04;CLI-10148;Cliente_10148;CE;Nordeste;Correspondente Bancário;Crédito Pessoal;5761.46;0.246;12;631;Médio (550-649);20642.83;546.48;2.65;90;Atraso Crítico (31-90d);Alto Risco (E/F);1440.37
CTR-50649;2025-04-16;CLI-10149;Cliente_10149;PR;Sul;Internet Banking;Financiamento Imobiliário;488412.95;0.0864;48;426;Baixo / Alto Risco (<550);8091.62;12070.86;149.18;120;Inadimplente / NPL (>90d);Inadimplência / Loss (G/H);390730.36
CTR-50650;2025-01-06;CLI-10150;Cliente_10150;PR;Sul;Internet Banking;Financiamento Imobiliário;620014.73;0.1207;36;349;Baixo / Alto Risco (<550);34223.29;20614.1;60.23;15;Atraso Curto (1-30d);Risco Moderado (C/D);31000.74
CTR-50651;2025-07-07;CLI-10151;Cliente_10151;CE;Nordeste;Correspondente Bancário;Cartão de Crédito rotativo;7128.54;0.833;48;347;Baixo / Alto Risco (<550);27415.78;515.4;1.88;15;Atraso Curto (1-30d);Risco Moderado (C/D);356.43
CTR-50652;2024-06-03;CLI-10152;Cliente_10152;RJ;Sudeste;Internet Banking;Empréstimo Empresarial PJ;263410.71;0.2231;48;661;Bom (650-749);17465.44;8343.43;47.77;15;Atraso Curto (1-30d);Risco Moderado (C/D);13170.54
CTR-50653;2025-05-15;CLI-10153;Cliente_10153;BA;Nordeste;Correspondente Bancário;Empréstimo Empresarial PJ;173531.09;0.1214;36;420;Baixo / Alto Risco (<550);32731.43;5775.33;17.64;120;Inadimplente / NPL (>90d);Inadimplência / Loss (G/H);138824.87
CTR-50654;2025-08-15;CLI-10154;Cliente_10154;CE;Nordeste;App Mobile;Crédito Pessoal;34761.01;0.2745;60;401;Baixo / Alto Risco (<550);7557.86;1070.81;14.17;15;Atraso Curto (1-30d);Risco Moderado (C/D);1738.05
CTR-50655;2025-04-05;CLI-10155;Cliente_10155;GO;Centro-Oeste;Agência Física;Financiamento Veicular;133897.62;0.2047;36;841;Excelente (750-850);13139.63;5008.24;38.12;0;Em Dia;Baixo Risco (A/B);0.0
CTR-50656;2024-04-14;CLI-10156;Cliente_10156;RJ;Sudeste;Agência Física;Crédito Pessoal;12588.82;0.2425;24;787;Excelente (750-850);16632.57;667.16;4.01;0;Em Dia;Baixo Risco (A/B);0.0
CTR-50657;2023-07-08;CLI-10157;Cliente_10157;SP;Sudeste;Agência Física;Financiamento Imobiliário;331064.79;0.1107;120;332;Baixo / Alto Risco (<550);4334.14;4573.55;105.52;15;Atraso Curto (1-30d);Risco Moderado (C/D);16553.24
CTR-50658;2025-08-26;CLI-10158;Cliente_10158;PE;Nordeste;App Mobile;Crédito Pessoal;24905.51;0.3847;12;778;Excelente (750-850);23376.98;2532.9;10.84;0;Em Dia;Baixo Risco (A/B);0.0
CTR-50659;2023-07-03;CLI-10159;Cliente_10159;SP;Sudeste;Correspondente Bancário;Cartão de Crédito rotativo;2157.5;0.8159;36;721;Bom (650-749);19939.94;161.85;0.81;0;Em Dia;Baixo Risco (A/B);0.0
CTR-50660;2023-02-05;CLI-10160;Cliente_10160;PR;Sul;Correspondente Bancário;Financiamento Imobiliário;370047.23;0.0854;12;785;Excelente (750-850);28214.75;32282.29;114.42;15;Atraso Curto (1-30d);Risco Moderado (C/D);18502.36
CTR-50661;2023-08-02;CLI-10161;Cliente_10161;SC;Sul;Agência Física;Cartão de Crédito rotativo;5225.59;0.7288;48;802;Excelente (750-850);34260.92;337.27;0.98;5;Atraso Curto (1-30d);Risco Moderado (C/D);261.28
CTR-50662;2024-06-08;CLI-10162;Cliente_10162;DF;Centro-Oeste;App Mobile;Financiamento Veicular;57590.79;0.2495;36;612;Médio (550-649);19587.33;2288.28;11.68;90;Atraso Crítico (31-90d);Alto Risco (E/F);14397.7
CTR-50663;2023-05-31;CLI-10163;Cliente_10163;RS;Sul;Correspondente Bancário;Financiamento Veicular;50076.95;0.2734;48;574;Médio (550-649);27470.07;1726.43;6.28;35;Atraso Crítico (31-90d);Alto Risco (E/F);12519.24
CTR-50664;2023-02-19;CLI-10164;Cliente_10164;PE;Nordeste;App Mobile;Empréstimo Empresarial PJ;112632.89;0.1714;36;776;Excelente (750-850);21722.39;4023.52;18.52;0;Em Dia;Baixo Risco (A/B);0.0
CTR-50665;2025-05-10;CLI-10165;Cliente_10165;CE;Nordeste;Agência Física;Empréstimo Empresarial PJ;261874.65;0.2325;60;456;Baixo / Alto Risco (<550);19449.63;7420.03;38.15;45;Atraso Crítico (31-90d);Alto Risco (E/F);65468.66
CTR-50666;2025-05-16;CLI-10166;Cliente_10166;SC;Sul;Internet Banking;Empréstimo Empresarial PJ;119012.43;0.2073;36;375;Baixo / Alto Risco (<550);34628.3;4467.32;12.9;0;Em Dia;Baixo Risco (A/B);0.0
CTR-50667;2024-01-15;CLI-10167;Cliente_10167;DF;Centro-Oeste;App Mobile;Financiamento Imobiliário;750343.34;0.1365;360;652;Bom (650-749);19963.03;8683.16;43.5;0;Em Dia;Baixo Risco (A/B);0.0
CTR-50668;2024-11-19;CLI-10168;Cliente_10168;GO;Centro-Oeste;App Mobile;Financiamento Imobiliário;441261.15;0.1157;48;368;Baixo / Alto Risco (<550);23292.73;11527.16;49.49;95;Inadimplente / NPL (>90d);Inadimplência / Loss (G/H);353008.92
CTR-50669;2025-01-25;CLI-10169;Cliente_10169;GO;Centro-Oeste;App Mobile;Financiamento Veicular;152528.32;0.2691;12;816;Excelente (750-850);17454.57;14638.68;83.87;0;Em Dia;Baixo Risco (A/B);0.0
CTR-50670;2023-04-10;CLI-10170;Cliente_10170;SC;Sul;Internet Banking;Financiamento Veicular;116822.9;0.1465;12;746;Bom (650-749);9529.45;10524.95;110.45;120;Inadimplente / NPL (>90d);Inadimplência / Loss (G/H);93458.32
CTR-50671;2024-03-07;CLI-10171;Cliente_10171;ES;Sudeste;Correspondente Bancário;Financiamento Imobiliário;622395.49;0.1188;360;327;Baixo / Alto Risco (<550);17563.01;6344.61;36.12;95;Inadimplente / NPL (>90d);Inadimplência / Loss (G/H);497916.39
CTR-50672;2025-04-13;CLI-10172;Cliente_10172;ES;Sudeste;Correspondente Bancário;Cartão de Crédito rotativo;8337.59;0.6092;24;533;Baixo / Alto Risco (<550);11362.57;608.75;5.36;10;Atraso Curto (1-30d);Risco Moderado (C/D);416.88
CTR-50673;2024-06-10;CLI-10173;Cliente_10173;CE;Nordeste;Agência Física;Financiamento Imobiliário;255210.04;0.1265;36;374;Baixo / Alto Risco (<550);8231.0;8556.07;103.95;15;Atraso Curto (1-30d);Risco Moderado (C/D);12760.5
CTR-50674;2025-07-20;CLI-10174;Cliente_10174;CE;Nordeste;Internet Banking;Crédito Pessoal;29895.56;0.4236;36;841;Excelente (750-850);5547.47;1479.74;26.67;0;Em Dia;Baixo Risco (A/B);0.0
CTR-50675;2024-07-16;CLI-10175;Cliente_10175;PR;Sul;Agência Física;Empréstimo Empresarial PJ;72072.39;0.2363;60;771;Excelente (750-850);6722.03;2057.93;30.61;0;Em Dia;Baixo Risco (A/B);0.0
CTR-50676;2023-03-05;CLI-10176;Cliente_10176;CE;Nordeste;Correspondente Bancário;Crédito Pessoal;32113.1;0.2271;60;462;Baixo / Alto Risco (<550);5540.49;899.94;16.24;45;Atraso Crítico (31-90d);Alto Risco (E/F);8028.27
CTR-50677;2024-10-24;CLI-10177;Cliente_10177;CE;Nordeste;App Mobile;Empréstimo Empresarial PJ;432851.66;0.1918;36;709;Bom (650-749);30849.37;15906.04;51.56;15;Atraso Curto (1-30d);Risco Moderado (C/D);21642.58
CTR-50678;2025-07-31;CLI-10178;Cliente_10178;PR;Sul;Internet Banking;Financiamento Veicular;111447.72;0.2416;12;429;Baixo / Alto Risco (<550);7813.82;10547.08;134.98;15;Atraso Curto (1-30d);Risco Moderado (C/D);5572.39
CTR-50679;2023-01-22;CLI-10179;Cliente_10179;RJ;Sudeste;Correspondente Bancário;Empréstimo Empresarial PJ;347568.39;0.21;48;752;Excelente (750-850);5929.88;10762.7;181.5;120;Inadimplente / NPL (>90d);Inadimplência / Loss (G/H);278054.71
CTR-50680;2023-07-31;CLI-10180;Cliente_10180;PE;Nordeste;App Mobile;Empréstimo Empresarial PJ;490752.73;0.1342;60;328;Baixo / Alto Risco (<550);26266.75;11271.93;42.91;95;Inadimplente / NPL (>90d);Inadimplência / Loss (G/H);392602.18
CTR-50681;2024-02-24;CLI-10181;Cliente_10181;PR;Sul;App Mobile;Crédito Pessoal;11049.5;0.2193;24;357;Baixo / Alto Risco (<550);24336.7;572.85;2.35;45;Atraso Crítico (31-90d);Alto Risco (E/F);2762.38
CTR-50682;2025-04-01;CLI-10182;Cliente_10182;CE;Nordeste;Internet Banking;Financiamento Imobiliário;574963.28;0.108;360;458;Baixo / Alto Risco (<550);30973.04;5388.8;17.4;120;Inadimplente / NPL (>90d);Inadimplência / Loss (G/H);459970.62
CTR-50683;2025-05-18;CLI-10183;Cliente_10183;CE;Nordeste;App Mobile;Empréstimo Empresarial PJ;498262.25;0.2051;60;544;Baixo / Alto Risco (<550);32470.25;13342.69;41.09;0;Em Dia;Baixo Risco (A/B);0.0
CTR-50684;2025-08-07;CLI-10184;Cliente_10184;MG;Sudeste;Correspondente Bancário;Cartão de Crédito rotativo;13080.85;0.6528;36;400;Baixo / Alto Risco (<550);27497.27;835.73;3.04;95;Inadimplente / NPL (>90d);Inadimplência / Loss (G/H);10464.68
CTR-50685;2024-06-08;CLI-10185;Cliente_10185;BA;Nordeste;Correspondente Bancário;Financiamento Imobiliário;539267.33;0.1112;360;684;Bom (650-749);12930.92;5184.53;40.09;20;Atraso Curto (1-30d);Risco Moderado (C/D);26963.37
CTR-50686;2023-11-23;CLI-10186;Cliente_10186;SC;Sul;Correspondente Bancário;Crédito Pessoal;34688.87;0.2538;24;841;Excelente (750-850);13808.28;1858.02;13.46;0;Em Dia;Baixo Risco (A/B);0.0
CTR-50687;2025-05-16;CLI-10187;Cliente_10187;PR;Sul;App Mobile;Financiamento Veicular;76094.26;0.1894;60;375;Baixo / Alto Risco (<550);9273.9;1971.42;21.26;15;Atraso Curto (1-30d);Risco Moderado (C/D);3804.71
CTR-50688;2024-04-16;CLI-10188;Cliente_10188;PR;Sul;App Mobile;Crédito Pessoal;8394.74;0.2997;24;463;Baixo / Alto Risco (<550);5256.76;469.24;8.93;15;Atraso Curto (1-30d);Risco Moderado (C/D);419.74
CTR-50689;2024-10-26;CLI-10189;Cliente_10189;PE;Nordeste;Internet Banking;Financiamento Imobiliário;368820.73;0.0874;36;373;Baixo / Alto Risco (<550);12972.73;11683.82;90.06;0;Em Dia;Baixo Risco (A/B);0.0
CTR-50690;2023-02-03;CLI-10190;Cliente_10190;PR;Sul;Correspondente Bancário;Cartão de Crédito rotativo;17454.18;0.4656;60;739;Bom (650-749);3066.47;754.04;24.59;5;Atraso Curto (1-30d);Risco Moderado (C/D);872.71
CTR-50691;2023-05-12;CLI-10191;Cliente_10191;BA;Nordeste;Internet Banking;Financiamento Veicular;166491.25;0.2338;36;582;Médio (550-649);28707.0;6477.85;22.57;0;Em Dia;Baixo Risco (A/B);0.0
CTR-50692;2025-05-17;CLI-10192;Cliente_10192;SP;Sudeste;Agência Física;Crédito Pessoal;22934.92;0.3086;48;536;Baixo / Alto Risco (<550);9924.76;837.31;8.44;10;Atraso Curto (1-30d);Risco Moderado (C/D);1146.75
CTR-50693;2023-03-12;CLI-10193;Cliente_10193;PE;Nordeste;Internet Banking;Crédito Pessoal;2075.97;0.3893;36;786;Excelente (750-850);13125.87;98.58;0.75;5;Atraso Curto (1-30d);Risco Moderado (C/D);103.8
CTR-50694;2024-03-17;CLI-10194;Cliente_10194;BA;Nordeste;Internet Banking;Crédito Pessoal;14219.78;0.2872;12;609;Médio (550-649);34690.82;1377.31;3.97;10;Atraso Curto (1-30d);Risco Moderado (C/D);710.99
CTR-50695;2023-08-12;CLI-10195;Cliente_10195;DF;Centro-Oeste;Agência Física;Cartão de Crédito rotativo;10727.63;0.7416;36;720;Bom (650-749);22075.35;749.51;3.4;5;Atraso Curto (1-30d);Risco Moderado (C/D);536.38
CTR-50696;2025-01-17;CLI-10196;Cliente_10196;ES;Sudeste;App Mobile;Cartão de Crédito rotativo;19179.68;0.6637;24;485;Baixo / Alto Risco (<550);5106.4;1462.61;28.64;45;Atraso Crítico (31-90d);Alto Risco (E/F);4794.92
CTR-50697;2025-02-08;CLI-10197;Cliente_10197;SC;Sul;Correspondente Bancário;Empréstimo Empresarial PJ;487210.77;0.1755;48;434;Baixo / Alto Risco (<550);8797.76;14197.51;161.38;0;Em Dia;Baixo Risco (A/B);0.0
CTR-50698;2023-07-03;CLI-10198;Cliente_10198;RJ;Sudeste;Correspondente Bancário;Financiamento Imobiliário;210270.63;0.0878;12;786;Excelente (750-850);33714.94;18367.03;54.48;0;Em Dia;Baixo Risco (A/B);0.0
CTR-50699;2025-02-26;CLI-10199;Cliente_10199;RS;Sul;Correspondente Bancário;Empréstimo Empresarial PJ;205117.98;0.1223;24;790;Excelente (750-850);16273.31;9677.66;59.47;15;Atraso Curto (1-30d);Risco Moderado (C/D);10255.9
CTR-50700;2024-12-23;CLI-10200;Cliente_10200;RJ;Sudeste;Correspondente Bancário;Crédito Pessoal;25697.75;0.3272;12;514;Baixo / Alto Risco (<550);26916.1;2539.71;9.44;10;Atraso Curto (1-30d);Risco Moderado (C/D);1284.89
CTR-50701;2023-09-13;CLI-10201;Cliente_10201;GO;Centro-Oeste;Correspondente Bancário;Empréstimo Empresarial PJ;442508.46;0.1843;60;444;Baixo / Alto Risco (<550);27322.1;11340.57;41.51;95;Inadimplente / NPL (>90d);Inadimplência / Loss (G/H);354006.77
CTR-50702;2025-03-26;CLI-10202;Cliente_10202;SC;Sul;Agência Física;Cartão de Crédito rotativo;5371.16;0.675;36;350;Baixo / Alto Risco (<550);4512.23;351.08;7.78;45;Atraso Crítico (31-90d);Alto Risco (E/F);1342.79
CTR-50703;2025-06-02;CLI-10203;Cliente_10203;CE;Nordeste;Correspondente Bancário;Financiamento Imobiliário;420748.09;0.0985;12;361;Baixo / Alto Risco (<550);9597.65;36961.1;385.11;0;Em Dia;Baixo Risco (A/B);0.0
CTR-50704;2023-09-06;CLI-10204;Cliente_10204;SC;Sul;Correspondente Bancário;Financiamento Veicular;158226.02;0.1408;12;514;Baixo / Alto Risco (<550);3283.32;14212.61;432.87;15;Atraso Curto (1-30d);Risco Moderado (C/D);7911.3
CTR-50705;2025-06-15;CLI-10205;Cliente_10205;MG;Sudeste;App Mobile;Cartão de Crédito rotativo;14771.15;0.6182;60;498;Baixo / Alto Risco (<550);5900.34;800.25;13.56;45;Atraso Crítico (31-90d);Alto Risco (E/F);3692.79
CTR-50706;2023-01-19;CLI-10206;Cliente_10206;SP;Sudeste;Internet Banking;Cartão de Crédito rotativo;15808.74;0.4987;60;820;Excelente (750-850);24238.07;719.5;2.97;20;Atraso Curto (1-30d);Risco Moderado (C/D);790.44
CTR-50707;2025-06-01;CLI-10207;Cliente_10207;MG;Sudeste;Correspondente Bancário;Financiamento Veicular;123986.32;0.142;24;432;Baixo / Alto Risco (<550);5670.8;5964.66;105.18;45;Atraso Crítico (31-90d);Alto Risco (E/F);30996.58
CTR-50708;2023-06-11;CLI-10208;Cliente_10208;PE;Nordeste;Correspondente Bancário;Cartão de Crédito rotativo;11679.13;0.7508;12;475;Baixo / Alto Risco (<550);14512.93;1412.72;9.73;95;Inadimplente / NPL (>90d);Inadimplência / Loss (G/H);9343.3
CTR-50709;2025-04-05;CLI-10209;Cliente_10209;RS;Sul;App Mobile;Cartão de Crédito rotativo;5118.62;0.8461;24;691;Bom (650-749);7650.56;448.28;5.86;0;Em Dia;Baixo Risco (A/B);0.0
CTR-50710;2024-01-14;CLI-10210;Cliente_10210;RJ;Sudeste;App Mobile;Financiamento Veicular;86674.1;0.2704;36;346;Baixo / Alto Risco (<550);4953.83;3540.35;71.47;0;Em Dia;Baixo Risco (A/B);0.0
CTR-50711;2023-10-17;CLI-10211;Cliente_10211;ES;Sudeste;Agência Física;Crédito Pessoal;34002.85;0.2374;60;484;Baixo / Alto Risco (<550);31404.91;973.07;3.1;0;Em Dia;Baixo Risco (A/B);0.0
CTR-50712;2025-04-28;CLI-10212;Cliente_10212;ES;Sudeste;App Mobile;Cartão de Crédito rotativo;17946.08;0.7163;60;652;Bom (650-749);13336.18;1105.33;8.29;5;Atraso Curto (1-30d);Risco Moderado (C/D);897.3
CTR-50713;2024-11-27;CLI-10213;Cliente_10213;DF;Centro-Oeste;Internet Banking;Financiamento Veicular;112476.29;0.2108;36;625;Médio (550-649);16833.63;4242.17;25.2;10;Atraso Curto (1-30d);Risco Moderado (C/D);5623.81
CTR-50714;2025-02-26;CLI-10214;Cliente_10214;PR;Sul;Correspondente Bancário;Financiamento Imobiliário;221794.83;0.0864;36;326;Baixo / Alto Risco (<550);21967.61;7015.91;31.94;95;Inadimplente / NPL (>90d);Inadimplência / Loss (G/H);177435.86
CTR-50715;2025-07-31;CLI-10215;Cliente_10215;BA;Nordeste;Internet Banking;Cartão de Crédito rotativo;12066.84;0.7687;60;672;Bom (650-749);32650.11;792.07;2.43;0;Em Dia;Baixo Risco (A/B);0.0
CTR-50716;2024-12-15;CLI-10216;Cliente_10216;SP;Sudeste;Correspondente Bancário;Empréstimo Empresarial PJ;422543.84;0.2076;36;525;Baixo / Alto Risco (<550);29054.08;15867.35;54.61;0;Em Dia;Baixo Risco (A/B);0.0
CTR-50717;2023-02-18;CLI-10217;Cliente_10217;BA;Nordeste;App Mobile;Financiamento Veicular;148711.42;0.2766;36;615;Médio (550-649);18456.97;6123.95;33.18;10;Atraso Curto (1-30d);Risco Moderado (C/D);7435.57
CTR-50718;2023-09-08;CLI-10218;Cliente_10218;PE;Nordeste;App Mobile;Cartão de Crédito rotativo;2849.47;0.5273;60;686;Bom (650-749);7822.86;135.47;1.73;0;Em Dia;Baixo Risco (A/B);0.0
CTR-50719;2023-09-05;CLI-10219;Cliente_10219;DF;Centro-Oeste;Agência Física;Financiamento Veicular;54091.77;0.1636;24;830;Excelente (750-850);19100.39;2657.82;13.92;5;Atraso Curto (1-30d);Risco Moderado (C/D);2704.59
CTR-50720;2025-04-06;CLI-10220;Cliente_10220;SC;Sul;Internet Banking;Financiamento Veicular;172682.14;0.2255;36;647;Médio (550-649);7349.4;6644.04;90.4;45;Atraso Crítico (31-90d);Alto Risco (E/F);43170.54
CTR-50721;2024-04-02;CLI-10221;Cliente_10221;SC;Sul;Internet Banking;Financiamento Imobiliário;449880.38;0.128;60;438;Baixo / Alto Risco (<550);6774.12;10190.16;150.43;15;Atraso Curto (1-30d);Risco Moderado (C/D);22494.02
CTR-50722;2024-07-02;CLI-10222;Cliente_10222;BA;Nordeste;Internet Banking;Cartão de Crédito rotativo;7065.25;0.5417;60;454;Baixo / Alto Risco (<550);16670.59;343.21;2.06;0;Em Dia;Baixo Risco (A/B);0.0
CTR-50723;2024-02-25;CLI-10223;Cliente_10223;ES;Sudeste;App Mobile;Crédito Pessoal;22642.76;0.278;48;475;Baixo / Alto Risco (<550);30875.4;786.56;2.55;15;Atraso Curto (1-30d);Risco Moderado (C/D);1132.14
CTR-50724;2023-02-04;CLI-10224;Cliente_10224;ES;Sudeste;App Mobile;Crédito Pessoal;25886.0;0.354;12;632;Médio (550-649);16100.0;2592.81;16.1;10;Atraso Curto (1-30d);Risco Moderado (C/D);1294.3
CTR-50725;2024-11-20;CLI-10225;Cliente_10225;MG;Sudeste;Internet Banking;Financiamento Imobiliário;745541.09;0.1237;120;426;Baixo / Alto Risco (<550);17363.97;10856.42;62.52;120;Inadimplente / NPL (>90d);Inadimplência / Loss (G/H);596432.87
CTR-50726;2025-01-02;CLI-10226;Cliente_10226;CE;Nordeste;Internet Banking;Financiamento Veicular;145314.39;0.2348;60;708;Bom (650-749);17548.11;4136.65;23.57;0;Em Dia;Baixo Risco (A/B);0.0
CTR-50727;2023-09-23;CLI-10227;Cliente_10227;MG;Sudeste;Agência Física;Financiamento Imobiliário;664166.39;0.1185;36;521;Baixo / Alto Risco (<550);29045.48;22012.28;75.79;45;Atraso Crítico (31-90d);Alto Risco (E/F);166041.6
CTR-50728;2024-06-25;CLI-10228;Cliente_10228;RJ;Sudeste;App Mobile;Financiamento Imobiliário;517256.18;0.0956;120;396;Baixo / Alto Risco (<550);19273.76;6710.17;34.82;95;Inadimplente / NPL (>90d);Inadimplência / Loss (G/H);413804.94
CTR-50729;2024-08-21;CLI-10229;Cliente_10229;RJ;Sudeste;App Mobile;Empréstimo Empresarial PJ;112799.22;0.1287;24;441;Baixo / Alto Risco (<550);23689.01;5355.8;22.61;45;Atraso Crítico (31-90d);Alto Risco (E/F);28199.81
CTR-50730;2024-06-06;CLI-10230;Cliente_10230;GO;Centro-Oeste;Agência Física;Crédito Pessoal;3115.81;0.4262;12;667;Bom (650-749);23522.52;323.42;1.37;0;Em Dia;Baixo Risco (A/B);0.0
CTR-50731;2024-04-11;CLI-10231;Cliente_10231;PE;Nordeste;Agência Física;Cartão de Crédito rotativo;4598.38;0.7151;48;694;Bom (650-749);20797.74;292.18;1.4;0;Em Dia;Baixo Risco (A/B);0.0
CTR-50732;2025-06-19;CLI-10232;Cliente_10232;PE;Nordeste;Internet Banking;Financiamento Veicular;84793.1;0.184;36;727;Bom (650-749);23161.92;3082.52;13.31;5;Atraso Curto (1-30d);Risco Moderado (C/D);4239.66
CTR-50733;2023-01-29;CLI-10233;Cliente_10233;BA;Nordeste;Correspondente Bancário;Crédito Pessoal;25723.18;0.4378;36;529;Baixo / Alto Risco (<550);34947.89;1294.92;3.71;10;Atraso Curto (1-30d);Risco Moderado (C/D);1286.16
CTR-50734;2024-05-24;CLI-10234;Cliente_10234;GO;Centro-Oeste;Correspondente Bancário;Cartão de Crédito rotativo;1764.93;0.6638;12;824;Excelente (750-850);4955.88;205.14;4.14;0;Em Dia;Baixo Risco (A/B);0.0
CTR-50735;2023-07-28;CLI-10235;Cliente_10235;ES;Sudeste;Correspondente Bancário;Empréstimo Empresarial PJ;65796.95;0.1917;60;508;Baixo / Alto Risco (<550);4764.69;1712.97;35.95;0;Em Dia;Baixo Risco (A/B);0.0
CTR-50736;2023-07-01;CLI-10236;Cliente_10236;MG;Sudeste;App Mobile;Cartão de Crédito rotativo;7536.98;0.7639;24;332;Baixo / Alto Risco (<550);11495.13;620.99;5.4;95;Inadimplente / NPL (>90d);Inadimplência / Loss (G/H);6029.58
CTR-50737;2024-02-29;CLI-10237;Cliente_10237;DF;Centro-Oeste;Agência Física;Empréstimo Empresarial PJ;437467.6;0.2249;60;496;Baixo / Alto Risco (<550);22507.77;12204.57;54.22;15;Atraso Curto (1-30d);Risco Moderado (C/D);21873.38
CTR-50738;2025-02-10;CLI-10238;Cliente_10238;BA;Nordeste;Internet Banking;Empréstimo Empresarial PJ;243264.49;0.245;36;407;Baixo / Alto Risco (<550);11484.28;9607.94;83.66;15;Atraso Curto (1-30d);Risco Moderado (C/D);12163.22
CTR-50739;2023-05-16;CLI-10239;Cliente_10239;GO;Centro-Oeste;Agência Física;Empréstimo Empresarial PJ;164023.92;0.1519;36;380;Baixo / Alto Risco (<550);24854.17;5701.22;22.94;15;Atraso Curto (1-30d);Risco Moderado (C/D);8201.2
CTR-50740;2023-02-17;CLI-10240;Cliente_10240;RJ;Sudeste;Internet Banking;Cartão de Crédito rotativo;3522.53;0.7946;24;700;Bom (650-749);24064.18;297.0;1.23;0;Em Dia;Baixo Risco (A/B);0.0
CTR-50741;2025-06-21;CLI-10241;Cliente_10241;PR;Sul;App Mobile;Cartão de Crédito rotativo;6519.34;0.6905;48;496;Baixo / Alto Risco (<550);25733.12;402.59;1.56;0;Em Dia;Baixo Risco (A/B);0.0
CTR-50742;2025-05-10;CLI-10242;Cliente_10242;DF;Centro-Oeste;App Mobile;Crédito Pessoal;14119.75;0.2307;48;460;Baixo / Alto Risco (<550);20792.37;453.1;2.18;15;Atraso Curto (1-30d);Risco Moderado (C/D);705.99
CTR-50743;2025-01-28;CLI-10243;Cliente_10243;RS;Sul;Internet Banking;Financiamento Veicular;34725.73;0.254;24;683;Bom (650-749);32358.22;1860.34;5.75;0;Em Dia;Baixo Risco (A/B);0.0
CTR-50744;2023-03-18;CLI-10244;Cliente_10244;MG;Sudeste;Correspondente Bancário;Empréstimo Empresarial PJ;141274.52;0.2332;60;832;Excelente (750-850);14883.5;4008.61;26.93;5;Atraso Curto (1-30d);Risco Moderado (C/D);7063.73
CTR-50745;2024-02-16;CLI-10245;Cliente_10245;RS;Sul;Internet Banking;Financiamento Imobiliário;841816.89;0.1262;360;492;Baixo / Alto Risco (<550);16024.53;9062.81;56.56;15;Atraso Curto (1-30d);Risco Moderado (C/D);42090.84
CTR-50746;2023-11-27;CLI-10246;Cliente_10246;MG;Sudeste;Agência Física;Cartão de Crédito rotativo;11498.7;0.6054;36;519;Baixo / Alto Risco (<550);33971.17;698.94;2.06;35;Atraso Crítico (31-90d);Alto Risco (E/F);2874.68
CTR-50747;2025-08-12;CLI-10247;Cliente_10247;CE;Nordeste;App Mobile;Crédito Pessoal;10786.0;0.2351;60;802;Excelente (750-850);34124.03;307.23;0.9;0;Em Dia;Baixo Risco (A/B);0.0
CTR-50748;2024-06-10;CLI-10248;Cliente_10248;RJ;Sudeste;Correspondente Bancário;Financiamento Veicular;119138.73;0.16;36;694;Bom (650-749);30128.03;4188.56;13.9;0;Em Dia;Baixo Risco (A/B);0.0
CTR-50749;2023-01-18;CLI-10249;Cliente_10249;DF;Centro-Oeste;Internet Banking;Crédito Pessoal;18498.44;0.3821;48;792;Excelente (750-850);9312.48;757.21;8.13;0;Em Dia;Baixo Risco (A/B);0.0
CTR-50750;2023-01-10;CLI-10250;Cliente_10250;PR;Sul;Internet Banking;Empréstimo Empresarial PJ;432787.99;0.2033;60;432;Baixo / Alto Risco (<550);10379.52;11545.85;111.24;0;Em Dia;Baixo Risco (A/B);0.0
CTR-50751;2023-01-28;CLI-10001;Cliente_10001;DF;Centro-Oeste;App Mobile;Cartão de Crédito rotativo;11424.09;0.7663;36;616;Médio (550-649);13812.27;817.57;5.92;90;Atraso Crítico (31-90d);Alto Risco (E/F);2856.02
CTR-50752;2025-04-22;CLI-10002;Cliente_10002;GO;Centro-Oeste;Internet Banking;Financiamento Imobiliário;392319.17;0.096;60;323;Baixo / Alto Risco (<550);18256.75;8258.62;45.24;45;Atraso Crítico (31-90d);Alto Risco (E/F);98079.79
CTR-50753;2025-04-22;CLI-10003;Cliente_10003;PE;Nordeste;App Mobile;Empréstimo Empresarial PJ;162133.66;0.1709;12;812;Excelente (750-850);11777.04;14794.29;125.62;120;Inadimplente / NPL (>90d);Inadimplência / Loss (G/H);129706.93
CTR-50754;2023-09-10;CLI-10004;Cliente_10004;GO;Centro-Oeste;Agência Física;Crédito Pessoal;8841.86;0.4099;60;804;Excelente (750-850);23547.42;348.47;1.48;0;Em Dia;Baixo Risco (A/B);0.0
CTR-50755;2023-10-05;CLI-10005;Cliente_10005;PE;Nordeste;Agência Física;Cartão de Crédito rotativo;16998.61;0.5318;12;512;Baixo / Alto Risco (<550);7786.04;1856.89;23.85;0;Em Dia;Baixo Risco (A/B);0.0
CTR-50756;2024-04-03;CLI-10006;Cliente_10006;DF;Centro-Oeste;Agência Física;Financiamento Imobiliário;378438.97;0.1085;36;420;Baixo / Alto Risco (<550);19132.23;12362.74;64.62;15;Atraso Curto (1-30d);Risco Moderado (C/D);18921.95
CTR-50757;2023-09-21;CLI-10007;Cliente_10007;MG;Sudeste;App Mobile;Crédito Pessoal;33457.13;0.3484;36;779;Excelente (750-850);31297.25;1510.44;4.83;0;Em Dia;Baixo Risco (A/B);0.0
CTR-50758;2025-06-07;CLI-10008;Cliente_10008;DF;Centro-Oeste;Internet Banking;Financiamento Veicular;73948.25;0.1596;60;622;Médio (550-649);28322.26;1796.71;6.34;10;Atraso Curto (1-30d);Risco Moderado (C/D);3697.41
CTR-50759;2024-03-05;CLI-10009;Cliente_10009;SP;Sudeste;Agência Física;Crédito Pessoal;30732.03;0.3364;12;561;Médio (550-649);31809.54;3051.27;9.59;0;Em Dia;Baixo Risco (A/B);0.0
CTR-50760;2025-03-20;CLI-10010;Cliente_10010;RJ;Sudeste;Internet Banking;Cartão de Crédito rotativo;14120.47;0.6766;24;712;Bom (650-749);7810.48;1087.79;13.93;0;Em Dia;Baixo Risco (A/B);0.0
CTR-50761;2025-06-25;CLI-10011;Cliente_10011;PE;Nordeste;App Mobile;Financiamento Imobiliário;835236.16;0.0925;24;622;Médio (550-649);24837.13;38253.43;154.02;45;Atraso Crítico (31-90d);Alto Risco (E/F);208809.04
CTR-50762;2025-08-30;CLI-10012;Cliente_10012;GO;Centro-Oeste;Agência Física;Financiamento Imobiliário;714974.88;0.1217;36;412;Baixo / Alto Risco (<550);33966.66;23805.49;70.08;15;Atraso Curto (1-30d);Risco Moderado (C/D);35748.74
CTR-50763;2024-02-04;CLI-10013;Cliente_10013;RJ;Sudeste;Internet Banking;Crédito Pessoal;11091.52;0.2014;36;617;Médio (550-649);24678.0;412.99;1.67;0;Em Dia;Baixo Risco (A/B);0.0
CTR-50764;2024-11-23;CLI-10014;Cliente_10014;RJ;Sudeste;Correspondente Bancário;Financiamento Imobiliário;687092.61;0.1223;60;843;Excelente (750-850);23027.62;15363.97;66.72;15;Atraso Curto (1-30d);Risco Moderado (C/D);34354.63
CTR-50765;2023-07-03;CLI-10015;Cliente_10015;SP;Sudeste;Internet Banking;Financiamento Imobiliário;707056.52;0.1361;72;386;Baixo / Alto Risco (<550);20863.97;14422.18;69.12;120;Inadimplente / NPL (>90d);Inadimplência / Loss (G/H);565645.22
CTR-50766;2025-01-02;CLI-10016;Cliente_10016;BA;Nordeste;App Mobile;Crédito Pessoal;6166.21;0.3544;24;598;Médio (550-649);22187.9;362.27;1.63;0;Em Dia;Baixo Risco (A/B);0.0
CTR-50767;2024-01-29;CLI-10017;Cliente_10017;MG;Sudeste;Internet Banking;Financiamento Veicular;31757.72;0.2601;36;476;Baixo / Alto Risco (<550);31408.33;1279.71;4.07;0;Em Dia;Baixo Risco (A/B);0.0
CTR-50768;2025-03-20;CLI-10018;Cliente_10018;CE;Nordeste;Agência Física;Financiamento Imobiliário;509138.41;0.107;48;544;Baixo / Alto Risco (<550);21165.38;13084.9;61.82;15;Atraso Curto (1-30d);Risco Moderado (C/D);25456.92
CTR-50769;2023-09-13;CLI-10019;Cliente_10019;SP;Sudeste;App Mobile;Empréstimo Empresarial PJ;152327.27;0.2109;24;781;Excelente (750-850);6856.97;7834.17;114.25;15;Atraso Curto (1-30d);Risco Moderado (C/D);7616.36
CTR-50770;2024-10-02;CLI-10020;Cliente_10020;BA;Nordeste;Internet Banking;Financiamento Veicular;98375.38;0.2643;60;632;Médio (550-649);11069.97;2970.5;26.83;10;Atraso Curto (1-30d);Risco Moderado (C/D);4918.77
CTR-50771;2024-08-03;CLI-10021;Cliente_10021;PR;Sul;Agência Física;Financiamento Veicular;65916.13;0.1988;48;524;Baixo / Alto Risco (<550);9556.06;2001.64;20.95;10;Atraso Curto (1-30d);Risco Moderado (C/D);3295.81
CTR-50772;2023-07-09;CLI-10022;Cliente_10022;MG;Sudeste;Agência Física;Financiamento Veicular;163803.46;0.1847;48;698;Bom (650-749);24653.39;4852.05;19.68;0;Em Dia;Baixo Risco (A/B);0.0
CTR-50773;2024-08-21;CLI-10023;Cliente_10023;PE;Nordeste;App Mobile;Financiamento Imobiliário;421594.66;0.128;360;730;Bom (650-749);10909.69;4597.86;42.14;0;Em Dia;Baixo Risco (A/B);0.0
CTR-50774;2023-12-05;CLI-10024;Cliente_10024;SP;Sudeste;Internet Banking;Empréstimo Empresarial PJ;134134.77;0.1692;48;364;Baixo / Alto Risco (<550);19254.58;3864.91;20.07;15;Atraso Curto (1-30d);Risco Moderado (C/D);6706.74
CTR-50775;2025-05-14;CLI-10025;Cliente_10025;SC;Sul;Agência Física;Financiamento Imobiliário;423300.53;0.1062;72;487;Baixo / Alto Risco (<550);23412.64;7974.99;34.06;95;Inadimplente / NPL (>90d);Inadimplência / Loss (G/H);338640.42
CTR-50776;2024-10-01;CLI-10026;Cliente_10026;SC;Sul;Correspondente Bancário;Empréstimo Empresarial PJ;426189.3;0.1786;12;833;Excelente (750-850);8938.72;39044.64;436.8;45;Atraso Crítico (31-90d);Alto Risco (E/F);106547.32
CTR-50777;2025-08-27;CLI-10027;Cliente_10027;CE;Nordeste;Internet Banking;Financiamento Veicular;33063.83;0.1822;12;483;Baixo / Alto Risco (<550);16893.48;3034.75;17.96;0;Em Dia;Baixo Risco (A/B);0.0
CTR-50778;2023-08-17;CLI-10028;Cliente_10028;RS;Sul;App Mobile;Financiamento Imobiliário;270978.59;0.0912;24;759;Excelente (750-850);34132.15;12394.51;36.31;0;Em Dia;Baixo Risco (A/B);0.0
CTR-50779;2025-06-22;CLI-10029;Cliente_10029;DF;Centro-Oeste;Agência Física;Empréstimo Empresarial PJ;164498.09;0.1829;60;814;Excelente (750-850);30413.74;4203.16;13.82;0;Em Dia;Baixo Risco (A/B);0.0
CTR-50780;2024-09-25;CLI-10030;Cliente_10030;DF;Centro-Oeste;Agência Física;Financiamento Imobiliário;511825.92;0.0882;120;644;Médio (550-649);10378.92;6433.84;61.99;45;Atraso Crítico (31-90d);Alto Risco (E/F);127956.48
CTR-50781;2024-10-22;CLI-10031;Cliente_10031;ES;Sudeste;Internet Banking;Crédito Pessoal;12079.58;0.3208;36;514;Baixo / Alto Risco (<550);4222.03;526.66;12.47;10;Atraso Curto (1-30d);Risco Moderado (C/D);603.98
CTR-50782;2024-12-02;CLI-10032;Cliente_10032;PE;Nordeste;App Mobile;Financiamento Imobiliário;336476.15;0.1051;48;734;Bom (650-749);30802.4;8616.55;27.97;0;Em Dia;Baixo Risco (A/B);0.0
CTR-50783;2023-12-26;CLI-10033;Cliente_10033;RJ;Sudeste;Correspondente Bancário;Financiamento Imobiliário;349841.22;0.1076;60;711;Bom (650-749);4533.95;7564.59;166.84;45;Atraso Crítico (31-90d);Alto Risco (E/F);87460.3
CTR-50784;2024-05-25;CLI-10034;Cliente_10034;RS;Sul;Correspondente Bancário;Financiamento Veicular;175599.92;0.2075;36;572;Médio (550-649);7807.79;6593.22;84.44;15;Atraso Curto (1-30d);Risco Moderado (C/D);8780.0
CTR-50785;2024-05-21;CLI-10035;Cliente_10035;GO;Centro-Oeste;Internet Banking;Crédito Pessoal;31404.56;0.4392;12;439;Baixo / Alto Risco (<550);9291.84;3280.54;35.31;95;Inadimplente / NPL (>90d);Inadimplência / Loss (G/H);25123.65
CTR-50786;2023-05-18;CLI-10036;Cliente_10036;PR;Sul;Correspondente Bancário;Empréstimo Empresarial PJ;406112.92;0.1957;48;686;Bom (650-749);3217.63;12265.31;381.19;120;Inadimplente / NPL (>90d);Inadimplência / Loss (G/H);324890.34
CTR-50787;2023-08-09;CLI-10037;Cliente_10037;ES;Sudeste;Agência Física;Financiamento Veicular;73695.8;0.1888;48;636;Médio (550-649);16911.14;2198.85;13.0;90;Atraso Crítico (31-90d);Alto Risco (E/F);18423.95
CTR-50788;2024-08-16;CLI-10038;Cliente_10038;DF;Centro-Oeste;Correspondente Bancário;Crédito Pessoal;27330.49;0.2916;36;436;Baixo / Alto Risco (<550);26709.57;1147.68;4.3;15;Atraso Curto (1-30d);Risco Moderado (C/D);1366.52
CTR-50789;2023-12-24;CLI-10039;Cliente_10039;SP;Sudeste;Internet Banking;Cartão de Crédito rotativo;13370.06;0.7689;12;829;Excelente (750-850);8038.43;1630.56;20.28;0;Em Dia;Baixo Risco (A/B);0.0
CTR-50790;2023-06-25;CLI-10040;Cliente_10040;MG;Sudeste;App Mobile;Financiamento Imobiliário;527102.38;0.1355;120;382;Baixo / Alto Risco (<550);25250.83;8042.12;31.85;45;Atraso Crítico (31-90d);Alto Risco (E/F);131775.6
CTR-50791;2024-02-05;CLI-10041;Cliente_10041;PR;Sul;App Mobile;Financiamento Veicular;77118.34;0.274;36;660;Bom (650-749);26051.33;3164.95;12.15;0;Em Dia;Baixo Risco (A/B);0.0
CTR-50792;2023-07-06;CLI-10042;Cliente_10042;ES;Sudeste;Internet Banking;Crédito Pessoal;20403.05;0.4084;60;443;Baixo / Alto Risco (<550);17863.99;802.06;4.49;15;Atraso Curto (1-30d);Risco Moderado (C/D);1020.15
CTR-50793;2024-11-17;CLI-10043;Cliente_10043;PE;Nordeste;App Mobile;Financiamento Veicular;143427.45;0.2611;36;514;Baixo / Alto Risco (<550);8522.62;5787.19;67.9;95;Inadimplente / NPL (>90d);Inadimplência / Loss (G/H);114741.96
CTR-50794;2024-01-09;CLI-10044;Cliente_10044;SP;Sudeste;Internet Banking;Financiamento Imobiliário;802894.2;0.1082;48;469;Baixo / Alto Risco (<550);11134.37;20681.11;185.74;45;Atraso Crítico (31-90d);Alto Risco (E/F);200723.55
CTR-50795;2025-05-18;CLI-10045;Cliente_10045;ES;Sudeste;Agência Física;Financiamento Imobiliário;329033.96;0.0969;72;771;Excelente (750-850);18458.0;6044.32;32.75;0;Em Dia;Baixo Risco (A/B);0.0
CTR-50796;2023-05-06;CLI-10046;Cliente_10046;PR;Sul;Correspondente Bancário;Cartão de Crédito rotativo;11944.37;0.729;12;564;Médio (550-649);16433.2;1430.55;8.71;10;Atraso Curto (1-30d);Risco Moderado (C/D);597.22
CTR-50797;2023-05-03;CLI-10047;Cliente_10047;RJ;Sudeste;App Mobile;Cartão de Crédito rotativo;1053.66;0.6349;24;395;Baixo / Alto Risco (<550);30782.58;78.53;0.26;45;Atraso Crítico (31-90d);Alto Risco (E/F);263.42
CTR-50798;2023-08-13;CLI-10048;Cliente_10048;RJ;Sudeste;App Mobile;Financiamento Veicular;70801.99;0.1587;24;597;Médio (550-649);14387.98;3462.29;24.06;10;Atraso Curto (1-30d);Risco Moderado (C/D);3540.1
CTR-50799;2023-01-11;CLI-10049;Cliente_10049;RS;Sul;App Mobile;Financiamento Imobiliário;947633.09;0.1325;72;644;Médio (550-649);20658.95;19148.15;92.69;45;Atraso Crítico (31-90d);Alto Risco (E/F);236908.27
CTR-50800;2025-02-23;CLI-10050;Cliente_10050;GO;Centro-Oeste;Agência Física;Empréstimo Empresarial PJ;129210.92;0.2067;36;595;Médio (550-649);16607.91;4846.16;29.18;0;Em Dia;Baixo Risco (A/B);0.0
CTR-50801;2024-12-13;CLI-10051;Cliente_10051;SC;Sul;Correspondente Bancário;Cartão de Crédito rotativo;11903.36;0.6279;24;500;Baixo / Alto Risco (<550);5962.98;882.26;14.8;0;Em Dia;Baixo Risco (A/B);0.0
CTR-50802;2024-12-17;CLI-10052;Cliente_10052;CE;Nordeste;Internet Banking;Financiamento Imobiliário;360186.85;0.0905;72;405;Baixo / Alto Risco (<550);8533.99;6501.5;76.18;15;Atraso Curto (1-30d);Risco Moderado (C/D);18009.34
CTR-50803;2024-12-09;CLI-10053;Cliente_10053;MG;Sudeste;Correspondente Bancário;Crédito Pessoal;31119.84;0.3014;12;668;Bom (650-749);21646.9;3035.93;14.02;0;Em Dia;Baixo Risco (A/B);0.0
CTR-50804;2024-02-16;CLI-10054;Cliente_10054;MG;Sudeste;Correspondente Bancário;Empréstimo Empresarial PJ;437598.59;0.1826;24;469;Baixo / Alto Risco (<550);34335.41;21901.73;63.79;15;Atraso Curto (1-30d);Risco Moderado (C/D);21879.93
CTR-50805;2025-08-22;CLI-10055;Cliente_10055;RS;Sul;Internet Banking;Financiamento Veicular;33405.26;0.2323;12;778;Excelente (750-850);34469.84;3146.35;9.13;0;Em Dia;Baixo Risco (A/B);0.0
CTR-50806;2025-07-21;CLI-10056;Cliente_10056;PR;Sul;Correspondente Bancário;Crédito Pessoal;18356.39;0.3743;12;805;Excelente (750-850);16773.26;1857.26;11.07;0;Em Dia;Baixo Risco (A/B);0.0
CTR-50807;2024-04-14;CLI-10057;Cliente_10057;SC;Sul;App Mobile;Financiamento Imobiliário;532115.56;0.1192;24;710;Bom (650-749);27259.56;25028.65;91.82;95;Inadimplente / NPL (>90d);Inadimplência / Loss (G/H);425692.45
CTR-50808;2025-05-29;CLI-10058;Cliente_10058;PR;Sul;Agência Física;Financiamento Imobiliário;648050.89;0.1058;120;322;Baixo / Alto Risco (<550);10628.19;8773.53;82.55;15;Atraso Curto (1-30d);Risco Moderado (C/D);32402.54
CTR-50809;2025-08-28;CLI-10059;Cliente_10059;DF;Centro-Oeste;Internet Banking;Financiamento Veicular;42498.1;0.177;60;545;Baixo / Alto Risco (<550);22042.03;1072.25;4.86;10;Atraso Curto (1-30d);Risco Moderado (C/D);2124.91
CTR-50810;2024-05-15;CLI-10060;Cliente_10060;RJ;Sudeste;Correspondente Bancário;Empréstimo Empresarial PJ;490581.12;0.1252;48;780;Excelente (750-850);20177.92;13044.49;64.65;15;Atraso Curto (1-30d);Risco Moderado (C/D);24529.06
CTR-50811;2023-03-17;CLI-10061;Cliente_10061;PR;Sul;Correspondente Bancário;Crédito Pessoal;7033.76;0.2272;24;807;Excelente (750-850);18672.36;367.4;1.97;0;Em Dia;Baixo Risco (A/B);0.0
CTR-50812;2023-07-07;CLI-10062;Cliente_10062;SP;Sudeste;Agência Física;Empréstimo Empresarial PJ;211915.27;0.2243;36;427;Baixo / Alto Risco (<550);18102.64;8140.36;44.97;120;Inadimplente / NPL (>90d);Inadimplência / Loss (G/H);169532.22
CTR-50813;2023-11-09;CLI-10063;Cliente_10063;ES;Sudeste;Correspondente Bancário;Cartão de Crédito rotativo;1810.77;0.5767;36;699;Bom (650-749);9304.63;106.72;1.15;0;Em Dia;Baixo Risco (A/B);0.0
CTR-50814;2023-04-25;CLI-10064;Cliente_10064;PE;Nordeste;Internet Banking;Financiamento Veicular;131620.41;0.1929;48;534;Baixo / Alto Risco (<550);21697.12;3955.64;18.23;0;Em Dia;Baixo Risco (A/B);0.0
CTR-50815;2024-06-06;CLI-10065;Cliente_10065;BA;Nordeste;App Mobile;Financiamento Veicular;109038.94;0.2091;24;460;Baixo / Alto Risco (<550);27162.0;5598.22;20.61;95;Inadimplente / NPL (>90d);Inadimplência / Loss (G/H);87231.15
CTR-50816;2023-06-17;CLI-10066;Cliente_10066;GO;Centro-Oeste;Correspondente Bancário;Financiamento Imobiliário;434848.73;0.1024;36;586;Médio (550-649);14158.03;14080.39;99.45;120;Inadimplente / NPL (>90d);Inadimplência / Loss (G/H);347878.98
CTR-50817;2023-03-04;CLI-10067;Cliente_10067;BA;Nordeste;Correspondente Bancário;Crédito Pessoal;21516.77;0.3598;48;662;Bom (650-749);3513.6;851.32;24.23;0;Em Dia;Baixo Risco (A/B);0.0
CTR-50818;2024-03-28;CLI-10068;Cliente_10068;PR;Sul;Internet Banking;Crédito Pessoal;15532.06;0.2987;12;590;Médio (550-649);22422.09;1513.18;6.75;0;Em Dia;Baixo Risco (A/B);0.0
CTR-50819;2023-04-16;CLI-10069;Cliente_10069;DF;Centro-Oeste;App Mobile;Financiamento Veicular;141413.84;0.2169;12;716;Bom (650-749);14006.34;13214.45;94.35;15;Atraso Curto (1-30d);Risco Moderado (C/D);7070.69
CTR-50820;2024-10-11;CLI-10070;Cliente_10070;GO;Centro-Oeste;Internet Banking;Financiamento Imobiliário;444499.97;0.0951;24;696;Bom (650-749);7734.12;20411.04;263.91;15;Atraso Curto (1-30d);Risco Moderado (C/D);22225.0
CTR-50821;2023-11-26;CLI-10071;Cliente_10071;ES;Sudeste;Internet Banking;Crédito Pessoal;26295.54;0.3831;60;584;Médio (550-649);33136.32;989.66;2.99;10;Atraso Curto (1-30d);Risco Moderado (C/D);1314.78
CTR-50822;2023-05-22;CLI-10072;Cliente_10072;SC;Sul;Agência Física;Financiamento Imobiliário;601383.31;0.1056;12;456;Baixo / Alto Risco (<550);21614.91;53027.91;245.33;15;Atraso Curto (1-30d);Risco Moderado (C/D);30069.17
CTR-50823;2024-05-01;CLI-10073;Cliente_10073;SC;Sul;App Mobile;Cartão de Crédito rotativo;13086.43;0.7745;60;714;Bom (650-749);25583.44;864.91;3.38;0;Em Dia;Baixo Risco (A/B);0.0
CTR-50824;2024-03-24;CLI-10074;Cliente_10074;CE;Nordeste;Internet Banking;Financiamento Veicular;118738.62;0.1819;24;412;Baixo / Alto Risco (<550);32930.57;5938.83;18.03;45;Atraso Crítico (31-90d);Alto Risco (E/F);29684.65
CTR-50825;2023-05-07;CLI-10075;Cliente_10075;MG;Sudeste;Correspondente Bancário;Financiamento Imobiliário;486756.77;0.1316;24;749;Bom (650-749);33520.58;23177.9;69.15;120;Inadimplente / NPL (>90d);Inadimplência / Loss (G/H);389405.42
CTR-50826;2023-03-29;CLI-10076;Cliente_10076;PR;Sul;Correspondente Bancário;Crédito Pessoal;19433.42;0.412;24;398;Baixo / Alto Risco (<550);12497.04;1201.72;9.62;15;Atraso Curto (1-30d);Risco Moderado (C/D);971.67
CTR-50827;2023-11-12;CLI-10077;Cliente_10077;PR;Sul;Correspondente Bancário;Financiamento Veicular;76982.99;0.1901;24;656;Bom (650-749);16542.85;3880.98;23.46;0;Em Dia;Baixo Risco (A/B);0.0
CTR-50828;2025-06-28;CLI-10078;Cliente_10078;ES;Sudeste;App Mobile;Empréstimo Empresarial PJ;452575.59;0.1906;48;661;Bom (650-749);21960.04;13546.4;61.69;0;Em Dia;Baixo Risco (A/B);0.0
CTR-50829;2024-03-22;CLI-10079;Cliente_10079;ES;Sudeste;Correspondente Bancário;Financiamento Veicular;149222.19;0.2695;48;359;Baixo / Alto Risco (<550);21862.62;5111.45;23.38;45;Atraso Crítico (31-90d);Alto Risco (E/F);37305.55
CTR-50830;2025-08-16;CLI-10080;Cliente_10080;DF;Centro-Oeste;App Mobile;Cartão de Crédito rotativo;3399.74;0.772;36;492;Baixo / Alto Risco (<550);30393.25;244.64;0.8;15;Atraso Curto (1-30d);Risco Moderado (C/D);169.99
CTR-50831;2024-12-21;CLI-10081;Cliente_10081;RS;Sul;App Mobile;Cartão de Crédito rotativo;7790.96;0.5048;12;646;Médio (550-649);21496.18;840.13;3.91;35;Atraso Crítico (31-90d);Alto Risco (E/F);1947.74
CTR-50832;2023-02-18;CLI-10082;Cliente_10082;RS;Sul;Internet Banking;Financiamento Imobiliário;291411.72;0.115;360;822;Excelente (750-850);6257.7;2885.83;46.12;15;Atraso Curto (1-30d);Risco Moderado (C/D);14570.59
CTR-50833;2023-12-23;CLI-10083;Cliente_10083;PE;Nordeste;Internet Banking;Cartão de Crédito rotativo;5609.49;0.63;60;622;Médio (550-649);21479.93;308.83;1.44;10;Atraso Curto (1-30d);Risco Moderado (C/D);280.47
CTR-50834;2025-01-01;CLI-10084;Cliente_10084;SC;Sul;Internet Banking;Financiamento Veicular;131270.59;0.2783;48;610;Médio (550-649);9377.92;4562.3;48.65;120;Inadimplente / NPL (>90d);Inadimplência / Loss (G/H);105016.47
CTR-50835;2023-04-29;CLI-10085;Cliente_10085;GO;Centro-Oeste;Correspondente Bancário;Financiamento Imobiliário;909754.01;0.0974;12;573;Médio (550-649);19210.93;79871.86;415.76;0;Em Dia;Baixo Risco (A/B);0.0
CTR-50836;2023-09-15;CLI-10086;Cliente_10086;PR;Sul;Internet Banking;Empréstimo Empresarial PJ;62930.36;0.2106;48;720;Bom (650-749);9426.65;1950.71;20.69;0;Em Dia;Baixo Risco (A/B);0.0
CTR-50837;2024-04-18;CLI-10087;Cliente_10087;BA;Nordeste;Correspondente Bancário;Empréstimo Empresarial PJ;393675.51;0.1513;24;354;Baixo / Alto Risco (<550);34961.78;19112.33;54.67;15;Atraso Curto (1-30d);Risco Moderado (C/D);19683.78
CTR-50838;2024-01-28;CLI-10088;Cliente_10088;SP;Sudeste;Agência Física;Financiamento Imobiliário;252443.49;0.104;12;824;Excelente (750-850);32079.5;22240.78;69.33;0;Em Dia;Baixo Risco (A/B);0.0
CTR-50839;2024-09-19;CLI-10089;Cliente_10089;RS;Sul;Agência Física;Financiamento Veicular;102744.26;0.146;48;600;Médio (550-649);33126.67;2838.66;8.57;0;Em Dia;Baixo Risco (A/B);0.0
CTR-50840;2024-08-22;CLI-10090;Cliente_10090;PE;Nordeste;Internet Banking;Financiamento Veicular;108592.12;0.259;48;362;Baixo / Alto Risco (<550);14954.89;3655.33;24.44;95;Inadimplente / NPL (>90d);Inadimplência / Loss (G/H);86873.7
CTR-50841;2024-11-18;CLI-10091;Cliente_10091;DF;Centro-Oeste;Agência Física;Cartão de Crédito rotativo;13251.19;0.6271;48;580;Médio (550-649);29173.51;758.24;2.6;35;Atraso Crítico (31-90d);Alto Risco (E/F);3312.8
CTR-50842;2025-07-19;CLI-10092;Cliente_10092;BA;Nordeste;App Mobile;Cartão de Crédito rotativo;7299.22;0.5616;24;607;Médio (550-649);29641.28;512.64;1.73;0;Em Dia;Baixo Risco (A/B);0.0
CTR-50843;2025-01-23;CLI-10093;Cliente_10093;RS;Sul;Correspondente Bancário;Crédito Pessoal;16572.76;0.4239;48;788;Excelente (750-850);9480.31;721.81;7.61;0;Em Dia;Baixo Risco (A/B);0.0
CTR-50844;2025-05-14;CLI-10094;Cliente_10094;SP;Sudeste;Agência Física;Financiamento Veicular;69316.13;0.1692;48;501;Baixo / Alto Risco (<550);20129.21;1997.25;9.92;0;Em Dia;Baixo Risco (A/B);0.0
CTR-50845;2023-04-01;CLI-10095;Cliente_10095;RS;Sul;App Mobile;Crédito Pessoal;12044.42;0.2864;12;523;Baixo / Alto Risco (<550);34668.07;1166.13;3.36;10;Atraso Curto (1-30d);Risco Moderado (C/D);602.22
CTR-50846;2023-11-04;CLI-10096;Cliente_10096;RS;Sul;Internet Banking;Cartão de Crédito rotativo;14233.86;0.7542;36;815;Excelente (750-850);12385.33;1006.79;8.13;0;Em Dia;Baixo Risco (A/B);0.0
CTR-50847;2023-08-05;CLI-10097;Cliente_10097;MG;Sudeste;Internet Banking;Cartão de Crédito rotativo;17598.92;0.4621;48;752;Excelente (750-850);7881.65;809.73;10.27;0;Em Dia;Baixo Risco (A/B);0.0
CTR-50848;2025-03-07;CLI-10098;Cliente_10098;SC;Sul;App Mobile;Cartão de Crédito rotativo;19095.53;0.4537;48;621;Médio (550-649);8296.63;868.18;10.46;0;Em Dia;Baixo Risco (A/B);0.0
CTR-50849;2024-12-24;CLI-10099;Cliente_10099;PE;Nordeste;Correspondente Bancário;Empréstimo Empresarial PJ;364194.82;0.1919;48;454;Baixo / Alto Risco (<550);16049.38;10926.02;68.08;15;Atraso Curto (1-30d);Risco Moderado (C/D);18209.74
CTR-50850;2023-04-22;CLI-10100;Cliente_10100;MG;Sudeste;Correspondente Bancário;Crédito Pessoal;22766.96;0.4453;60;417;Baixo / Alto Risco (<550);20340.26;951.77;4.68;95;Inadimplente / NPL (>90d);Inadimplência / Loss (G/H);18213.57
CTR-50851;2023-08-27;CLI-10101;Cliente_10101;SP;Sudeste;Agência Física;Crédito Pessoal;4336.9;0.4295;60;729;Bom (650-749);15604.79;176.64;1.13;0;Em Dia;Baixo Risco (A/B);0.0
CTR-50852;2025-01-31;CLI-10102;Cliente_10102;RS;Sul;Internet Banking;Cartão de Crédito rotativo;19095.52;0.6999;12;847;Excelente (750-850);26077.82;2256.79;8.65;0;Em Dia;Baixo Risco (A/B);0.0
CTR-50853;2024-08-01;CLI-10103;Cliente_10103;SP;Sudeste;App Mobile;Crédito Pessoal;23470.68;0.2851;12;667;Bom (650-749);31928.92;2270.92;7.11;0;Em Dia;Baixo Risco (A/B);0.0
CTR-50854;2023-07-02;CLI-10104;Cliente_10104;SP;Sudeste;Agência Física;Crédito Pessoal;10986.36;0.3248;24;627;Médio (550-649);32207.24;628.39;1.95;90;Atraso Crítico (31-90d);Alto Risco (E/F);2746.59
CTR-50855;2024-03-30;CLI-10105;Cliente_10105;RJ;Sudeste;App Mobile;Crédito Pessoal;23006.0;0.3886;60;572;Médio (550-649);21773.0;874.17;4.01;0;Em Dia;Baixo Risco (A/B);0.0
CTR-50856;2023-08-14;CLI-10106;Cliente_10106;MG;Sudeste;Correspondente Bancário;Financiamento Veicular;37258.31;0.2512;36;323;Baixo / Alto Risco (<550);29561.66;1483.75;5.02;15;Atraso Curto (1-30d);Risco Moderado (C/D);1862.92
CTR-50857;2023-12-01;CLI-10107;Cliente_10107;PE;Nordeste;Correspondente Bancário;Crédito Pessoal;7326.59;0.1989;48;449;Baixo / Alto Risco (<550);18968.76;222.52;1.17;15;Atraso Curto (1-30d);Risco Moderado (C/D);366.33
CTR-50858;2023-09-23;CLI-10108;Cliente_10108;RJ;Sudeste;App Mobile;Financiamento Imobiliário;331407.75;0.1242;24;819;Excelente (750-850);25187.02;15665.59;62.2;0;Em Dia;Baixo Risco (A/B);0.0
CTR-50859;2025-04-12;CLI-10109;Cliente_10109;ES;Sudeste;Agência Física;Empréstimo Empresarial PJ;303062.0;0.1819;48;349;Baixo / Alto Risco (<550);34814.77;8932.56;25.66;45;Atraso Crítico (31-90d);Alto Risco (E/F);75765.5
CTR-50860;2025-07-27;CLI-10110;Cliente_10110;GO;Centro-Oeste;Agência Física;Cartão de Crédito rotativo;2595.59;0.5451;36;417;Baixo / Alto Risco (<550);9940.85;147.76;1.49;95;Inadimplente / NPL (>90d);Inadimplência / Loss (G/H);2076.47
CTR-50861;2024-06-15;CLI-10111;Cliente_10111;RJ;Sudeste;Correspondente Bancário;Empréstimo Empresarial PJ;340760.76;0.1304;12;496;Baixo / Alto Risco (<550);16017.85;30442.22;190.05;0;Em Dia;Baixo Risco (A/B);0.0
CTR-50862;2023-08-21;CLI-10112;Cliente_10112;RJ;Sudeste;App Mobile;Empréstimo Empresarial PJ;429146.83;0.1623;60;821;Excelente (750-850);22116.85;10488.53;47.42;15;Atraso Curto (1-30d);Risco Moderado (C/D);21457.34
CTR-50863;2023-09-29;CLI-10113;Cliente_10113;MG;Sudeste;Agência Física;Empréstimo Empresarial PJ;64966.36;0.2479;24;754;Excelente (750-850);10857.24;3460.51;31.87;0;Em Dia;Baixo Risco (A/B);0.0
CTR-50864;2024-01-01;CLI-10114;Cliente_10114;DF;Centro-Oeste;Agência Física;Financiamento Imobiliário;441585.85;0.0872;72;736;Bom (650-749);4031.77;7898.6;195.91;0;Em Dia;Baixo Risco (A/B);0.0
CTR-50865;2024-09-02;CLI-10115;Cliente_10115;GO;Centro-Oeste;App Mobile;Cartão de Crédito rotativo;15259.77;0.5471;24;512;Baixo / Alto Risco (<550);17185.91;1058.95;6.16;0;Em Dia;Baixo Risco (A/B);0.0
CTR-50866;2023-03-10;CLI-10116;Cliente_10116;SC;Sul;Internet Banking;Crédito Pessoal;6063.03;0.295;24;403;Baixo / Alto Risco (<550);17331.35;337.44;1.95;15;Atraso Curto (1-30d);Risco Moderado (C/D);303.15
CTR-50867;2024-02-04;CLI-10117;Cliente_10117;CE;Nordeste;Internet Banking;Cartão de Crédito rotativo;3731.18;0.6799;36;803;Excelente (750-850);15473.32;245.11;1.58;20;Atraso Curto (1-30d);Risco Moderado (C/D);186.56
CTR-50868;2024-02-14;CLI-10118;Cliente_10118;BA;Nordeste;Agência Física;Crédito Pessoal;10017.18;0.3724;36;818;Excelente (750-850);16479.17;465.93;2.83;0;Em Dia;Baixo Risco (A/B);0.0
CTR-50869;2023-04-14;CLI-10119;Cliente_10119;RJ;Sudeste;Agência Física;Empréstimo Empresarial PJ;498747.33;0.2271;12;847;Excelente (750-850);10630.36;46850.54;440.72;0;Em Dia;Baixo Risco (A/B);0.0
CTR-50870;2025-03-29;CLI-10120;Cliente_10120;PE;Nordeste;Internet Banking;Empréstimo Empresarial PJ;497305.71;0.1717;24;723;Bom (650-749);13457.52;24628.56;183.01;15;Atraso Curto (1-30d);Risco Moderado (C/D);24865.29
CTR-50871;2023-06-16;CLI-10121;Cliente_10121;MG;Sudeste;Correspondente Bancário;Empréstimo Empresarial PJ;305873.45;0.1621;12;821;Excelente (750-850);16797.6;27782.57;165.4;15;Atraso Curto (1-30d);Risco Moderado (C/D);15293.67
CTR-50872;2023-11-15;CLI-10122;Cliente_10122;SP;Sudeste;Correspondente Bancário;Crédito Pessoal;33476.76;0.2487;48;818;Excelente (750-850);24274.16;1107.57;4.56;0;Em Dia;Baixo Risco (A/B);0.0
CTR-50873;2025-02-08;CLI-10123;Cliente_10123;CE;Nordeste;Agência Física;Cartão de Crédito rotativo;12658.45;0.6569;48;460;Baixo / Alto Risco (<550);7288.54;751.11;10.31;95;Inadimplente / NPL (>90d);Inadimplência / Loss (G/H);10126.76
CTR-50874;2023-03-28;CLI-10124;Cliente_10124;PE;Nordeste;Internet Banking;Cartão de Crédito rotativo;4565.23;0.5096;12;418;Baixo / Alto Risco (<550);27499.75;493.42;1.79;95;Inadimplente / NPL (>90d);Inadimplência / Loss (G/H);3652.18
CTR-50875;2024-04-27;CLI-10125;Cliente_10125;CE;Nordeste;Internet Banking;Financiamento Veicular;70836.35;0.1863;24;815;Excelente (750-850);28150.19;3558.04;12.64;0;Em Dia;Baixo Risco (A/B);0.0
CTR-50876;2024-04-05;CLI-10126;Cliente_10126;PR;Sul;Internet Banking;Financiamento Imobiliário;585182.02;0.1211;72;443;Baixo / Alto Risco (<550);14658.5;11473.92;78.27;15;Atraso Curto (1-30d);Risco Moderado (C/D);29259.1
CTR-50877;2025-08-20;CLI-10127;Cliente_10127;SP;Sudeste;Agência Física;Empréstimo Empresarial PJ;257918.19;0.1266;12;713;Bom (650-749);32327.31;22995.43;71.13;15;Atraso Curto (1-30d);Risco Moderado (C/D);12895.91
CTR-50878;2023-05-25;CLI-10128;Cliente_10128;MG;Sudeste;App Mobile;Empréstimo Empresarial PJ;135171.52;0.2489;12;703;Bom (650-749);9260.4;12840.06;138.66;15;Atraso Curto (1-30d);Risco Moderado (C/D);6758.58
CTR-50879;2024-09-11;CLI-10129;Cliente_10129;RS;Sul;App Mobile;Financiamento Veicular;102104.37;0.2732;24;583;Médio (550-649);20439.54;5569.04;27.25;10;Atraso Curto (1-30d);Risco Moderado (C/D);5105.22
CTR-50880;2024-03-03;CLI-10130;Cliente_10130;RS;Sul;App Mobile;Empréstimo Empresarial PJ;447997.56;0.1606;36;406;Baixo / Alto Risco (<550);22605.22;15763.54;69.73;0;Em Dia;Baixo Risco (A/B);0.0
CTR-50881;2023-04-17;CLI-10131;Cliente_10131;MG;Sudeste;Internet Banking;Financiamento Imobiliário;382154.94;0.1344;72;802;Excelente (750-850);18608.68;7760.45;41.7;0;Em Dia;Baixo Risco (A/B);0.0
CTR-50882;2023-12-04;CLI-10132;Cliente_10132;ES;Sudeste;App Mobile;Crédito Pessoal;34700.74;0.3662;12;501;Baixo / Alto Risco (<550);33432.5;3496.87;10.46;90;Atraso Crítico (31-90d);Alto Risco (E/F);8675.18
CTR-50883;2023-03-29;CLI-10133;Cliente_10133;DF;Centro-Oeste;Internet Banking;Empréstimo Empresarial PJ;137766.46;0.1253;60;358;Baixo / Alto Risco (<550);18541.54;3101.56;16.73;45;Atraso Crítico (31-90d);Alto Risco (E/F);34441.61
CTR-50884;2023-04-28;CLI-10134;Cliente_10134;CE;Nordeste;Internet Banking;Empréstimo Empresarial PJ;456864.63;0.1322;24;675;Bom (650-749);16996.75;21767.42;128.07;95;Inadimplente / NPL (>90d);Inadimplência / Loss (G/H);365491.7
CTR-50885;2024-08-26;CLI-10135;Cliente_10135;ES;Sudeste;App Mobile;Cartão de Crédito rotativo;5048.72;0.7811;12;609;Médio (550-649);14332.61;619.12;4.32;0;Em Dia;Baixo Risco (A/B);0.0
CTR-50886;2024-07-01;CLI-10136;Cliente_10136;SP;Sudeste;Internet Banking;Cartão de Crédito rotativo;7540.25;0.5231;24;587;Médio (550-649);27798.16;512.89;1.85;35;Atraso Crítico (31-90d);Alto Risco (E/F);1885.06
CTR-50887;2024-09-27;CLI-10137;Cliente_10137;CE;Nordeste;Agência Física;Financiamento Veicular;74789.55;0.2773;24;391;Baixo / Alto Risco (<550);26919.19;4094.8;15.21;15;Atraso Curto (1-30d);Risco Moderado (C/D);3739.48
CTR-50888;2025-04-22;CLI-10138;Cliente_10138;CE;Nordeste;Agência Física;Financiamento Veicular;26284.47;0.2492;48;504;Baixo / Alto Risco (<550);12320.4;870.35;7.06;0;Em Dia;Baixo Risco (A/B);0.0
CTR-50889;2024-08-24;CLI-10139;Cliente_10139;DF;Centro-Oeste;Internet Banking;Financiamento Imobiliário;618094.98;0.1139;60;390;Baixo / Alto Risco (<550);17802.19;13559.41;76.17;95;Inadimplente / NPL (>90d);Inadimplência / Loss (G/H);494475.98
CTR-50890;2025-07-16;CLI-10140;Cliente_10140;MG;Sudeste;Correspondente Bancário;Financiamento Veicular;98173.91;0.201;24;556;Médio (550-649);29014.45;5001.44;17.24;10;Atraso Curto (1-30d);Risco Moderado (C/D);4908.7
CTR-50891;2023-10-05;CLI-10141;Cliente_10141;ES;Sudeste;Internet Banking;Financiamento Imobiliário;801372.04;0.1024;72;471;Baixo / Alto Risco (<550);31342.91;14943.26;47.68;0;Em Dia;Baixo Risco (A/B);0.0
CTR-50892;2023-08-17;CLI-10142;Cliente_10142;PR;Sul;Agência Física;Financiamento Veicular;98879.77;0.2308;12;600;Médio (550-649);34064.36;9306.06;27.32;0;Em Dia;Baixo Risco (A/B);0.0
CTR-50893;2024-01-28;CLI-10143;Cliente_10143;MG;Sudeste;App Mobile;Financiamento Imobiliário;379880.77;0.0883;360;428;Baixo / Alto Risco (<550);24025.08;3010.26;12.53;120;Inadimplente / NPL (>90d);Inadimplência / Loss (G/H);303904.62
CTR-50894;2024-11-21;CLI-10144;Cliente_10144;CE;Nordeste;App Mobile;Financiamento Imobiliário;229933.09;0.1349;72;535;Baixo / Alto Risco (<550);24023.76;4675.38;19.46;0;Em Dia;Baixo Risco (A/B);0.0
CTR-50895;2023-01-18;CLI-10145;Cliente_10145;BA;Nordeste;App Mobile;Empréstimo Empresarial PJ;279567.08;0.2408;12;690;Bom (650-749);8445.31;26446.58;313.15;95;Inadimplente / NPL (>90d);Inadimplência / Loss (G/H);223653.66
CTR-50896;2025-03-20;CLI-10146;Cliente_10146;CE;Nordeste;App Mobile;Financiamento Veicular;92459.13;0.2226;48;401;Baixo / Alto Risco (<550);23734.0;2926.09;12.33;15;Atraso Curto (1-30d);Risco Moderado (C/D);4622.96
CTR-50897;2024-08-18;CLI-10147;Cliente_10147;BA;Nordeste;Agência Física;Empréstimo Empresarial PJ;174626.87;0.1402;24;427;Baixo / Alto Risco (<550);31271.45;8385.99;26.82;120;Inadimplente / NPL (>90d);Inadimplência / Loss (G/H);139701.5
CTR-50898;2024-05-16;CLI-10148;Cliente_10148;SC;Sul;App Mobile;Crédito Pessoal;14186.31;0.2422;12;405;Baixo / Alto Risco (<550);11800.8;1342.96;11.38;120;Inadimplente / NPL (>90d);Inadimplência / Loss (G/H);11349.05
CTR-50899;2024-05-15;CLI-10149;Cliente_10149;SP;Sudeste;Internet Banking;Financiamento Veicular;82739.49;0.1684;48;842;Excelente (750-850);22389.26;2380.61;10.63;5;Atraso Curto (1-30d);Risco Moderado (C/D);4136.97
CTR-50900;2023-06-11;CLI-10150;Cliente_10150;MG;Sudeste;App Mobile;Empréstimo Empresarial PJ;204418.08;0.2471;12;678;Bom (650-749);28364.24;19400.0;68.4;0;Em Dia;Baixo Risco (A/B);0.0
CTR-50901;2025-06-28;CLI-10151;Cliente_10151;PR;Sul;Agência Física;Financiamento Veicular;30605.42;0.167;12;804;Excelente (750-850);24100.03;2787.0;11.56;5;Atraso Curto (1-30d);Risco Moderado (C/D);1530.27
CTR-50902;2024-12-25;CLI-10152;Cliente_10152;SC;Sul;Internet Banking;Crédito Pessoal;23153.67;0.2016;60;645;Médio (550-649);32073.85;615.49;1.92;35;Atraso Crítico (31-90d);Alto Risco (E/F);5788.42
CTR-50903;2024-08-26;CLI-10153;Cliente_10153;MG;Sudeste;Agência Física;Cartão de Crédito rotativo;3375.81;0.6643;12;517;Baixo / Alto Risco (<550);15156.47;392.47;2.59;0;Em Dia;Baixo Risco (A/B);0.0
CTR-50904;2023-01-02;CLI-10154;Cliente_10154;MG;Sudeste;Internet Banking;Financiamento Imobiliário;897776.49;0.0981;36;331;Baixo / Alto Risco (<550);12380.45;28888.7;233.34;45;Atraso Crítico (31-90d);Alto Risco (E/F);224444.12
CTR-50905;2023-08-28;CLI-10155;Cliente_10155;PE;Nordeste;Internet Banking;Empréstimo Empresarial PJ;390203.32;0.235;36;808;Excelente (750-850);24467.03;15206.54;62.15;45;Atraso Crítico (31-90d);Alto Risco (E/F);97550.83
CTR-50906;2023-10-03;CLI-10156;Cliente_10156;RS;Sul;Agência Física;Crédito Pessoal;11383.05;0.4479;60;645;Médio (550-649);17651.15;477.89;2.71;0;Em Dia;Baixo Risco (A/B);0.0
CTR-50907;2023-07-05;CLI-10157;Cliente_10157;DF;Centro-Oeste;Internet Banking;Financiamento Veicular;36835.61;0.1593;48;649;Médio (550-649);24142.77;1042.61;4.32;90;Atraso Crítico (31-90d);Alto Risco (E/F);9208.9
CTR-50908;2025-06-07;CLI-10158;Cliente_10158;GO;Centro-Oeste;App Mobile;Crédito Pessoal;34817.76;0.2415;60;607;Médio (550-649);24295.26;1004.67;4.14;0;Em Dia;Baixo Risco (A/B);0.0
CTR-50909;2023-12-29;CLI-10159;Cliente_10159;PR;Sul;Agência Física;Empréstimo Empresarial PJ;498920.06;0.2225;60;494;Baixo / Alto Risco (<550);27337.15;13850.64;50.67;15;Atraso Curto (1-30d);Risco Moderado (C/D);24946.0
CTR-50910;2024-07-26;CLI-10160;Cliente_10160;MG;Sudeste;Agência Física;Financiamento Veicular;29860.12;0.1779;24;471;Baixo / Alto Risco (<550);24810.98;1487.71;6.0;45;Atraso Crítico (31-90d);Alto Risco (E/F);7465.03
CTR-50911;2023-12-04;CLI-10161;Cliente_10161;GO;Centro-Oeste;Agência Física;Crédito Pessoal;21593.52;0.2409;36;406;Baixo / Alto Risco (<550);15163.85;848.2;5.59;45;Atraso Crítico (31-90d);Alto Risco (E/F);5398.38
CTR-50912;2025-08-18;CLI-10162;Cliente_10162;PE;Nordeste;Agência Física;Empréstimo Empresarial PJ;308245.86;0.1321;24;334;Baixo / Alto Risco (<550);13899.25;14684.99;105.65;0;Em Dia;Baixo Risco (A/B);0.0
CTR-50913;2024-07-06;CLI-10163;Cliente_10163;PR;Sul;Correspondente Bancário;Financiamento Imobiliário;913933.76;0.1358;120;354;Baixo / Alto Risco (<550);18112.32;13960.44;77.08;0;Em Dia;Baixo Risco (A/B);0.0
CTR-50914;2025-03-28;CLI-10164;Cliente_10164;PE;Nordeste;Agência Física;Crédito Pessoal;7197.72;0.3721;24;703;Bom (650-749);14349.01;429.64;2.99;0;Em Dia;Baixo Risco (A/B);0.0
CTR-50915;2025-08-07;CLI-10165;Cliente_10165;RS;Sul;Internet Banking;Cartão de Crédito rotativo;17727.28;0.8169;60;679;Bom (650-749);8376.91;1230.44;14.69;0;Em Dia;Baixo Risco (A/B);0.0
CTR-50916;2023-02-01;CLI-10166;Cliente_10166;SC;Sul;Correspondente Bancário;Financiamento Veicular;133371.5;0.1527;24;365;Baixo / Alto Risco (<550);24862.05;6483.86;26.08;0;Em Dia;Baixo Risco (A/B);0.0
CTR-50917;2023-06-07;CLI-10167;Cliente_10167;GO;Centro-Oeste;Agência Física;Cartão de Crédito rotativo;16311.71;0.6762;48;434;Baixo / Alto Risco (<550);24906.49;990.46;3.98;45;Atraso Crítico (31-90d);Alto Risco (E/F);4077.93
CTR-50918;2023-04-13;CLI-10168;Cliente_10168;BA;Nordeste;Correspondente Bancário;Crédito Pessoal;18163.98;0.4049;60;399;Baixo / Alto Risco (<550);15008.91;709.8;4.73;0;Em Dia;Baixo Risco (A/B);0.0
CTR-50919;2023-10-11;CLI-10169;Cliente_10169;PR;Sul;Correspondente Bancário;Empréstimo Empresarial PJ;289857.09;0.1854;12;703;Bom (650-749);33275.5;26648.64;80.08;45;Atraso Crítico (31-90d);Alto Risco (E/F);72464.27
CTR-50920;2024-08-03;CLI-10170;Cliente_10170;SC;Sul;Internet Banking;Crédito Pessoal;16939.61;0.2394;36;620;Médio (550-649);21990.22;664.06;3.02;0;Em Dia;Baixo Risco (A/B);0.0
CTR-50921;2023-06-26;CLI-10171;Cliente_10171;SP;Sudeste;Internet Banking;Crédito Pessoal;20704.6;0.4156;36;429;Baixo / Alto Risco (<550);30209.87;1015.04;3.36;45;Atraso Crítico (31-90d);Alto Risco (E/F);5176.15
CTR-50922;2024-06-08;CLI-10172;Cliente_10172;PE;Nordeste;Internet Banking;Crédito Pessoal;15784.07;0.4055;48;703;Bom (650-749);26526.69;669.11;2.52;0;Em Dia;Baixo Risco (A/B);0.0
CTR-50923;2023-06-26;CLI-10173;Cliente_10173;SP;Sudeste;Agência Física;Empréstimo Empresarial PJ;323497.21;0.1222;36;478;Baixo / Alto Risco (<550);25269.33;10778.76;42.66;15;Atraso Curto (1-30d);Risco Moderado (C/D);16174.86
CTR-50924;2023-05-07;CLI-10174;Cliente_10174;SP;Sudeste;Correspondente Bancário;Financiamento Veicular;30747.3;0.2448;36;667;Bom (650-749);19441.52;1214.07;6.24;0;Em Dia;Baixo Risco (A/B);0.0
CTR-50925;2025-03-12;CLI-10175;Cliente_10175;GO;Centro-Oeste;Agência Física;Financiamento Imobiliário;633460.42;0.1385;36;375;Baixo / Alto Risco (<550);28848.31;21604.05;74.89;120;Inadimplente / NPL (>90d);Inadimplência / Loss (G/H);506768.34
CTR-50926;2024-06-12;CLI-10176;Cliente_10176;SP;Sudeste;App Mobile;Financiamento Imobiliário;320531.05;0.1281;12;557;Médio (550-649);19029.39;28600.4;150.3;45;Atraso Crítico (31-90d);Alto Risco (E/F);80132.76
CTR-50927;2025-01-22;CLI-10177;Cliente_10177;RJ;Sudeste;Correspondente Bancário;Crédito Pessoal;21544.49;0.4345;24;693;Bom (650-749);13891.17;1358.72;9.78;0;Em Dia;Baixo Risco (A/B);0.0
CTR-50928;2025-02-12;CLI-10178;Cliente_10178;GO;Centro-Oeste;Agência Física;Financiamento Imobiliário;208423.65;0.1149;24;500;Baixo / Alto Risco (<550);17510.44;9761.66;55.75;45;Atraso Crítico (31-90d);Alto Risco (E/F);52105.91
CTR-50929;2023-07-09;CLI-10179;Cliente_10179;DF;Centro-Oeste;App Mobile;Financiamento Imobiliário;632265.28;0.098;36;623;Médio (550-649);10751.0;20342.1;189.21;15;Atraso Curto (1-30d);Risco Moderado (C/D);31613.26
CTR-50930;2023-07-26;CLI-10180;Cliente_10180;SC;Sul;Internet Banking;Cartão de Crédito rotativo;3625.55;0.8104;60;595;Médio (550-649);28112.01;249.8;0.89;10;Atraso Curto (1-30d);Risco Moderado (C/D);181.28
CTR-50931;2023-07-19;CLI-10181;Cliente_10181;BA;Nordeste;App Mobile;Empréstimo Empresarial PJ;361914.78;0.1374;36;585;Médio (550-649);28518.26;12323.74;43.21;0;Em Dia;Baixo Risco (A/B);0.0
CTR-50932;2024-08-20;CLI-10182;Cliente_10182;PE;Nordeste;Agência Física;Financiamento Veicular;140287.13;0.2751;36;646;Médio (550-649);24448.17;5765.7;23.58;0;Em Dia;Baixo Risco (A/B);0.0
CTR-50933;2023-11-20;CLI-10183;Cliente_10183;ES;Sudeste;Correspondente Bancário;Financiamento Veicular;132011.06;0.1696;60;676;Bom (650-749);19099.62;3277.98;17.16;0;Em Dia;Baixo Risco (A/B);0.0
CTR-50934;2023-08-09;CLI-10184;Cliente_10184;BA;Nordeste;App Mobile;Financiamento Imobiliário;161400.97;0.1009;72;827;Excelente (750-850);24711.79;2997.42;12.13;0;Em Dia;Baixo Risco (A/B);0.0
CTR-50935;2023-06-27;CLI-10185;Cliente_10185;CE;Nordeste;App Mobile;Financiamento Imobiliário;378492.13;0.1098;24;724;Bom (650-749);30229.75;17637.19;58.34;0;Em Dia;Baixo Risco (A/B);0.0
CTR-50936;2023-12-11;CLI-10186;Cliente_10186;SC;Sul;Agência Física;Financiamento Imobiliário;292748.17;0.0904;36;321;Baixo / Alto Risco (<550);21941.74;9314.76;42.45;15;Atraso Curto (1-30d);Risco Moderado (C/D);14637.41
CTR-50937;2024-10-20;CLI-10187;Cliente_10187;GO;Centro-Oeste;Agência Física;Cartão de Crédito rotativo;9154.51;0.808;24;702;Bom (650-749);30295.64;779.58;2.57;0;Em Dia;Baixo Risco (A/B);0.0
CTR-50938;2024-08-09;CLI-10188;Cliente_10188;SC;Sul;Correspondente Bancário;Cartão de Crédito rotativo;12992.37;0.5819;48;536;Baixo / Alto Risco (<550);9145.93;702.37;7.68;10;Atraso Curto (1-30d);Risco Moderado (C/D);649.62
CTR-50939;2023-04-15;CLI-10189;Cliente_10189;BA;Nordeste;Correspondente Bancário;Financiamento Veicular;103501.65;0.2284;36;483;Baixo / Alto Risco (<550);11623.58;3997.89;34.39;15;Atraso Curto (1-30d);Risco Moderado (C/D);5175.08
CTR-50940;2025-06-26;CLI-10190;Cliente_10190;RJ;Sudeste;Correspondente Bancário;Cartão de Crédito rotativo;12793.94;0.6975;48;548;Baixo / Alto Risco (<550);10596.81;796.55;7.52;0;Em Dia;Baixo Risco (A/B);0.0
CTR-50941;2024-09-15;CLI-10191;Cliente_10191;SC;Sul;App Mobile;Crédito Pessoal;14161.25;0.2517;48;827;Excelente (750-850);13464.84;470.89;3.5;0;Em Dia;Baixo Risco (A/B);0.0
CTR-50942;2024-11-07;CLI-10192;Cliente_10192;RJ;Sudeste;Correspondente Bancário;Financiamento Imobiliário;909750.68;0.1302;60;628;Médio (550-649);24269.83;20708.94;85.33;15;Atraso Curto (1-30d);Risco Moderado (C/D);45487.53
CTR-50943;2023-07-15;CLI-10193;Cliente_10193;SP;Sudeste;Internet Banking;Empréstimo Empresarial PJ;487701.78;0.1705;48;818;Excelente (750-850);28298.08;14085.27;49.77;0;Em Dia;Baixo Risco (A/B);0.0
CTR-50944;2023-08-20;CLI-10194;Cliente_10194;RJ;Sudeste;Correspondente Bancário;Financiamento Imobiliário;518541.53;0.1391;360;727;Bom (650-749);27985.37;6107.13;21.82;5;Atraso Curto (1-30d);Risco Moderado (C/D);25927.08
CTR-50945;2025-02-08;CLI-10195;Cliente_10195;PE;Nordeste;Agência Física;Cartão de Crédito rotativo;14451.31;0.5528;24;704;Bom (650-749);12788.45;1007.59;7.88;0;Em Dia;Baixo Risco (A/B);0.0
CTR-50946;2025-01-01;CLI-10196;Cliente_10196;RS;Sul;App Mobile;Financiamento Imobiliário;450505.38;0.0856;360;392;Baixo / Alto Risco (<550);27151.81;3483.17;12.83;0;Em Dia;Baixo Risco (A/B);0.0
CTR-50947;2025-08-01;CLI-10197;Cliente_10197;PE;Nordeste;Internet Banking;Crédito Pessoal;23697.47;0.3329;24;461;Baixo / Alto Risco (<550);7710.35;1365.45;17.71;120;Inadimplente / NPL (>90d);Inadimplência / Loss (G/H);18957.98
CTR-50948;2024-06-20;CLI-10198;Cliente_10198;BA;Nordeste;Internet Banking;Financiamento Imobiliário;860729.96;0.1202;12;391;Baixo / Alto Risco (<550);3127.1;76482.87;2445.81;0;Em Dia;Baixo Risco (A/B);0.0
CTR-50949;2023-04-10;CLI-10199;Cliente_10199;MG;Sudeste;Internet Banking;Crédito Pessoal;29442.45;0.2981;48;850;Excelente (750-850);21191.76;1056.85;4.99;0;Em Dia;Baixo Risco (A/B);0.0
CTR-50950;2024-10-01;CLI-10200;Cliente_10200;DF;Centro-Oeste;App Mobile;Crédito Pessoal;16960.84;0.27;24;575;Médio (550-649);25119.25;922.33;3.67;10;Atraso Curto (1-30d);Risco Moderado (C/D);848.04
CTR-50951;2023-06-04;CLI-10201;Cliente_10201;GO;Centro-Oeste;Correspondente Bancário;Financiamento Veicular;75936.4;0.1735;12;588;Médio (550-649);31994.31;6938.38;21.69;0;Em Dia;Baixo Risco (A/B);0.0
CTR-50952;2023-02-21;CLI-10202;Cliente_10202;GO;Centro-Oeste;Internet Banking;Empréstimo Empresarial PJ;167432.21;0.2159;12;394;Baixo / Alto Risco (<550);17250.86;15637.69;90.65;15;Atraso Curto (1-30d);Risco Moderado (C/D);8371.61
CTR-50953;2024-12-19;CLI-10203;Cliente_10203;MG;Sudeste;Correspondente Bancário;Cartão de Crédito rotativo;13277.73;0.7971;12;387;Baixo / Alto Risco (<550);7618.43;1639.99;21.53;0;Em Dia;Baixo Risco (A/B);0.0
CTR-50954;2023-12-18;CLI-10204;Cliente_10204;PR;Sul;Correspondente Bancário;Financiamento Imobiliário;165032.02;0.0956;48;323;Baixo / Alto Risco (<550);10192.06;4150.85;40.73;45;Atraso Crítico (31-90d);Alto Risco (E/F);41258.0
CTR-50955;2024-12-22;CLI-10205;Cliente_10205;RS;Sul;App Mobile;Financiamento Veicular;128349.45;0.1869;24;407;Baixo / Alto Risco (<550);22630.75;6450.6;28.5;15;Atraso Curto (1-30d);Risco Moderado (C/D);6417.47
CTR-50956;2025-02-25;CLI-10206;Cliente_10206;CE;Nordeste;App Mobile;Empréstimo Empresarial PJ;58859.07;0.1631;24;387;Baixo / Alto Risco (<550);14882.86;2890.65;19.42;45;Atraso Crítico (31-90d);Alto Risco (E/F);14714.77
CTR-50957;2023-07-06;CLI-10207;Cliente_10207;SC;Sul;Internet Banking;Empréstimo Empresarial PJ;219916.16;0.1913;36;551;Médio (550-649);33740.55;8075.71;23.93;10;Atraso Curto (1-30d);Risco Moderado (C/D);10995.81
CTR-50958;2024-07-21;CLI-10208;Cliente_10208;CE;Nordeste;App Mobile;Cartão de Crédito rotativo;17558.55;0.5083;12;661;Bom (650-749);24337.74;1896.59;7.79;0;Em Dia;Baixo Risco (A/B);0.0
CTR-50959;2023-11-24;CLI-10209;Cliente_10209;PR;Sul;Internet Banking;Cartão de Crédito rotativo;6423.05;0.5783;24;558;Médio (550-649);4390.85;457.33;10.42;90;Atraso Crítico (31-90d);Alto Risco (E/F);1605.76
CTR-50960;2024-12-07;CLI-10210;Cliente_10210;RS;Sul;Internet Banking;Financiamento Veicular;135168.66;0.1481;36;696;Bom (650-749);11962.85;4673.1;39.06;0;Em Dia;Baixo Risco (A/B);0.0
CTR-50961;2023-08-08;CLI-10211;Cliente_10211;RJ;Sudeste;Internet Banking;Cartão de Crédito rotativo;4785.61;0.6932;48;555;Médio (550-649);9838.63;296.46;3.01;90;Atraso Crítico (31-90d);Alto Risco (E/F);1196.4
CTR-50962;2023-04-06;CLI-10212;Cliente_10212;RJ;Sudeste;App Mobile;Cartão de Crédito rotativo;8439.53;0.4997;60;462;Baixo / Alto Risco (<550);4212.94;384.7;9.13;45;Atraso Crítico (31-90d);Alto Risco (E/F);2109.88
CTR-50963;2023-08-20;CLI-10213;Cliente_10213;BA;Nordeste;Correspondente Bancário;Crédito Pessoal;2921.4;0.292;36;343;Baixo / Alto Risco (<550);21725.3;122.74;0.56;95;Inadimplente / NPL (>90d);Inadimplência / Loss (G/H);2337.12
CTR-50964;2025-05-15;CLI-10214;Cliente_10214;RJ;Sudeste;Internet Banking;Financiamento Veicular;96698.19;0.1993;60;610;Médio (550-649);21735.68;2558.15;11.77;10;Atraso Curto (1-30d);Risco Moderado (C/D);4834.91
CTR-50965;2023-01-09;CLI-10215;Cliente_10215;RJ;Sudeste;Internet Banking;Financiamento Veicular;142874.03;0.232;48;547;Baixo / Alto Risco (<550);3905.58;4594.99;117.65;45;Atraso Crítico (31-90d);Alto Risco (E/F);35718.51
CTR-50966;2023-07-19;CLI-10216;Cliente_10216;PE;Nordeste;Agência Física;Empréstimo Empresarial PJ;244441.3;0.1301;36;796;Excelente (750-850);30135.85;8237.37;27.33;0;Em Dia;Baixo Risco (A/B);0.0
CTR-50967;2025-08-08;CLI-10217;Cliente_10217;CE;Nordeste;Internet Banking;Financiamento Imobiliário;834948.19;0.0987;48;362;Baixo / Alto Risco (<550);23810.17;21124.35;88.72;45;Atraso Crítico (31-90d);Alto Risco (E/F);208737.05
CTR-50968;2024-05-21;CLI-10218;Cliente_10218;RS;Sul;App Mobile;Empréstimo Empresarial PJ;104523.56;0.1842;12;845;Excelente (750-850);9427.76;9603.62;101.87;95;Inadimplente / NPL (>90d);Inadimplência / Loss (G/H);83618.85
CTR-50969;2024-01-31;CLI-10219;Cliente_10219;RS;Sul;Agência Física;Empréstimo Empresarial PJ;179780.44;0.1706;48;582;Médio (550-649);29350.14;5193.15;17.69;10;Atraso Curto (1-30d);Risco Moderado (C/D);8989.02
CTR-50970;2023-11-20;CLI-10220;Cliente_10220;BA;Nordeste;Correspondente Bancário;Financiamento Veicular;128501.82;0.2686;24;466;Baixo / Alto Risco (<550);22329.26;6978.84;31.25;15;Atraso Curto (1-30d);Risco Moderado (C/D);6425.09
CTR-50971;2024-12-28;CLI-10221;Cliente_10221;DF;Centro-Oeste;Agência Física;Financiamento Veicular;105768.2;0.1622;48;536;Baixo / Alto Risco (<550);9443.78;3009.43;31.87;0;Em Dia;Baixo Risco (A/B);0.0
CTR-50972;2025-04-21;CLI-10222;Cliente_10222;BA;Nordeste;App Mobile;Financiamento Imobiliário;823804.13;0.1063;360;556;Médio (550-649);30755.6;7615.84;24.76;0;Em Dia;Baixo Risco (A/B);0.0
CTR-50973;2023-07-09;CLI-10223;Cliente_10223;RJ;Sudeste;Correspondente Bancário;Financiamento Imobiliário;679563.13;0.101;360;789;Excelente (750-850);7551.59;6013.93;79.64;15;Atraso Curto (1-30d);Risco Moderado (C/D);33978.16
CTR-50974;2024-04-08;CLI-10224;Cliente_10224;DF;Centro-Oeste;Internet Banking;Financiamento Imobiliário;869515.09;0.0964;72;550;Médio (550-649);18767.84;15951.09;84.99;45;Atraso Crítico (31-90d);Alto Risco (E/F);217378.77
CTR-50975;2024-02-12;CLI-10225;Cliente_10225;CE;Nordeste;App Mobile;Empréstimo Empresarial PJ;103777.65;0.2097;24;601;Médio (550-649);24845.92;5331.15;21.46;35;Atraso Crítico (31-90d);Alto Risco (E/F);25944.41
CTR-50976;2024-06-22;CLI-10226;Cliente_10226;GO;Centro-Oeste;App Mobile;Financiamento Veicular;113105.95;0.151;12;643;Médio (550-649);6945.28;10214.09;147.07;120;Inadimplente / NPL (>90d);Inadimplência / Loss (G/H);90484.76
CTR-50977;2024-07-02;CLI-10227;Cliente_10227;MG;Sudeste;App Mobile;Crédito Pessoal;33094.48;0.3492;24;573;Médio (550-649);22214.05;1935.25;8.71;0;Em Dia;Baixo Risco (A/B);0.0
CTR-50978;2025-03-05;CLI-10228;Cliente_10228;ES;Sudeste;Agência Física;Empréstimo Empresarial PJ;66294.85;0.2454;36;455;Baixo / Alto Risco (<550);23727.65;2619.77;11.04;120;Inadimplente / NPL (>90d);Inadimplência / Loss (G/H);53035.88
CTR-50979;2024-07-07;CLI-10229;Cliente_10229;SP;Sudeste;Internet Banking;Cartão de Crédito rotativo;12403.85;0.5667;48;746;Bom (650-749);14094.99;657.55;4.67;0;Em Dia;Baixo Risco (A/B);0.0
CTR-50980;2024-08-09;CLI-10230;Cliente_10230;GO;Centro-Oeste;Agência Física;Empréstimo Empresarial PJ;450631.57;0.2196;12;524;Baixo / Alto Risco (<550);5752.9;42167.91;732.99;120;Inadimplente / NPL (>90d);Inadimplência / Loss (G/H);360505.26
CTR-50981;2025-03-09;CLI-10231;Cliente_10231;PR;Sul;Correspondente Bancário;Cartão de Crédito rotativo;7839.53;0.4889;24;577;Médio (550-649);16206.99;518.08;3.2;0;Em Dia;Baixo Risco (A/B);0.0
CTR-50982;2024-09-29;CLI-10232;Cliente_10232;PE;Nordeste;App Mobile;Cartão de Crédito rotativo;18566.87;0.4828;24;439;Baixo / Alto Risco (<550);34026.76;1220.65;3.59;120;Inadimplente / NPL (>90d);Inadimplência / Loss (G/H);14853.5
CTR-50983;2024-03-12;CLI-10233;Cliente_10233;RJ;Sudeste;App Mobile;Financiamento Veicular;129756.48;0.1546;12;711;Bom (650-749);25264.85;11739.78;46.47;0;Em Dia;Baixo Risco (A/B);0.0
CTR-50984;2024-09-29;CLI-10234;Cliente_10234;GO;Centro-Oeste;Internet Banking;Financiamento Veicular;58485.45;0.2125;60;648;Médio (550-649);12910.93;1590.46;12.32;0;Em Dia;Baixo Risco (A/B);0.0
CTR-50985;2023-04-15;CLI-10235;Cliente_10235;SC;Sul;Correspondente Bancário;Empréstimo Empresarial PJ;195470.03;0.2361;12;467;Baixo / Alto Risco (<550);21107.95;18446.69;87.39;95;Inadimplente / NPL (>90d);Inadimplência / Loss (G/H);156376.02
CTR-50986;2023-08-07;CLI-10236;Cliente_10236;SP;Sudeste;Correspondente Bancário;Cartão de Crédito rotativo;9071.08;0.7956;12;731;Bom (650-749);4057.57;1119.65;27.59;0;Em Dia;Baixo Risco (A/B);0.0
CTR-50987;2023-03-29;CLI-10237;Cliente_10237;BA;Nordeste;Correspondente Bancário;Crédito Pessoal;18862.77;0.3313;12;376;Baixo / Alto Risco (<550);19812.7;1868.04;9.43;120;Inadimplente / NPL (>90d);Inadimplência / Loss (G/H);15090.22
CTR-50988;2023-10-31;CLI-10238;Cliente_10238;DF;Centro-Oeste;Internet Banking;Cartão de Crédito rotativo;8084.81;0.8271;24;509;Baixo / Alto Risco (<550);10327.85;698.27;6.76;0;Em Dia;Baixo Risco (A/B);0.0
CTR-50989;2024-10-28;CLI-10239;Cliente_10239;DF;Centro-Oeste;Internet Banking;Financiamento Veicular;161758.49;0.2796;60;602;Médio (550-649);6886.78;5032.58;73.08;15;Atraso Curto (1-30d);Risco Moderado (C/D);8087.92
CTR-50990;2025-02-06;CLI-10240;Cliente_10240;CE;Nordeste;Agência Física;Financiamento Veicular;42683.86;0.1799;60;442;Baixo / Alto Risco (<550);18188.03;1083.66;5.96;45;Atraso Crítico (31-90d);Alto Risco (E/F);10670.97
CTR-50991;2025-08-04;CLI-10241;Cliente_10241;MG;Sudeste;App Mobile;Financiamento Imobiliário;799230.71;0.1174;360;558;Médio (550-649);20762.68;8061.39;38.83;10;Atraso Curto (1-30d);Risco Moderado (C/D);39961.54
CTR-50992;2025-08-23;CLI-10242;Cliente_10242;RS;Sul;Correspondente Bancário;Crédito Pessoal;7354.44;0.1829;36;763;Excelente (750-850);25165.48;266.95;1.06;0;Em Dia;Baixo Risco (A/B);0.0
CTR-50993;2025-05-20;CLI-10243;Cliente_10243;GO;Centro-Oeste;Agência Física;Empréstimo Empresarial PJ;494213.09;0.1369;48;422;Baixo / Alto Risco (<550);12993.32;13428.38;103.35;95;Inadimplente / NPL (>90d);Inadimplência / Loss (G/H);395370.47
CTR-50994;2024-11-06;CLI-10244;Cliente_10244;SP;Sudeste;Agência Física;Financiamento Imobiliário;840053.6;0.133;72;746;Bom (650-749);11641.82;16996.63;146.0;95;Inadimplente / NPL (>90d);Inadimplência / Loss (G/H);672042.88
CTR-50995;2023-09-30;CLI-10245;Cliente_10245;RJ;Sudeste;Agência Física;Empréstimo Empresarial PJ;323687.49;0.1976;48;680;Bom (650-749);12472.27;9808.58;78.64;15;Atraso Curto (1-30d);Risco Moderado (C/D);16184.37
CTR-50996;2023-06-25;CLI-10246;Cliente_10246;CE;Nordeste;Correspondente Bancário;Empréstimo Empresarial PJ;397516.02;0.1386;60;848;Excelente (750-850);15888.86;9220.68;58.03;15;Atraso Curto (1-30d);Risco Moderado (C/D);19875.8
CTR-50997;2025-03-13;CLI-10247;Cliente_10247;BA;Nordeste;Correspondente Bancário;Financiamento Imobiliário;178642.73;0.0884;360;743;Bom (650-749);26507.98;1416.88;5.35;0;Em Dia;Baixo Risco (A/B);0.0
CTR-50998;2023-05-31;CLI-10248;Cliente_10248;RS;Sul;Agência Física;Crédito Pessoal;3295.64;0.3363;48;341;Baixo / Alto Risco (<550);31080.0;125.72;0.4;0;Em Dia;Baixo Risco (A/B);0.0
CTR-50999;2024-10-15;CLI-10249;Cliente_10249;CE;Nordeste;Correspondente Bancário;Financiamento Imobiliário;949961.79;0.1166;60;710;Bom (650-749);3547.32;20968.52;591.11;45;Atraso Crítico (31-90d);Alto Risco (E/F);237490.45
CTR-51000;2024-05-10;CLI-10250;Cliente_10250;RS;Sul;Correspondente Bancário;Crédito Pessoal;18211.92;0.3076;24;711;Bom (650-749);15337.96;1025.42;6.69;0;Em Dia;Baixo Risco (A/B);0.0
CTR-51001;2023-12-03;CLI-10001;Cliente_10001;CE;Nordeste;Correspondente Bancário;Empréstimo Empresarial PJ;64551.53;0.176;36;734;Bom (650-749);15828.36;2320.76;14.66;0;Em Dia;Baixo Risco (A/B);0.0
CTR-51002;2024-10-08;CLI-10002;Cliente_10002;MG;Sudeste;Correspondente Bancário;Empréstimo Empresarial PJ;56212.74;0.2243;12;674;Bom (650-749);34267.37;5272.84;15.39;0;Em Dia;Baixo Risco (A/B);0.0
CTR-51003;2025-07-30;CLI-10003;Cliente_10003;DF;Centro-Oeste;Agência Física;Empréstimo Empresarial PJ;445749.29;0.1638;12;442;Baixo / Alto Risco (<550);32015.94;40523.42;126.57;0;Em Dia;Baixo Risco (A/B);0.0
CTR-51004;2025-08-16;CLI-10004;Cliente_10004;SP;Sudeste;Correspondente Bancário;Crédito Pessoal;27195.79;0.2374;24;668;Bom (650-749);7280.28;1434.34;19.7;5;Atraso Curto (1-30d);Risco Moderado (C/D);1359.79
CTR-51005;2023-02-27;CLI-10005;Cliente_10005;BA;Nordeste;Correspondente Bancário;Financiamento Veicular;42446.17;0.1787;24;587;Médio (550-649);33961.93;2116.42;6.23;0;Em Dia;Baixo Risco (A/B);0.0
CTR-51006;2024-08-17;CLI-10006;Cliente_10006;MG;Sudeste;Agência Física;Financiamento Veicular;90047.01;0.2284;60;415;Baixo / Alto Risco (<550);13131.14;2530.2;19.27;15;Atraso Curto (1-30d);Risco Moderado (C/D);4502.35
CTR-51007;2024-11-12;CLI-10007;Cliente_10007;DF;Centro-Oeste;Correspondente Bancário;Financiamento Imobiliário;803622.51;0.0977;360;355;Baixo / Alto Risco (<550);24597.66;6916.16;28.12;95;Inadimplente / NPL (>90d);Inadimplência / Loss (G/H);642898.01
CTR-51008;2025-02-01;CLI-10008;Cliente_10008;MG;Sudeste;App Mobile;Cartão de Crédito rotativo;8129.29;0.4852;60;430;Baixo / Alto Risco (<550);22042.34;362.28;1.64;45;Atraso Crítico (31-90d);Alto Risco (E/F);2032.32
CTR-51009;2023-08-19;CLI-10009;Cliente_10009;PE;Nordeste;App Mobile;Empréstimo Empresarial PJ;475400.92;0.1509;60;670;Bom (650-749);17347.67;11332.23;65.32;45;Atraso Crítico (31-90d);Alto Risco (E/F);118850.23
CTR-51010;2024-01-18;CLI-10010;Cliente_10010;SC;Sul;App Mobile;Financiamento Veicular;57990.82;0.1536;12;737;Bom (650-749);15307.72;5244.01;34.26;0;Em Dia;Baixo Risco (A/B);0.0
CTR-51011;2024-09-03;CLI-10011;Cliente_10011;GO;Centro-Oeste;Internet Banking;Empréstimo Empresarial PJ;338398.04;0.1346;60;685;Bom (650-749);21351.85;7779.52;36.43;0;Em Dia;Baixo Risco (A/B);0.0
CTR-51012;2023-07-08;CLI-10012;Cliente_10012;CE;Nordeste;Agência Física;Financiamento Veicular;114340.25;0.2646;60;658;Bom (650-749);9509.76;3454.61;36.33;20;Atraso Curto (1-30d);Risco Moderado (C/D);5717.01
CTR-51013;2024-11-09;CLI-10013;Cliente_10013;ES;Sudeste;Internet Banking;Crédito Pessoal;22035.82;0.434;36;579;Médio (550-649);14764.42;1104.3;7.48;10;Atraso Curto (1-30d);Risco Moderado (C/D);1101.79
CTR-51014;2025-07-24;CLI-10014;Cliente_10014;ES;Sudeste;Agência Física;Crédito Pessoal;15856.76;0.252;48;320;Baixo / Alto Risco (<550);30673.45;527.53;1.72;45;Atraso Crítico (31-90d);Alto Risco (E/F);3964.19
CTR-51015;2023-04-15;CLI-10015;Cliente_10015;DF;Centro-Oeste;App Mobile;Empréstimo Empresarial PJ;190637.17;0.158;36;609;Médio (550-649);7832.76;6683.43;85.33;120;Inadimplente / NPL (>90d);Inadimplência / Loss (G/H);152509.74
CTR-51016;2025-06-21;CLI-10016;Cliente_10016;MG;Sudeste;Internet Banking;Financiamento Veicular;106801.16;0.2435;24;354;Baixo / Alto Risco (<550);3675.23;5665.37;154.15;45;Atraso Crítico (31-90d);Alto Risco (E/F);26700.29
CTR-51017;2023-01-29;CLI-10017;Cliente_10017;GO;Centro-Oeste;Correspondente Bancário;Crédito Pessoal;34218.38;0.3124;48;829;Excelente (750-850);30849.39;1256.87;4.07;5;Atraso Curto (1-30d);Risco Moderado (C/D);1710.92
CTR-51018;2024-06-14;CLI-10018;Cliente_10018;DF;Centro-Oeste;Internet Banking;Empréstimo Empresarial PJ;259724.63;0.2316;24;478;Baixo / Alto Risco (<550);7253.2;13623.28;187.82;0;Em Dia;Baixo Risco (A/B);0.0
CTR-51019;2023-06-09;CLI-10019;Cliente_10019;RS;Sul;App Mobile;Financiamento Veicular;34187.44;0.1573;48;683;Bom (650-749);4727.5;964.16;20.39;0;Em Dia;Baixo Risco (A/B);0.0
CTR-51020;2024-08-25;CLI-10020;Cliente_10020;SC;Sul;Internet Banking;Crédito Pessoal;19404.69;0.3774;36;682;Bom (650-749);7426.89;908.14;12.23;5;Atraso Curto (1-30d);Risco Moderado (C/D);970.23
CTR-51021;2024-02-08;CLI-10021;Cliente_10021;RS;Sul;Correspondente Bancário;Financiamento Veicular;28637.34;0.1948;24;354;Baixo / Alto Risco (<550);26855.69;1450.26;5.4;45;Atraso Crítico (31-90d);Alto Risco (E/F);7159.34
CTR-51022;2025-01-28;CLI-10022;Cliente_10022;DF;Centro-Oeste;Internet Banking;Financiamento Veicular;50794.15;0.2225;12;676;Bom (650-749);22964.75;4760.16;20.73;0;Em Dia;Baixo Risco (A/B);0.0
CTR-51023;2024-07-16;CLI-10023;Cliente_10023;ES;Sudeste;Agência Física;Cartão de Crédito rotativo;2302.44;0.5899;12;611;Médio (550-649);29733.54;258.54;0.87;35;Atraso Crítico (31-90d);Alto Risco (E/F);575.61
CTR-51024;2025-01-21;CLI-10024;Cliente_10024;MG;Sudeste;App Mobile;Crédito Pessoal;2100.54;0.252;60;381;Baixo / Alto Risco (<550);27306.32;61.9;0.23;15;Atraso Curto (1-30d);Risco Moderado (C/D);105.03
CTR-51025;2023-03-14;CLI-10025;Cliente_10025;ES;Sudeste;App Mobile;Financiamento Imobiliário;521422.08;0.0962;24;720;Bom (650-749);11269.06;23969.63;212.7;15;Atraso Curto (1-30d);Risco Moderado (C/D);26071.1
CTR-51026;2025-08-30;CLI-10026;Cliente_10026;MG;Sudeste;Agência Física;Cartão de Crédito rotativo;12690.68;0.5958;48;465;Baixo / Alto Risco (<550);18994.37;698.31;3.68;0;Em Dia;Baixo Risco (A/B);0.0
CTR-51027;2025-02-21;CLI-10027;Cliente_10027;SP;Sudeste;Agência Física;Empréstimo Empresarial PJ;492425.17;0.1416;48;581;Médio (550-649);25614.21;13495.8;52.69;45;Atraso Crítico (31-90d);Alto Risco (E/F);123106.29
CTR-51028;2023-04-15;CLI-10028;Cliente_10028;SP;Sudeste;App Mobile;Cartão de Crédito rotativo;13707.15;0.6621;48;669;Bom (650-749);16901.92;818.44;4.84;0;Em Dia;Baixo Risco (A/B);0.0
CTR-51029;2024-10-01;CLI-10029;Cliente_10029;ES;Sudeste;Internet Banking;Financiamento Imobiliário;771407.03;0.0934;24;553;Médio (550-649);3874.76;35361.99;912.62;45;Atraso Crítico (31-90d);Alto Risco (E/F);192851.76
CTR-51030;2023-12-19;CLI-10030;Cliente_10030;RS;Sul;App Mobile;Financiamento Imobiliário;157594.2;0.0879;360;551;Médio (550-649);26957.03;1244.3;4.62;0;Em Dia;Baixo Risco (A/B);0.0
CTR-51031;2023-12-26;CLI-10031;Cliente_10031;BA;Nordeste;App Mobile;Financiamento Veicular;88814.58;0.1573;36;829;Excelente (750-850);19225.67;3110.63;16.18;0;Em Dia;Baixo Risco (A/B);0.0
CTR-51032;2025-07-09;CLI-10032;Cliente_10032;PR;Sul;App Mobile;Crédito Pessoal;16990.06;0.2466;60;379;Baixo / Alto Risco (<550);31483.27;495.3;1.57;45;Atraso Crítico (31-90d);Alto Risco (E/F);4247.52
CTR-51033;2023-06-15;CLI-10033;Cliente_10033;SC;Sul;Agência Física;Financiamento Veicular;170291.27;0.2103;60;828;Excelente (750-850);16883.89;4609.83;27.3;0;Em Dia;Baixo Risco (A/B);0.0
CTR-51034;2025-03-15;CLI-10034;Cliente_10034;DF;Centro-Oeste;Correspondente Bancário;Crédito Pessoal;18973.69;0.1898;24;493;Baixo / Alto Risco (<550);29928.76;956.25;3.2;45;Atraso Crítico (31-90d);Alto Risco (E/F);4743.42
CTR-51035;2024-03-07;CLI-10035;Cliente_10035;CE;Nordeste;Correspondente Bancário;Financiamento Imobiliário;819394.26;0.1187;360;357;Baixo / Alto Risco (<550);11342.83;8346.49;73.58;0;Em Dia;Baixo Risco (A/B);0.0
CTR-51036;2025-05-30;CLI-10036;Cliente_10036;PR;Sul;Internet Banking;Financiamento Imobiliário;767680.76;0.1302;60;562;Médio (550-649);26164.25;17474.96;66.79;0;Em Dia;Baixo Risco (A/B);0.0
CTR-51037;2023-11-11;CLI-10037;Cliente_10037;ES;Sudeste;Internet Banking;Financiamento Veicular;166850.03;0.2231;24;516;Baixo / Alto Risco (<550);11949.16;8681.44;72.65;45;Atraso Crítico (31-90d);Alto Risco (E/F);41712.51
CTR-51038;2023-01-14;CLI-10038;Cliente_10038;PR;Sul;Correspondente Bancário;Empréstimo Empresarial PJ;317143.44;0.1946;60;377;Baixo / Alto Risco (<550);12510.38;8307.36;66.4;15;Atraso Curto (1-30d);Risco Moderado (C/D);15857.17
CTR-51039;2023-05-29;CLI-10039;Cliente_10039;ES;Sudeste;Internet Banking;Cartão de Crédito rotativo;5781.63;0.4715;24;596;Médio (550-649);19490.36;376.45;1.93;10;Atraso Curto (1-30d);Risco Moderado (C/D);289.08
CTR-51040;2023-10-16;CLI-10040;Cliente_10040;PR;Sul;Agência Física;Crédito Pessoal;32544.22;0.3493;60;788;Excelente (750-850);26425.52;1153.55;4.37;0;Em Dia;Baixo Risco (A/B);0.0
CTR-51041;2023-05-14;CLI-10041;Cliente_10041;CE;Nordeste;Internet Banking;Financiamento Veicular;111969.18;0.2632;48;365;Baixo / Alto Risco (<550);11415.81;3795.49;33.25;0;Em Dia;Baixo Risco (A/B);0.0
CTR-51042;2025-08-23;CLI-10042;Cliente_10042;PR;Sul;Agência Física;Cartão de Crédito rotativo;17050.87;0.8013;24;402;Baixo / Alto Risco (<550);26898.22;1444.81;5.37;120;Inadimplente / NPL (>90d);Inadimplência / Loss (G/H);13640.7
CTR-51043;2023-07-20;CLI-10043;Cliente_10043;CE;Nordeste;Internet Banking;Empréstimo Empresarial PJ;372484.39;0.232;60;730;Bom (650-749);21139.49;10543.36;49.88;120;Inadimplente / NPL (>90d);Inadimplência / Loss (G/H);297987.51
CTR-51044;2023-01-24;CLI-10044;Cliente_10044;MG;Sudeste;Internet Banking;Cartão de Crédito rotativo;6416.86;0.5811;24;729;Bom (650-749);4538.44;457.94;10.09;0;Em Dia;Baixo Risco (A/B);0.0
CTR-51045;2025-06-24;CLI-10045;Cliente_10045;PR;Sul;App Mobile;Financiamento Veicular;26289.93;0.1557;60;435;Baixo / Alto Risco (<550);28092.24;633.33;2.25;120;Inadimplente / NPL (>90d);Inadimplência / Loss (G/H);21031.94
CTR-51046;2023-09-05;CLI-10046;Cliente_10046;DF;Centro-Oeste;App Mobile;Cartão de Crédito rotativo;10190.28;0.5026;60;709;Bom (650-749);33411.41;466.59;1.4;0;Em Dia;Baixo Risco (A/B);0.0
CTR-51047;2023-04-22;CLI-10047;Cliente_10047;MG;Sudeste;App Mobile;Crédito Pessoal;30601.2;0.4117;36;342;Baixo / Alto Risco (<550);33652.63;1493.19;4.44;120;Inadimplente / NPL (>90d);Inadimplência / Loss (G/H);24480.96
CTR-51048;2025-06-04;CLI-10048;Cliente_10048;PE;Nordeste;Internet Banking;Empréstimo Empresarial PJ;301567.79;0.186;36;477;Baixo / Alto Risco (<550);27390.74;10993.38;40.14;45;Atraso Crítico (31-90d);Alto Risco (E/F);75391.95
CTR-51049;2024-10-11;CLI-10049;Cliente_10049;PR;Sul;Internet Banking;Empréstimo Empresarial PJ;58394.2;0.2194;12;535;Baixo / Alto Risco (<550);33163.94;5463.68;16.47;10;Atraso Curto (1-30d);Risco Moderado (C/D);2919.71
CTR-51050;2023-01-04;CLI-10050;Cliente_10050;SP;Sudeste;Internet Banking;Crédito Pessoal;15091.5;0.4245;60;711;Bom (650-749);14338.82;609.57;4.25;0;Em Dia;Baixo Risco (A/B);0.0
CTR-51051;2025-03-04;CLI-10051;Cliente_10051;MG;Sudeste;Internet Banking;Financiamento Imobiliário;251719.79;0.0894;72;362;Baixo / Alto Risco (<550);17958.42;4529.89;25.22;95;Inadimplente / NPL (>90d);Inadimplência / Loss (G/H);201375.83
CTR-51052;2023-01-10;CLI-10052;Cliente_10052;PE;Nordeste;Correspondente Bancário;Empréstimo Empresarial PJ;237717.89;0.1402;12;670;Bom (650-749);33990.13;21346.24;62.8;45;Atraso Crítico (31-90d);Alto Risco (E/F);59429.47
CTR-51053;2023-06-24;CLI-10053;Cliente_10053;DF;Centro-Oeste;Agência Física;Financiamento Veicular;152393.78;0.1476;24;507;Baixo / Alto Risco (<550);3840.21;7371.7;191.96;45;Atraso Crítico (31-90d);Alto Risco (E/F);38098.44
CTR-51054;2023-08-13;CLI-10054;Cliente_10054;PE;Nordeste;App Mobile;Cartão de Crédito rotativo;8598.11;0.5191;24;573;Médio (550-649);22086.27;582.89;2.64;0;Em Dia;Baixo Risco (A/B);0.0
CTR-51055;2025-05-03;CLI-10055;Cliente_10055;ES;Sudeste;Agência Física;Financiamento Imobiliário;336797.91;0.1025;360;612;Médio (550-649);17909.42;3018.05;16.85;0;Em Dia;Baixo Risco (A/B);0.0
CTR-51056;2025-03-09;CLI-10056;Cliente_10056;MG;Sudeste;Internet Banking;Crédito Pessoal;32531.44;0.3159;60;395;Baixo / Alto Risco (<550);31461.44;1084.49;3.45;0;Em Dia;Baixo Risco (A/B);0.0
CTR-51057;2024-11-06;CLI-10057;Cliente_10057;RS;Sul;Agência Física;Empréstimo Empresarial PJ;301206.99;0.1572;48;648;Médio (550-649);9664.71;8493.16;87.88;120;Inadimplente / NPL (>90d);Inadimplência / Loss (G/H);240965.59
CTR-51058;2024-04-14;CLI-10058;Cliente_10058;ES;Sudeste;Correspondente Bancário;Empréstimo Empresarial PJ;196659.16;0.124;36;808;Excelente (750-850);27881.47;6569.53;23.56;0;Em Dia;Baixo Risco (A/B);0.0
CTR-51059;2023-10-01;CLI-10059;Cliente_10059;SP;Sudeste;Agência Física;Financiamento Imobiliário;436465.79;0.1092;72;455;Baixo / Alto Risco (<550);7587.48;8289.85;109.26;0;Em Dia;Baixo Risco (A/B);0.0
CTR-51060;2023-01-18;CLI-10060;Cliente_10060;PR;Sul;Agência Física;Crédito Pessoal;19334.89;0.3409;24;328;Baixo / Alto Risco (<550);11706.31;1122.19;9.59;15;Atraso Curto (1-30d);Risco Moderado (C/D);966.74
CTR-51061;2025-06-24;CLI-10061;Cliente_10061;CE;Nordeste;Agência Física;Financiamento Veicular;175179.95;0.1893;60;813;Excelente (750-850);30679.45;4537.52;14.79;5;Atraso Curto (1-30d);Risco Moderado (C/D);8759.0
CTR-51062;2024-02-10;CLI-10062;Cliente_10062;RS;Sul;Internet Banking;Cartão de Crédito rotativo;1163.41;0.8133;12;490;Baixo / Alto Risco (<550);25080.04;144.74;0.58;95;Inadimplente / NPL (>90d);Inadimplência / Loss (G/H);930.73
CTR-51063;2023-11-11;CLI-10063;Cliente_10063;PR;Sul;App Mobile;Financiamento Veicular;78174.38;0.2473;24;793;Excelente (750-850);4787.66;4161.7;86.93;45;Atraso Crítico (31-90d);Alto Risco (E/F);19543.6
CTR-51064;2024-08-04;CLI-10064;Cliente_10064;CE;Nordeste;Agência Física;Financiamento Imobiliário;519091.14;0.0881;60;646;Médio (550-649);9882.55;10727.67;108.55;0;Em Dia;Baixo Risco (A/B);0.0
CTR-51065;2023-07-05;CLI-10065;Cliente_10065;CE;Nordeste;App Mobile;Cartão de Crédito rotativo;2125.0;0.6403;48;735;Bom (650-749);6871.5;123.58;1.8;0;Em Dia;Baixo Risco (A/B);0.0
CTR-51066;2023-09-27;CLI-10066;Cliente_10066;PE;Nordeste;Agência Física;Crédito Pessoal;23851.38;0.2066;60;703;Bom (650-749);15982.99;640.71;4.01;0;Em Dia;Baixo Risco (A/B);0.0
CTR-51067;2025-01-19;CLI-10067;Cliente_10067;SC;Sul;Agência Física;Financiamento Veicular;103248.59;0.2288;24;538;Baixo / Alto Risco (<550);20420.42;5401.32;26.45;0;Em Dia;Baixo Risco (A/B);0.0
CTR-51068;2024-06-20;CLI-10068;Cliente_10068;CE;Nordeste;Correspondente Bancário;Cartão de Crédito rotativo;6979.74;0.5972;36;583;Médio (550-649);19672.73;420.55;2.14;0;Em Dia;Baixo Risco (A/B);0.0
CTR-51069;2025-05-17;CLI-10069;Cliente_10069;PE;Nordeste;Correspondente Bancário;Financiamento Imobiliário;276919.23;0.1075;48;633;Médio (550-649);26281.3;7123.55;27.11;10;Atraso Curto (1-30d);Risco Moderado (C/D);13845.96
CTR-51070;2023-06-09;CLI-10070;Cliente_10070;GO;Centro-Oeste;Correspondente Bancário;Financiamento Veicular;25945.89;0.1613;60;503;Baixo / Alto Risco (<550);4088.54;632.75;15.48;0;Em Dia;Baixo Risco (A/B);0.0
CTR-51071;2023-05-13;CLI-10071;Cliente_10071;BA;Nordeste;Correspondente Bancário;Empréstimo Empresarial PJ;241215.43;0.2147;36;528;Baixo / Alto Risco (<550);17958.12;9146.12;50.93;95;Inadimplente / NPL (>90d);Inadimplência / Loss (G/H);192972.34
CTR-51072;2023-02-09;CLI-10072;Cliente_10072;PR;Sul;Internet Banking;Empréstimo Empresarial PJ;343623.09;0.1731;36;412;Baixo / Alto Risco (<550);27506.25;12304.18;44.73;0;Em Dia;Baixo Risco (A/B);0.0
CTR-51073;2024-06-06;CLI-10073;Cliente_10073;PE;Nordeste;Internet Banking;Financiamento Imobiliário;705980.77;0.1138;120;770;Excelente (750-850);13738.69;9877.36;71.89;15;Atraso Curto (1-30d);Risco Moderado (C/D);35299.04
CTR-51074;2023-03-24;CLI-10074;Cliente_10074;SC;Sul;App Mobile;Crédito Pessoal;29322.37;0.4431;24;483;Baixo / Alto Risco (<550);13102.42;1863.1;14.22;95;Inadimplente / NPL (>90d);Inadimplência / Loss (G/H);23457.9
CTR-51075;2024-11-30;CLI-10075;Cliente_10075;MG;Sudeste;Internet Banking;Financiamento Veicular;147165.55;0.1882;24;622;Médio (550-649);18601.0;7405.55;39.81;0;Em Dia;Baixo Risco (A/B);0.0
CTR-51076;2023-02-27;CLI-10076;Cliente_10076;PR;Sul;App Mobile;Empréstimo Empresarial PJ;213260.71;0.2498;60;403;Baixo / Alto Risco (<550);28446.77;6256.98;22.0;0;Em Dia;Baixo Risco (A/B);0.0
CTR-51077;2024-12-30;CLI-10077;Cliente_10077;GO;Centro-Oeste;App Mobile;Financiamento Veicular;26273.07;0.216;60;694;Bom (650-749);19738.87;719.67;3.65;0;Em Dia;Baixo Risco (A/B);0.0
CTR-51078;2025-06-08;CLI-10078;Cliente_10078;SP;Sudeste;Correspondente Bancário;Financiamento Veicular;117237.65;0.2285;12;803;Excelente (750-850);9698.61;11020.8;113.63;45;Atraso Crítico (31-90d);Alto Risco (E/F);29309.41
CTR-51079;2025-08-18;CLI-10079;Cliente_10079;GO;Centro-Oeste;Agência Física;Empréstimo Empresarial PJ;185104.51;0.2476;12;517;Baixo / Alto Risco (<550);11556.24;17571.56;152.05;120;Inadimplente / NPL (>90d);Inadimplência / Loss (G/H);148083.61
CTR-51080;2024-11-13;CLI-10080;Cliente_10080;BA;Nordeste;Agência Física;Financiamento Imobiliário;878342.85;0.0988;48;577;Médio (550-649);34044.72;22226.46;65.29;0;Em Dia;Baixo Risco (A/B);0.0
CTR-51081;2025-03-07;CLI-10081;Cliente_10081;MG;Sudeste;Agência Física;Cartão de Crédito rotativo;14441.46;0.7312;12;635;Médio (550-649);24841.69;1731.36;6.97;0;Em Dia;Baixo Risco (A/B);0.0
CTR-51082;2024-10-06;CLI-10082;Cliente_10082;SC;Sul;Internet Banking;Financiamento Veicular;111976.2;0.2503;12;736;Bom (650-749);29602.96;10644.32;35.96;0;Em Dia;Baixo Risco (A/B);0.0
CTR-51083;2024-07-06;CLI-10083;Cliente_10083;GO;Centro-Oeste;Correspondente Bancário;Crédito Pessoal;4462.02;0.1953;24;356;Baixo / Alto Risco (<550);31258.22;226.07;0.72;15;Atraso Curto (1-30d);Risco Moderado (C/D);223.1
CTR-51084;2024-09-23;CLI-10084;Cliente_10084;MG;Sudeste;App Mobile;Crédito Pessoal;2102.47;0.3973;48;847;Excelente (750-850);23326.26;88.05;0.38;0;Em Dia;Baixo Risco (A/B);0.0
CTR-51085;2023-05-14;CLI-10085;Cliente_10085;PR;Sul;Internet Banking;Financiamento Imobiliário;422112.62;0.1295;24;766;Excelente (750-850);30694.45;20058.09;65.35;45;Atraso Crítico (31-90d);Alto Risco (E/F);105528.15
CTR-51086;2023-05-11;CLI-10086;Cliente_10086;GO;Centro-Oeste;Agência Física;Financiamento Imobiliário;177386.61;0.1221;72;557;Médio (550-649);19326.29;3487.34;18.04;0;Em Dia;Baixo Risco (A/B);0.0
CTR-51087;2025-08-07;CLI-10087;Cliente_10087;RJ;Sudeste;Correspondente Bancário;Crédito Pessoal;20740.12;0.4428;24;326;Baixo / Alto Risco (<550);28044.82;1317.45;4.7;15;Atraso Curto (1-30d);Risco Moderado (C/D);1037.01
CTR-51088;2024-08-12;CLI-10088;Cliente_10088;PE;Nordeste;App Mobile;Financiamento Imobiliário;258928.08;0.1176;36;342;Baixo / Alto Risco (<550);30434.39;8570.47;28.16;15;Atraso Curto (1-30d);Risco Moderado (C/D);12946.4
CTR-51089;2023-07-08;CLI-10089;Cliente_10089;CE;Nordeste;Internet Banking;Cartão de Crédito rotativo;5969.87;0.6346;24;656;Bom (650-749);23013.58;444.86;1.93;0;Em Dia;Baixo Risco (A/B);0.0
CTR-51090;2024-07-17;CLI-10090;Cliente_10090;RS;Sul;Internet Banking;Empréstimo Empresarial PJ;96251.16;0.2294;12;771;Excelente (750-850);28965.82;9052.17;31.25;0;Em Dia;Baixo Risco (A/B);0.0
CTR-51091;2025-02-13;CLI-10091;Cliente_10091;GO;Centro-Oeste;Correspondente Bancário;Crédito Pessoal;31594.24;0.2851;60;616;Médio (550-649);23375.51;993.46;4.25;35;Atraso Crítico (31-90d);Alto Risco (E/F);7898.56
CTR-51092;2025-02-22;CLI-10092;Cliente_10092;MG;Sudeste;Agência Física;Crédito Pessoal;13907.95;0.3602;24;496;Baixo / Alto Risco (<550);33219.0;821.38;2.47;45;Atraso Crítico (31-90d);Alto Risco (E/F);3476.99
CTR-51093;2023-10-01;CLI-10093;Cliente_10093;CE;Nordeste;Agência Física;Financiamento Imobiliário;612090.25;0.0897;72;708;Bom (650-749);11756.19;11024.14;93.77;95;Inadimplente / NPL (>90d);Inadimplência / Loss (G/H);489672.2
CTR-51094;2023-09-04;CLI-10094;Cliente_10094;MG;Sudeste;Internet Banking;Empréstimo Empresarial PJ;55630.26;0.2389;60;684;Bom (650-749);16419.89;1596.82;9.72;0;Em Dia;Baixo Risco (A/B);0.0
CTR-51095;2023-11-28;CLI-10095;Cliente_10095;MG;Sudeste;App Mobile;Cartão de Crédito rotativo;8302.05;0.4829;12;387;Baixo / Alto Risco (<550);20503.89;885.84;4.32;95;Inadimplente / NPL (>90d);Inadimplência / Loss (G/H);6641.64
CTR-51096;2025-03-30;CLI-10096;Cliente_10096;SC;Sul;Correspondente Bancário;Cartão de Crédito rotativo;13917.85;0.4665;60;835;Excelente (750-850);20027.75;602.14;3.01;0;Em Dia;Baixo Risco (A/B);0.0
CTR-51097;2025-02-23;CLI-10097;Cliente_10097;PR;Sul;Agência Física;Financiamento Veicular;135654.99;0.1448;24;560;Médio (550-649);11393.69;6543.99;57.44;15;Atraso Curto (1-30d);Risco Moderado (C/D);6782.75
CTR-51098;2025-02-23;CLI-10098;Cliente_10098;DF;Centro-Oeste;App Mobile;Empréstimo Empresarial PJ;343709.18;0.2064;12;731;Bom (650-749);25303.04;31944.7;126.25;120;Inadimplente / NPL (>90d);Inadimplência / Loss (G/H);274967.34
CTR-51099;2023-12-08;CLI-10099;Cliente_10099;SC;Sul;Agência Física;Financiamento Imobiliário;299812.36;0.0916;60;704;Bom (650-749);15136.03;6246.92;41.27;0;Em Dia;Baixo Risco (A/B);0.0
CTR-51100;2023-02-03;CLI-10100;Cliente_10100;BA;Nordeste;Agência Física;Empréstimo Empresarial PJ;372124.0;0.1923;60;598;Médio (550-649);25904.05;9700.26;37.45;0;Em Dia;Baixo Risco (A/B);0.0
CTR-51101;2024-10-07;CLI-10101;Cliente_10101;MG;Sudeste;Correspondente Bancário;Financiamento Imobiliário;668426.65;0.1328;120;564;Médio (550-649);33616.73;10091.02;30.02;90;Atraso Crítico (31-90d);Alto Risco (E/F);167106.66
CTR-51102;2024-02-17;CLI-10102;Cliente_10102;GO;Centro-Oeste;Correspondente Bancário;Crédito Pessoal;18422.92;0.1924;24;454;Baixo / Alto Risco (<550);28052.94;930.82;3.32;0;Em Dia;Baixo Risco (A/B);0.0
CTR-51103;2024-12-09;CLI-10103;Cliente_10103;PR;Sul;Agência Física;Financiamento Veicular;89888.14;0.1425;48;348;Baixo / Alto Risco (<550);11997.03;2467.61;20.57;120;Inadimplente / NPL (>90d);Inadimplência / Loss (G/H);71910.51
CTR-51104;2024-12-10;CLI-10104;Cliente_10104;ES;Sudeste;Correspondente Bancário;Cartão de Crédito rotativo;6145.53;0.6062;36;672;Bom (650-749);22546.95;373.87;1.66;0;Em Dia;Baixo Risco (A/B);0.0
CTR-51105;2025-07-07;CLI-10105;Cliente_10105;BA;Nordeste;Internet Banking;Empréstimo Empresarial PJ;253940.61;0.2445;12;740;Bom (650-749);11929.77;24067.86;201.75;0;Em Dia;Baixo Risco (A/B);0.0
CTR-51106;2023-03-10;CLI-10106;Cliente_10106;BA;Nordeste;Internet Banking;Crédito Pessoal;25987.65;0.3242;36;702;Bom (650-749);7104.67;1137.94;16.02;5;Atraso Curto (1-30d);Risco Moderado (C/D);1299.38
CTR-51107;2025-08-13;CLI-10107;Cliente_10107;DF;Centro-Oeste;Correspondente Bancário;Crédito Pessoal;22746.95;0.1906;60;751;Excelente (750-850);24951.2;590.82;2.37;0;Em Dia;Baixo Risco (A/B);0.0
CTR-51108;2023-06-06;CLI-10108;Cliente_10108;GO;Centro-Oeste;Internet Banking;Crédito Pessoal;15298.71;0.2547;12;524;Baixo / Alto Risco (<550);31788.16;1457.55;4.59;0;Em Dia;Baixo Risco (A/B);0.0
CTR-51109;2025-02-15;CLI-10109;Cliente_10109;PE;Nordeste;App Mobile;Financiamento Imobiliário;818573.78;0.1092;36;454;Baixo / Alto Risco (<550);11213.65;26768.05;238.71;0;Em Dia;Baixo Risco (A/B);0.0
CTR-51110;2024-11-22;CLI-10110;Cliente_10110;PE;Nordeste;Agência Física;Empréstimo Empresarial PJ;283387.68;0.2413;60;397;Baixo / Alto Risco (<550);32195.97;8173.88;25.39;45;Atraso Crítico (31-90d);Alto Risco (E/F);70846.92
CTR-51111;2025-04-19;CLI-10111;Cliente_10111;SP;Sudeste;Agência Física;Cartão de Crédito rotativo;5494.28;0.6416;48;337;Baixo / Alto Risco (<550);7052.43;320.03;4.54;0;Em Dia;Baixo Risco (A/B);0.0
CTR-51112;2024-01-25;CLI-10112;Cliente_10112;BA;Nordeste;App Mobile;Empréstimo Empresarial PJ;198474.0;0.1797;12;693;Bom (650-749);5711.48;18193.26;318.54;45;Atraso Crítico (31-90d);Alto Risco (E/F);49618.5
CTR-51113;2023-07-29;CLI-10113;Cliente_10113;MG;Sudeste;App Mobile;Crédito Pessoal;28160.4;0.4405;36;530;Baixo / Alto Risco (<550);29550.34;1422.15;4.81;10;Atraso Curto (1-30d);Risco Moderado (C/D);1408.02
CTR-51114;2024-09-05;CLI-10114;Cliente_10114;PR;Sul;Correspondente Bancário;Financiamento Imobiliário;841144.74;0.1353;60;755;Excelente (750-850);5029.9;19367.61;385.05;0;Em Dia;Baixo Risco (A/B);0.0
CTR-51115;2024-01-21;CLI-10115;Cliente_10115;CE;Nordeste;Correspondente Bancário;Financiamento Imobiliário;331142.87;0.1047;24;512;Baixo / Alto Risco (<550);19562.17;15352.5;78.48;15;Atraso Curto (1-30d);Risco Moderado (C/D);16557.14
CTR-51116;2024-05-27;CLI-10116;Cliente_10116;SC;Sul;App Mobile;Crédito Pessoal;20032.14;0.2743;48;389;Baixo / Alto Risco (<550);28610.94;691.64;2.42;15;Atraso Curto (1-30d);Risco Moderado (C/D);1001.61
CTR-51117;2024-05-19;CLI-10117;Cliente_10117;ES;Sudeste;App Mobile;Crédito Pessoal;7470.7;0.2773;48;747;Bom (650-749);11839.68;259.22;2.19;0;Em Dia;Baixo Risco (A/B);0.0
CTR-51118;2025-08-28;CLI-10118;Cliente_10118;BA;Nordeste;Agência Física;Financiamento Veicular;97430.55;0.2184;12;418;Baixo / Alto Risco (<550);30242.08;9111.45;30.13;0;Em Dia;Baixo Risco (A/B);0.0
CTR-51119;2023-08-03;CLI-10119;Cliente_10119;MG;Sudeste;Agência Física;Empréstimo Empresarial PJ;155299.02;0.1844;12;647;Médio (550-649);28408.02;14270.35;50.23;15;Atraso Curto (1-30d);Risco Moderado (C/D);7764.95
CTR-51120;2023-01-25;CLI-10120;Cliente_10120;SC;Sul;Correspondente Bancário;Cartão de Crédito rotativo;6862.04;0.6937;60;576;Médio (550-649);34035.85;410.78;1.21;35;Atraso Crítico (31-90d);Alto Risco (E/F);1715.51
CTR-51121;2024-07-08;CLI-10121;Cliente_10121;PE;Nordeste;App Mobile;Cartão de Crédito rotativo;15295.19;0.6443;36;803;Excelente (750-850);31403.52;968.61;3.08;20;Atraso Curto (1-30d);Risco Moderado (C/D);764.76
CTR-51122;2023-10-22;CLI-10122;Cliente_10122;ES;Sudeste;Internet Banking;Empréstimo Empresarial PJ;119037.85;0.2396;60;375;Baixo / Alto Risco (<550);7138.24;3421.71;47.93;15;Atraso Curto (1-30d);Risco Moderado (C/D);5951.89
CTR-51123;2023-10-25;CLI-10123;Cliente_10123;RJ;Sudeste;Agência Física;Financiamento Imobiliário;394723.9;0.1312;36;695;Bom (650-749);20962.21;13322.63;63.56;0;Em Dia;Baixo Risco (A/B);0.0
CTR-51124;2025-07-22;CLI-10124;Cliente_10124;PR;Sul;Correspondente Bancário;Financiamento Veicular;38955.26;0.2143;24;338;Baixo / Alto Risco (<550);28495.13;2009.98;7.05;15;Atraso Curto (1-30d);Risco Moderado (C/D);1947.76
CTR-51125;2024-02-21;CLI-10125;Cliente_10125;SP;Sudeste;Internet Banking;Financiamento Imobiliário;708118.28;0.0921;60;666;Bom (650-749);20272.56;14771.65;72.87;0;Em Dia;Baixo Risco (A/B);0.0
CTR-51126;2024-04-15;CLI-10126;Cliente_10126;BA;Nordeste;Correspondente Bancário;Financiamento Veicular;134799.38;0.2294;60;732;Bom (650-749);25743.12;3795.41;14.74;0;Em Dia;Baixo Risco (A/B);0.0
CTR-51127;2024-03-14;CLI-10127;Cliente_10127;SC;Sul;Internet Banking;Financiamento Veicular;92135.33;0.2407;60;430;Baixo / Alto Risco (<550);13657.23;2654.29;19.44;95;Inadimplente / NPL (>90d);Inadimplência / Loss (G/H);73708.26
CTR-51128;2025-04-05;CLI-10128;Cliente_10128;GO;Centro-Oeste;Agência Física;Crédito Pessoal;8138.7;0.381;24;501;Baixo / Alto Risco (<550);8397.85;489.67;5.83;0;Em Dia;Baixo Risco (A/B);0.0
CTR-51129;2024-01-26;CLI-10129;Cliente_10129;RS;Sul;Agência Física;Cartão de Crédito rotativo;11166.96;0.5331;24;443;Baixo / Alto Risco (<550);22883.13;765.96;3.35;45;Atraso Crítico (31-90d);Alto Risco (E/F);2791.74
CTR-51130;2024-03-31;CLI-10130;Cliente_10130;MG;Sudeste;Correspondente Bancário;Crédito Pessoal;26737.81;0.2231;36;475;Baixo / Alto Risco (<550);33658.29;1025.42;3.05;15;Atraso Curto (1-30d);Risco Moderado (C/D);1336.89
CTR-51131;2024-05-07;CLI-10131;Cliente_10131;ES;Sudeste;Correspondente Bancário;Financiamento Veicular;59484.98;0.2019;12;636;Médio (550-649);18550.68;5515.77;29.73;10;Atraso Curto (1-30d);Risco Moderado (C/D);2974.25
CTR-51132;2024-10-02;CLI-10132;Cliente_10132;PR;Sul;App Mobile;Financiamento Veicular;65652.85;0.1468;12;393;Baixo / Alto Risco (<550);24733.42;5915.81;23.92;15;Atraso Curto (1-30d);Risco Moderado (C/D);3282.64
CTR-51133;2023-08-02;CLI-10133;Cliente_10133;SP;Sudeste;App Mobile;Financiamento Veicular;83102.56;0.1425;60;798;Excelente (750-850);25156.01;1944.44;7.73;0;Em Dia;Baixo Risco (A/B);0.0
CTR-51134;2024-01-18;CLI-10134;Cliente_10134;ES;Sudeste;Correspondente Bancário;Financiamento Veicular;49325.23;0.2127;12;321;Baixo / Alto Risco (<550);25012.01;4599.25;18.39;45;Atraso Crítico (31-90d);Alto Risco (E/F);12331.31
CTR-51135;2023-09-05;CLI-10135;Cliente_10135;MG;Sudeste;App Mobile;Financiamento Veicular;72588.07;0.2516;36;617;Médio (550-649);34556.14;2892.24;8.37;90;Atraso Crítico (31-90d);Alto Risco (E/F);18147.02
CTR-51136;2025-03-10;CLI-10136;Cliente_10136;ES;Sudeste;Correspondente Bancário;Empréstimo Empresarial PJ;50619.35;0.1432;36;577;Médio (550-649);18655.34;1737.93;9.32;10;Atraso Curto (1-30d);Risco Moderado (C/D);2530.97
CTR-51137;2024-12-22;CLI-10137;Cliente_10137;PR;Sul;Internet Banking;Financiamento Veicular;54439.65;0.2006;24;467;Baixo / Alto Risco (<550);11473.96;2772.35;24.16;95;Inadimplente / NPL (>90d);Inadimplência / Loss (G/H);43551.72
CTR-51138;2024-03-21;CLI-10138;Cliente_10138;SC;Sul;Agência Física;Crédito Pessoal;25243.38;0.2137;48;799;Excelente (750-850);5737.31;786.71;13.71;0;Em Dia;Baixo Risco (A/B);0.0
CTR-51139;2024-02-25;CLI-10139;Cliente_10139;SC;Sul;Correspondente Bancário;Cartão de Crédito rotativo;13355.78;0.4741;36;608;Médio (550-649);5196.47;701.54;13.5;0;Em Dia;Baixo Risco (A/B);0.0
CTR-51140;2024-05-10;CLI-10140;Cliente_10140;ES;Sudeste;App Mobile;Financiamento Veicular;165699.36;0.2717;48;636;Médio (550-649);25206.06;5696.56;22.6;0;Em Dia;Baixo Risco (A/B);0.0
CTR-51141;2023-08-18;CLI-10141;Cliente_10141;PE;Nordeste;Internet Banking;Financiamento Veicular;128331.24;0.1427;24;367;Baixo / Alto Risco (<550);9899.71;6177.93;62.41;15;Atraso Curto (1-30d);Risco Moderado (C/D);6416.56
CTR-51142;2025-04-06;CLI-10142;Cliente_10142;RS;Sul;Agência Física;Financiamento Veicular;120321.08;0.1667;12;384;Baixo / Alto Risco (<550);6951.72;10955.02;157.59;0;Em Dia;Baixo Risco (A/B);0.0
CTR-51143;2023-12-28;CLI-10143;Cliente_10143;CE;Nordeste;Correspondente Bancário;Financiamento Imobiliário;499733.01;0.1104;120;324;Baixo / Alto Risco (<550);4745.74;6895.14;145.29;120;Inadimplente / NPL (>90d);Inadimplência / Loss (G/H);399786.41
CTR-51144;2025-07-18;CLI-10144;Cliente_10144;PR;Sul;Correspondente Bancário;Cartão de Crédito rotativo;2995.58;0.4701;60;685;Bom (650-749);19627.43;130.35;0.66;0;Em Dia;Baixo Risco (A/B);0.0
CTR-51145;2025-03-15;CLI-10145;Cliente_10145;GO;Centro-Oeste;Correspondente Bancário;Cartão de Crédito rotativo;18391.77;0.772;48;734;Bom (650-749);19376.53;1245.67;6.43;0;Em Dia;Baixo Risco (A/B);0.0
CTR-51146;2023-07-23;CLI-10146;Cliente_10146;RS;Sul;Agência Física;Crédito Pessoal;29244.39;0.4295;48;460;Baixo / Alto Risco (<550);5394.42;1284.14;23.8;95;Inadimplente / NPL (>90d);Inadimplência / Loss (G/H);23395.51
CTR-51147;2024-05-31;CLI-10147;Cliente_10147;PR;Sul;Correspondente Bancário;Financiamento Imobiliário;455266.09;0.095;60;583;Médio (550-649);4539.3;9561.44;210.64;0;Em Dia;Baixo Risco (A/B);0.0
CTR-51148;2024-06-15;CLI-10148;Cliente_10148;PE;Nordeste;Agência Física;Crédito Pessoal;9445.01;0.1803;60;831;Excelente (750-850);4314.55;240.0;5.56;0;Em Dia;Baixo Risco (A/B);0.0
CTR-51149;2024-10-14;CLI-10149;Cliente_10149;BA;Nordeste;Correspondente Bancário;Empréstimo Empresarial PJ;466187.46;0.1609;24;376;Baixo / Alto Risco (<550);29760.79;22846.04;76.77;15;Atraso Curto (1-30d);Risco Moderado (C/D);23309.37
CTR-51150;2023-03-22;CLI-10150;Cliente_10150;SC;Sul;Agência Física;Crédito Pessoal;7203.39;0.2895;60;582;Médio (550-649);12649.34;228.43;1.81;0;Em Dia;Baixo Risco (A/B);0.0
CTR-51151;2025-04-07;CLI-10151;Cliente_10151;ES;Sudeste;Agência Física;Empréstimo Empresarial PJ;463166.45;0.2385;12;737;Bom (650-749);12635.61;43763.22;346.35;45;Atraso Crítico (31-90d);Alto Risco (E/F);115791.61
CTR-51152;2025-07-02;CLI-10152;Cliente_10152;CE;Nordeste;App Mobile;Empréstimo Empresarial PJ;307894.98;0.2066;60;539;Baixo / Alto Risco (<550);14281.06;8270.81;57.91;95;Inadimplente / NPL (>90d);Inadimplência / Loss (G/H);246315.98
CTR-51153;2023-01-21;CLI-10153;Cliente_10153;RJ;Sudeste;App Mobile;Financiamento Veicular;167976.0;0.2636;36;350;Baixo / Alto Risco (<550);32184.53;6800.11;21.13;15;Atraso Curto (1-30d);Risco Moderado (C/D);8398.8
CTR-51154;2025-07-08;CLI-10154;Cliente_10154;RS;Sul;Agência Física;Financiamento Veicular;137993.46;0.2751;36;741;Bom (650-749);32608.69;5671.44;17.39;0;Em Dia;Baixo Risco (A/B);0.0
CTR-51155;2023-11-18;CLI-10155;Cliente_10155;GO;Centro-Oeste;Internet Banking;Crédito Pessoal;4706.14;0.2071;60;824;Excelente (750-850);22551.41;126.55;0.56;0;Em Dia;Baixo Risco (A/B);0.0
CTR-51156;2025-07-30;CLI-10156;Cliente_10156;RS;Sul;Agência Física;Empréstimo Empresarial PJ;339547.16;0.2186;48;557;Médio (550-649);29014.07;10672.01;36.78;10;Atraso Curto (1-30d);Risco Moderado (C/D);16977.36
CTR-51157;2024-02-20;CLI-10157;Cliente_10157;ES;Sudeste;Correspondente Bancário;Empréstimo Empresarial PJ;322972.46;0.1472;48;502;Baixo / Alto Risco (<550);24918.58;8942.79;35.89;0;Em Dia;Baixo Risco (A/B);0.0
CTR-51158;2025-05-21;CLI-10158;Cliente_10158;SP;Sudeste;Agência Física;Cartão de Crédito rotativo;12005.55;0.7119;12;737;Bom (650-749);14800.62;1426.69;9.64;0;Em Dia;Baixo Risco (A/B);0.0
CTR-51159;2023-08-09;CLI-10159;Cliente_10159;PR;Sul;Agência Física;Cartão de Crédito rotativo;9036.03;0.5156;24;839;Excelente (750-850);19640.16;610.78;3.11;0;Em Dia;Baixo Risco (A/B);0.0
CTR-51160;2024-09-26;CLI-10160;Cliente_10160;PR;Sul;App Mobile;Empréstimo Empresarial PJ;395638.88;0.1765;24;403;Baixo / Alto Risco (<550);14001.04;19685.07;140.6;95;Inadimplente / NPL (>90d);Inadimplência / Loss (G/H);316511.1
CTR-51161;2023-06-13;CLI-10161;Cliente_10161;BA;Nordeste;Internet Banking;Financiamento Veicular;163807.71;0.2264;12;709;Bom (650-749);23457.57;15381.98;65.57;15;Atraso Curto (1-30d);Risco Moderado (C/D);8190.39
CTR-51162;2024-07-08;CLI-10162;Cliente_10162;BA;Nordeste;Correspondente Bancário;Financiamento Imobiliário;594087.1;0.0986;360;528;Baixo / Alto Risco (<550);7227.31;5152.18;71.29;0;Em Dia;Baixo Risco (A/B);0.0
CTR-51163;2023-03-02;CLI-10163;Cliente_10163;SC;Sul;Internet Banking;Crédito Pessoal;34432.34;0.193;36;580;Médio (550-649);17472.0;1267.38;7.25;10;Atraso Curto (1-30d);Risco Moderado (C/D);1721.62
CTR-51164;2025-03-31;CLI-10164;Cliente_10164;SC;Sul;Internet Banking;Crédito Pessoal;26022.25;0.4461;36;700;Bom (650-749);16529.9;1322.88;8.0;0;Em Dia;Baixo Risco (A/B);0.0
CTR-51165;2023-04-09;CLI-10165;Cliente_10165;RS;Sul;Correspondente Bancário;Cartão de Crédito rotativo;3840.04;0.4614;12;531;Baixo / Alto Risco (<550);34530.1;405.49;1.17;10;Atraso Curto (1-30d);Risco Moderado (C/D);192.0
CTR-51166;2023-09-12;CLI-10166;Cliente_10166;SP;Sudeste;App Mobile;Financiamento Imobiliário;825887.95;0.0933;24;780;Excelente (750-850);9566.4;37855.65;395.71;0;Em Dia;Baixo Risco (A/B);0.0
CTR-51167;2024-07-10;CLI-10167;Cliente_10167;BA;Nordeste;Correspondente Bancário;Empréstimo Empresarial PJ;173354.02;0.1423;24;772;Excelente (750-850);7659.62;8342.07;108.91;0;Em Dia;Baixo Risco (A/B);0.0
CTR-51168;2025-01-14;CLI-10168;Cliente_10168;CE;Nordeste;Agência Física;Financiamento Imobiliário;639891.18;0.1052;60;431;Baixo / Alto Risco (<550);32790.51;13760.1;41.96;15;Atraso Curto (1-30d);Risco Moderado (C/D);31994.56
CTR-51169;2024-08-31;CLI-10169;Cliente_10169;PR;Sul;Correspondente Bancário;Financiamento Imobiliário;219364.51;0.1284;24;408;Baixo / Alto Risco (<550);3967.43;10412.51;262.45;0;Em Dia;Baixo Risco (A/B);0.0
CTR-51170;2023-07-11;CLI-10170;Cliente_10170;DF;Centro-Oeste;Internet Banking;Empréstimo Empresarial PJ;372423.45;0.174;48;627;Médio (550-649);3086.79;10823.52;350.64;45;Atraso Crítico (31-90d);Alto Risco (E/F);93105.86
CTR-51171;2023-10-06;CLI-10171;Cliente_10171;PE;Nordeste;Agência Física;Financiamento Imobiliário;854032.28;0.0956;24;699;Bom (650-749);12948.96;39236.04;303.01;120;Inadimplente / NPL (>90d);Inadimplência / Loss (G/H);683225.82
CTR-51172;2024-02-02;CLI-10172;Cliente_10172;RS;Sul;Agência Física;Empréstimo Empresarial PJ;430574.24;0.1612;48;352;Baixo / Alto Risco (<550);30921.6;12229.07;39.55;120;Inadimplente / NPL (>90d);Inadimplência / Loss (G/H);344459.39
CTR-51173;2025-07-13;CLI-10173;Cliente_10173;SP;Sudeste;App Mobile;Financiamento Veicular;139285.27;0.2094;12;728;Bom (650-749);9181.26;12965.37;141.22;45;Atraso Crítico (31-90d);Alto Risco (E/F);34821.32
CTR-51174;2024-08-29;CLI-10174;Cliente_10174;BA;Nordeste;Correspondente Bancário;Cartão de Crédito rotativo;16058.48;0.7456;24;630;Médio (550-649);20030.34;1304.86;6.51;0;Em Dia;Baixo Risco (A/B);0.0
CTR-51175;2025-03-17;CLI-10175;Cliente_10175;DF;Centro-Oeste;Correspondente Bancário;Crédito Pessoal;34107.88;0.2964;24;576;Médio (550-649);11834.56;1900.75;16.06;0;Em Dia;Baixo Risco (A/B);0.0
CTR-51176;2025-05-12;CLI-10176;Cliente_10176;DF;Centro-Oeste;Correspondente Bancário;Financiamento Imobiliário;442520.51;0.0981;12;363;Baixo / Alto Risco (<550);30834.68;38865.49;126.04;45;Atraso Crítico (31-90d);Alto Risco (E/F);110630.13
CTR-51177;2024-04-04;CLI-10177;Cliente_10177;RJ;Sudeste;App Mobile;Financiamento Veicular;90082.51;0.1573;24;346;Baixo / Alto Risco (<550);14922.97;4399.11;29.48;15;Atraso Curto (1-30d);Risco Moderado (C/D);4504.13
CTR-51178;2025-06-26;CLI-10178;Cliente_10178;PE;Nordeste;Internet Banking;Crédito Pessoal;27011.76;0.355;60;682;Bom (650-749);23526.63;967.32;4.11;5;Atraso Curto (1-30d);Risco Moderado (C/D);1350.59
CTR-51179;2024-05-01;CLI-10179;Cliente_10179;SP;Sudeste;Agência Física;Empréstimo Empresarial PJ;355891.54;0.1335;24;415;Baixo / Alto Risco (<550);27179.05;16978.3;62.47;45;Atraso Crítico (31-90d);Alto Risco (E/F);88972.88
CTR-51180;2023-01-14;CLI-10180;Cliente_10180;SC;Sul;Correspondente Bancário;Empréstimo Empresarial PJ;299420.31;0.1686;12;541;Baixo / Alto Risco (<550);14036.4;27288.67;194.41;15;Atraso Curto (1-30d);Risco Moderado (C/D);14971.02
CTR-51181;2024-08-07;CLI-10181;Cliente_10181;PR;Sul;Agência Física;Financiamento Veicular;64368.06;0.2299;60;700;Bom (650-749);30161.72;1814.2;6.01;0;Em Dia;Baixo Risco (A/B);0.0
CTR-51182;2024-08-12;CLI-10182;Cliente_10182;SP;Sudeste;Agência Física;Financiamento Veicular;99666.37;0.2692;48;455;Baixo / Alto Risco (<550);17150.3;3412.27;19.9;45;Atraso Crítico (31-90d);Alto Risco (E/F);24916.59
CTR-51183;2025-03-19;CLI-10183;Cliente_10183;MG;Sudeste;App Mobile;Empréstimo Empresarial PJ;207083.4;0.1471;36;635;Médio (550-649);25020.2;7149.24;28.57;0;Em Dia;Baixo Risco (A/B);0.0
CTR-51184;2025-06-18;CLI-10184;Cliente_10184;ES;Sudeste;Agência Física;Crédito Pessoal;28049.7;0.293;12;336;Baixo / Alto Risco (<550);4724.71;2724.84;57.67;45;Atraso Crítico (31-90d);Alto Risco (E/F);7012.43
CTR-51185;2024-03-16;CLI-10185;Cliente_10185;SP;Sudeste;Agência Física;Crédito Pessoal;3986.91;0.3544;36;724;Bom (650-749);28933.84;181.35;0.63;0;Em Dia;Baixo Risco (A/B);0.0
CTR-51186;2023-11-30;CLI-10186;Cliente_10186;RS;Sul;Internet Banking;Cartão de Crédito rotativo;6940.8;0.5919;60;839;Excelente (750-850);30000.58;362.53;1.21;0;Em Dia;Baixo Risco (A/B);0.0
CTR-51187;2025-08-23;CLI-10187;Cliente_10187;DF;Centro-Oeste;Correspondente Bancário;Crédito Pessoal;19598.11;0.3931;60;459;Baixo / Alto Risco (<550);31869.45;750.5;2.35;15;Atraso Curto (1-30d);Risco Moderado (C/D);979.91
CTR-51188;2023-07-03;CLI-10188;Cliente_10188;RJ;Sudeste;Internet Banking;Empréstimo Empresarial PJ;471263.86;0.1843;48;779;Excelente (750-850);26334.34;13949.49;52.97;15;Atraso Curto (1-30d);Risco Moderado (C/D);23563.19
CTR-51189;2025-03-24;CLI-10189;Cliente_10189;DF;Centro-Oeste;App Mobile;Cartão de Crédito rotativo;16366.62;0.5127;12;481;Baixo / Alto Risco (<550);23857.61;1771.58;7.43;120;Inadimplente / NPL (>90d);Inadimplência / Loss (G/H);13093.3
CTR-51190;2023-05-30;CLI-10190;Cliente_10190;RS;Sul;App Mobile;Financiamento Veicular;52781.65;0.1632;12;593;Médio (550-649);5572.09;4796.92;86.09;120;Inadimplente / NPL (>90d);Inadimplência / Loss (G/H);42225.32
CTR-51191;2023-06-11;CLI-10191;Cliente_10191;SC;Sul;Agência Física;Empréstimo Empresarial PJ;177373.55;0.131;12;327;Baixo / Alto Risco (<550);30923.21;15850.85;51.26;95;Inadimplente / NPL (>90d);Inadimplência / Loss (G/H);141898.84
CTR-51192;2025-03-16;CLI-10192;Cliente_10192;ES;Sudeste;Agência Física;Financiamento Imobiliário;431422.28;0.1038;120;749;Bom (650-749);20438.46;5792.45;28.34;0;Em Dia;Baixo Risco (A/B);0.0
CTR-51193;2024-10-18;CLI-10193;Cliente_10193;ES;Sudeste;Internet Banking;Financiamento Imobiliário;715920.4;0.0945;60;678;Bom (650-749);24209.31;15018.17;62.03;0;Em Dia;Baixo Risco (A/B);0.0
CTR-51194;2024-06-16;CLI-10194;Cliente_10194;BA;Nordeste;Agência Física;Financiamento Veicular;120488.81;0.1423;12;348;Baixo / Alto Risco (<550);15557.94;10831.39;69.62;95;Inadimplente / NPL (>90d);Inadimplência / Loss (G/H);96391.05
CTR-51195;2023-11-21;CLI-10195;Cliente_10195;CE;Nordeste;Internet Banking;Empréstimo Empresarial PJ;358091.53;0.1491;60;423;Baixo / Alto Risco (<550);25051.34;8502.06;33.94;0;Em Dia;Baixo Risco (A/B);0.0
CTR-51196;2024-05-27;CLI-10196;Cliente_10196;MG;Sudeste;Internet Banking;Crédito Pessoal;29628.47;0.4316;60;531;Baixo / Alto Risco (<550);27911.27;1210.98;4.34;10;Atraso Curto (1-30d);Risco Moderado (C/D);1481.42
CTR-51197;2025-05-31;CLI-10197;Cliente_10197;SP;Sudeste;Correspondente Bancário;Cartão de Crédito rotativo;4499.49;0.8356;36;609;Médio (550-649);16996.49;343.78;2.02;0;Em Dia;Baixo Risco (A/B);0.0
CTR-51198;2025-04-29;CLI-10198;Cliente_10198;DF;Centro-Oeste;Agência Física;Empréstimo Empresarial PJ;63719.64;0.1951;60;488;Baixo / Alto Risco (<550);32450.23;1670.86;5.15;0;Em Dia;Baixo Risco (A/B);0.0
CTR-51199;2025-08-04;CLI-10199;Cliente_10199;DF;Centro-Oeste;App Mobile;Cartão de Crédito rotativo;14004.67;0.5603;12;628;Médio (550-649);14473.8;1550.74;10.71;0;Em Dia;Baixo Risco (A/B);0.0
CTR-51200;2023-08-11;CLI-10200;Cliente_10200;GO;Centro-Oeste;App Mobile;Empréstimo Empresarial PJ;340849.08;0.1913;48;423;Baixo / Alto Risco (<550);8738.67;10214.82;116.89;15;Atraso Curto (1-30d);Risco Moderado (C/D);17042.45
CTR-51201;2023-02-11;CLI-10201;Cliente_10201;SC;Sul;App Mobile;Cartão de Crédito rotativo;11748.7;0.6274;48;600;Médio (550-649);20240.84;672.52;3.32;10;Atraso Curto (1-30d);Risco Moderado (C/D);587.44
CTR-51202;2023-07-21;CLI-10202;Cliente_10202;PE;Nordeste;App Mobile;Financiamento Veicular;167786.91;0.1833;36;598;Médio (550-649);25051.27;6093.71;24.32;10;Atraso Curto (1-30d);Risco Moderado (C/D);8389.35
CTR-51203;2024-02-17;CLI-10203;Cliente_10203;CE;Nordeste;Internet Banking;Crédito Pessoal;10243.81;0.4182;36;366;Baixo / Alto Risco (<550);31125.63;503.77;1.62;95;Inadimplente / NPL (>90d);Inadimplência / Loss (G/H);8195.05
CTR-51204;2025-03-18;CLI-10204;Cliente_10204;SP;Sudeste;Internet Banking;Financiamento Imobiliário;559239.63;0.1142;48;400;Baixo / Alto Risco (<550);15668.58;14568.17;92.98;45;Atraso Crítico (31-90d);Alto Risco (E/F);139809.91
CTR-51205;2024-02-03;CLI-10205;Cliente_10205;CE;Nordeste;Correspondente Bancário;Cartão de Crédito rotativo;5910.22;0.5977;36;372;Baixo / Alto Risco (<550);20031.86;356.3;1.78;15;Atraso Curto (1-30d);Risco Moderado (C/D);295.51
CTR-51206;2024-11-01;CLI-10206;Cliente_10206;ES;Sudeste;App Mobile;Empréstimo Empresarial PJ;437768.51;0.1741;12;678;Bom (650-749);28427.98;40011.8;140.75;95;Inadimplente / NPL (>90d);Inadimplência / Loss (G/H);350214.81
CTR-51207;2024-11-29;CLI-10207;Cliente_10207;RJ;Sudeste;Agência Física;Financiamento Veicular;109696.26;0.1665;60;779;Excelente (750-850);7127.09;2705.63;37.96;0;Em Dia;Baixo Risco (A/B);0.0
CTR-51208;2023-07-19;CLI-10208;Cliente_10208;MG;Sudeste;App Mobile;Financiamento Imobiliário;691290.08;0.1311;120;483;Baixo / Alto Risco (<550);4102.7;10366.6;252.68;0;Em Dia;Baixo Risco (A/B);0.0
CTR-51209;2025-04-19;CLI-10209;Cliente_10209;RS;Sul;Internet Banking;Empréstimo Empresarial PJ;402262.74;0.1288;48;653;Bom (650-749);18279.84;10767.76;58.91;15;Atraso Curto (1-30d);Risco Moderado (C/D);20113.14
CTR-51210;2024-01-02;CLI-10210;Cliente_10210;GO;Centro-Oeste;Correspondente Bancário;Cartão de Crédito rotativo;17129.94;0.466;60;510;Baixo / Alto Risco (<550);27992.21;740.51;2.65;35;Atraso Crítico (31-90d);Alto Risco (E/F);4282.48
CTR-51211;2023-04-04;CLI-10211;Cliente_10211;GO;Centro-Oeste;Correspondente Bancário;Financiamento Veicular;81687.66;0.2693;48;408;Baixo / Alto Risco (<550);24030.55;2797.2;11.64;45;Atraso Crítico (31-90d);Alto Risco (E/F);20421.92
CTR-51212;2023-02-13;CLI-10212;Cliente_10212;PR;Sul;App Mobile;Crédito Pessoal;18555.15;0.2294;60;405;Baixo / Alto Risco (<550);18832.96;522.44;2.77;95;Inadimplente / NPL (>90d);Inadimplência / Loss (G/H);14844.12
CTR-51213;2025-02-18;CLI-10213;Cliente_10213;RJ;Sudeste;Correspondente Bancário;Financiamento Imobiliário;766854.16;0.1023;48;466;Baixo / Alto Risco (<550);30728.95;19534.22;63.57;120;Inadimplente / NPL (>90d);Inadimplência / Loss (G/H);613483.33
CTR-51214;2023-08-05;CLI-10214;Cliente_10214;RS;Sul;Internet Banking;Crédito Pessoal;13694.51;0.1884;60;557;Médio (550-649);8463.76;354.04;4.18;0;Em Dia;Baixo Risco (A/B);0.0
CTR-51215;2023-03-13;CLI-10215;Cliente_10215;MG;Sudeste;Internet Banking;Financiamento Imobiliário;723985.87;0.0983;120;411;Baixo / Alto Risco (<550);18111.37;9499.5;52.45;95;Inadimplente / NPL (>90d);Inadimplência / Loss (G/H);579188.7
CTR-51216;2023-05-30;CLI-10216;Cliente_10216;RJ;Sudeste;Internet Banking;Empréstimo Empresarial PJ;355765.52;0.1477;12;834;Excelente (750-850);17263.22;32072.2;185.78;95;Inadimplente / NPL (>90d);Inadimplência / Loss (G/H);284612.42
CTR-51217;2023-12-15;CLI-10217;Cliente_10217;MG;Sudeste;Internet Banking;Financiamento Imobiliário;522420.95;0.112;36;842;Excelente (750-850);12705.34;17152.91;135.01;15;Atraso Curto (1-30d);Risco Moderado (C/D);26121.05
CTR-51218;2024-01-30;CLI-10218;Cliente_10218;GO;Centro-Oeste;Agência Física;Cartão de Crédito rotativo;17307.1;0.8299;12;778;Excelente (750-850);18354.77;2169.23;11.82;0;Em Dia;Baixo Risco (A/B);0.0
CTR-51219;2024-04-25;CLI-10219;Cliente_10219;SC;Sul;Correspondente Bancário;Financiamento Imobiliário;632707.68;0.1052;12;474;Baixo / Alto Risco (<550);23004.31;55778.19;242.47;45;Atraso Crítico (31-90d);Alto Risco (E/F);158176.92
CTR-51220;2024-11-03;CLI-10220;Cliente_10220;DF;Centro-Oeste;Correspondente Bancário;Cartão de Crédito rotativo;7958.01;0.7752;60;576;Médio (550-649);16730.99;526.39;3.15;0;Em Dia;Baixo Risco (A/B);0.0
CTR-51221;2024-04-19;CLI-10221;Cliente_10221;MG;Sudeste;Internet Banking;Financiamento Veicular;66450.69;0.269;36;673;Bom (650-749);30061.14;2709.3;9.01;0;Em Dia;Baixo Risco (A/B);0.0
CTR-51222;2024-01-04;CLI-10222;Cliente_10222;CE;Nordeste;Internet Banking;Financiamento Veicular;51020.26;0.2392;60;435;Baixo / Alto Risco (<550);24257.74;1465.38;6.04;45;Atraso Crítico (31-90d);Alto Risco (E/F);12755.07
CTR-51223;2024-05-05;CLI-10223;Cliente_10223;CE;Nordeste;Correspondente Bancário;Crédito Pessoal;15854.23;0.2565;48;663;Bom (650-749);21555.12;531.44;2.47;0;Em Dia;Baixo Risco (A/B);0.0
CTR-51224;2024-05-24;CLI-10224;Cliente_10224;RS;Sul;Correspondente Bancário;Financiamento Veicular;44844.29;0.2333;60;776;Excelente (750-850);32471.46;1272.7;3.92;0;Em Dia;Baixo Risco (A/B);0.0
CTR-51225;2023-04-20;CLI-10225;Cliente_10225;GO;Centro-Oeste;App Mobile;Empréstimo Empresarial PJ;369421.02;0.2295;24;552;Médio (550-649);13214.8;19338.63;146.34;45;Atraso Crítico (31-90d);Alto Risco (E/F);92355.26
CTR-51226;2023-10-13;CLI-10226;Cliente_10226;PE;Nordeste;App Mobile;Empréstimo Empresarial PJ;360897.56;0.1287;48;528;Baixo / Alto Risco (<550);20986.65;9658.71;46.02;120;Inadimplente / NPL (>90d);Inadimplência / Loss (G/H);288718.05
CTR-51227;2023-12-22;CLI-10227;Cliente_10227;PR;Sul;Internet Banking;Financiamento Imobiliário;540871.37;0.1004;12;650;Bom (650-749);18735.78;47561.25;253.85;15;Atraso Curto (1-30d);Risco Moderado (C/D);27043.57
CTR-51228;2023-10-16;CLI-10228;Cliente_10228;RS;Sul;App Mobile;Financiamento Imobiliário;585508.92;0.1353;120;354;Baixo / Alto Risco (<550);14930.85;8926.26;59.78;15;Atraso Curto (1-30d);Risco Moderado (C/D);29275.45
CTR-51229;2025-08-18;CLI-10229;Cliente_10229;PR;Sul;App Mobile;Crédito Pessoal;9973.21;0.203;24;758;Excelente (750-850);15346.48;509.06;3.32;0;Em Dia;Baixo Risco (A/B);0.0
CTR-51230;2024-12-14;CLI-10230;Cliente_10230;SC;Sul;Correspondente Bancário;Cartão de Crédito rotativo;8674.08;0.6948;60;708;Bom (650-749);4956.39;519.98;10.49;5;Atraso Curto (1-30d);Risco Moderado (C/D);433.7
CTR-51231;2023-01-24;CLI-10231;Cliente_10231;ES;Sudeste;Agência Física;Financiamento Veicular;165903.7;0.1708;48;618;Médio (550-649);22730.05;4794.03;21.09;0;Em Dia;Baixo Risco (A/B);0.0
CTR-51232;2025-04-14;CLI-10232;Cliente_10232;GO;Centro-Oeste;App Mobile;Financiamento Imobiliário;378292.7;0.1377;36;547;Baixo / Alto Risco (<550);32550.93;12886.93;39.59;10;Atraso Curto (1-30d);Risco Moderado (C/D);18914.64
CTR-51233;2025-04-16;CLI-10233;Cliente_10233;CE;Nordeste;Agência Física;Crédito Pessoal;26209.14;0.4177;48;356;Baixo / Alto Risco (<550);21768.44;1131.21;5.2;15;Atraso Curto (1-30d);Risco Moderado (C/D);1310.46
CTR-51234;2023-03-16;CLI-10234;Cliente_10234;DF;Centro-Oeste;Internet Banking;Financiamento Imobiliário;919135.32;0.1096;360;568;Médio (550-649);6180.01;8725.37;141.19;0;Em Dia;Baixo Risco (A/B);0.0
CTR-51235;2025-01-22;CLI-10235;Cliente_10235;RS;Sul;Internet Banking;Financiamento Veicular;51095.57;0.151;36;741;Bom (650-749);21956.62;1773.75;8.08;0;Em Dia;Baixo Risco (A/B);0.0
CTR-51236;2025-08-08;CLI-10236;Cliente_10236;GO;Centro-Oeste;Internet Banking;Crédito Pessoal;34077.45;0.373;24;692;Bom (650-749);11207.21;2035.74;18.16;0;Em Dia;Baixo Risco (A/B);0.0
CTR-51237;2024-03-26;CLI-10237;Cliente_10237;DF;Centro-Oeste;Agência Física;Financiamento Imobiliário;338606.7;0.1193;72;845;Excelente (750-850);27112.34;6607.51;24.37;20;Atraso Curto (1-30d);Risco Moderado (C/D);16930.34
CTR-51238;2024-11-26;CLI-10238;Cliente_10238;MG;Sudeste;App Mobile;Financiamento Veicular;50912.95;0.1633;48;675;Bom (650-749);29696.07;1451.51;4.89;0;Em Dia;Baixo Risco (A/B);0.0
CTR-51239;2024-09-16;CLI-10239;Cliente_10239;CE;Nordeste;Correspondente Bancário;Financiamento Veicular;135199.03;0.2159;48;484;Baixo / Alto Risco (<550);10271.67;4229.55;41.18;0;Em Dia;Baixo Risco (A/B);0.0
CTR-51240;2024-07-06;CLI-10240;Cliente_10240;SP;Sudeste;Internet Banking;Financiamento Imobiliário;831910.75;0.1126;24;450;Baixo / Alto Risco (<550);14928.95;38874.06;260.39;0;Em Dia;Baixo Risco (A/B);0.0
CTR-51241;2025-07-29;CLI-10241;Cliente_10241;GO;Centro-Oeste;App Mobile;Empréstimo Empresarial PJ;492001.85;0.2233;36;396;Baixo / Alto Risco (<550);31226.71;18873.87;60.44;0;Em Dia;Baixo Risco (A/B);0.0
CTR-51242;2023-05-15;CLI-10242;Cliente_10242;SC;Sul;App Mobile;Financiamento Imobiliário;752064.12;0.1003;120;773;Excelente (750-850);8420.46;9951.08;118.18;0;Em Dia;Baixo Risco (A/B);0.0
CTR-51243;2023-08-16;CLI-10243;Cliente_10243;BA;Nordeste;Correspondente Bancário;Empréstimo Empresarial PJ;107129.03;0.1523;36;573;Médio (550-649);29788.71;3725.74;12.51;10;Atraso Curto (1-30d);Risco Moderado (C/D);5356.45
CTR-51244;2025-01-04;CLI-10244;Cliente_10244;RJ;Sudeste;Correspondente Bancário;Empréstimo Empresarial PJ;136549.1;0.2384;24;663;Bom (650-749);20158.52;7208.6;35.76;20;Atraso Curto (1-30d);Risco Moderado (C/D);6827.46
CTR-51245;2024-09-01;CLI-10245;Cliente_10245;BA;Nordeste;App Mobile;Financiamento Imobiliário;517776.48;0.1003;60;643;Médio (550-649);8125.88;11008.86;135.48;120;Inadimplente / NPL (>90d);Inadimplência / Loss (G/H);414221.18
CTR-51246;2024-10-05;CLI-10246;Cliente_10246;PR;Sul;Correspondente Bancário;Financiamento Veicular;133164.68;0.1643;24;832;Excelente (750-850);32047.6;6547.55;20.43;0;Em Dia;Baixo Risco (A/B);0.0
CTR-51247;2023-01-13;CLI-10247;Cliente_10247;PE;Nordeste;Internet Banking;Crédito Pessoal;23835.5;0.4134;36;849;Excelente (750-850);17488.19;1165.44;6.66;0;Em Dia;Baixo Risco (A/B);0.0
CTR-51248;2024-10-11;CLI-10248;Cliente_10248;MG;Sudeste;Internet Banking;Cartão de Crédito rotativo;2069.17;0.6319;36;337;Baixo / Alto Risco (<550);5869.35;129.35;2.2;45;Atraso Crítico (31-90d);Alto Risco (E/F);517.29
CTR-51249;2023-08-21;CLI-10249;Cliente_10249;RS;Sul;Correspondente Bancário;Crédito Pessoal;22892.32;0.4389;60;331;Baixo / Alto Risco (<550);28181.93;947.01;3.36;0;Em Dia;Baixo Risco (A/B);0.0
CTR-51250;2023-12-27;CLI-10250;Cliente_10250;MG;Sudeste;Correspondente Bancário;Crédito Pessoal;20776.85;0.4089;48;347;Baixo / Alto Risco (<550);7793.4;885.2;11.36;15;Atraso Curto (1-30d);Risco Moderado (C/D);1038.84
CTR-51251;2024-04-07;CLI-10001;Cliente_10001;SP;Sudeste;Agência Física;Financiamento Veicular;128246.34;0.2752;36;498;Baixo / Alto Risco (<550);33080.05;5271.53;15.94;45;Atraso Crítico (31-90d);Alto Risco (E/F);32061.58
CTR-51252;2025-03-03;CLI-10002;Cliente_10002;GO;Centro-Oeste;Agência Física;Financiamento Veicular;82638.35;0.1941;48;751;Excelente (750-850);9075.43;2488.81;27.42;20;Atraso Curto (1-30d);Risco Moderado (C/D);4131.92
CTR-51253;2025-04-07;CLI-10003;Cliente_10003;PE;Nordeste;App Mobile;Financiamento Imobiliário;841941.33;0.0896;72;845;Excelente (750-850);10827.79;15159.74;140.01;45;Atraso Crítico (31-90d);Alto Risco (E/F);210485.33
CTR-51254;2025-01-16;CLI-10004;Cliente_10004;MG;Sudeste;App Mobile;Financiamento Imobiliário;273965.46;0.1311;72;388;Baixo / Alto Risco (<550);20104.49;5515.53;27.43;0;Em Dia;Baixo Risco (A/B);0.0
CTR-51255;2024-07-09;CLI-10005;Cliente_10005;PR;Sul;Correspondente Bancário;Crédito Pessoal;5938.07;0.3383;48;434;Baixo / Alto Risco (<550);25035.74;227.23;0.91;45;Atraso Crítico (31-90d);Alto Risco (E/F);1484.52
CTR-51256;2024-07-29;CLI-10006;Cliente_10006;PR;Sul;Internet Banking;Financiamento Veicular;43366.32;0.2632;24;747;Bom (650-749);7746.36;2343.35;30.25;5;Atraso Curto (1-30d);Risco Moderado (C/D);2168.32
CTR-51257;2025-03-17;CLI-10007;Cliente_10007;RS;Sul;Agência Física;Crédito Pessoal;13086.63;0.2358;24;544;Baixo / Alto Risco (<550);8505.86;689.16;8.1;0;Em Dia;Baixo Risco (A/B);0.0
CTR-51258;2024-11-09;CLI-10008;Cliente_10008;PR;Sul;Agência Física;Financiamento Veicular;36483.03;0.2704;24;379;Baixo / Alto Risco (<550);24928.99;1984.7;7.96;95;Inadimplente / NPL (>90d);Inadimplência / Loss (G/H);29186.42
CTR-51259;2025-07-15;CLI-10009;Cliente_10009;ES;Sudeste;Internet Banking;Cartão de Crédito rotativo;5982.99;0.4771;60;425;Baixo / Alto Risco (<550);14315.0;263.25;1.84;15;Atraso Curto (1-30d);Risco Moderado (C/D);299.15
CTR-51260;2023-09-10;CLI-10010;Cliente_10010;BA;Nordeste;Agência Física;Crédito Pessoal;6378.94;0.2535;24;759;Excelente (750-850);33014.97;341.57;1.03;0;Em Dia;Baixo Risco (A/B);0.0
CTR-51261;2025-03-19;CLI-10011;Cliente_10011;MG;Sudeste;App Mobile;Crédito Pessoal;5112.48;0.2709;60;598;Médio (550-649);8488.74;156.39;1.84;0;Em Dia;Baixo Risco (A/B);0.0
CTR-51262;2024-08-04;CLI-10012;Cliente_10012;CE;Nordeste;App Mobile;Financiamento Imobiliário;676862.25;0.1117;120;709;Bom (650-749);5910.83;9389.03;158.84;15;Atraso Curto (1-30d);Risco Moderado (C/D);33843.11
CTR-51263;2023-07-21;CLI-10013;Cliente_10013;DF;Centro-Oeste;Agência Física;Crédito Pessoal;29347.62;0.1833;24;503;Baixo / Alto Risco (<550);30352.6;1469.84;4.84;0;Em Dia;Baixo Risco (A/B);0.0
CTR-51264;2025-08-21;CLI-10014;Cliente_10014;MG;Sudeste;Agência Física;Crédito Pessoal;26686.57;0.3766;36;666;Bom (650-749);3270.57;1247.71;38.15;5;Atraso Curto (1-30d);Risco Moderado (C/D);1334.33
CTR-51265;2024-07-19;CLI-10015;Cliente_10015;CE;Nordeste;Correspondente Bancário;Crédito Pessoal;19381.26;0.2028;60;329;Baixo / Alto Risco (<550);7377.34;516.51;7.0;45;Atraso Crítico (31-90d);Alto Risco (E/F);4845.31
CTR-51266;2024-07-24;CLI-10016;Cliente_10016;PR;Sul;Correspondente Bancário;Financiamento Imobiliário;185555.07;0.1173;24;425;Baixo / Alto Risco (<550);25936.95;8711.34;33.59;45;Atraso Crítico (31-90d);Alto Risco (E/F);46388.77
CTR-51267;2023-05-27;CLI-10017;Cliente_10017;BA;Nordeste;Correspondente Bancário;Empréstimo Empresarial PJ;265824.24;0.1264;36;419;Baixo / Alto Risco (<550);3067.9;8910.65;290.45;15;Atraso Curto (1-30d);Risco Moderado (C/D);13291.21
CTR-51268;2024-03-13;CLI-10018;Cliente_10018;SP;Sudeste;Agência Física;Cartão de Crédito rotativo;4711.36;0.8289;60;545;Baixo / Alto Risco (<550);3604.17;331.46;9.2;0;Em Dia;Baixo Risco (A/B);0.0
CTR-51269;2024-04-27;CLI-10019;Cliente_10019;MG;Sudeste;App Mobile;Financiamento Veicular;152149.54;0.1971;48;631;Médio (550-649);32925.38;4606.49;13.99;0;Em Dia;Baixo Risco (A/B);0.0
CTR-51270;2024-09-27;CLI-10020;Cliente_10020;GO;Centro-Oeste;App Mobile;Financiamento Veicular;165331.14;0.1786;48;808;Excelente (750-850);5422.83;4844.52;89.34;45;Atraso Crítico (31-90d);Alto Risco (E/F);41332.79
CTR-51271;2023-04-16;CLI-10021;Cliente_10021;ES;Sudeste;App Mobile;Cartão de Crédito rotativo;10983.48;0.8269;24;373;Baixo / Alto Risco (<550);29913.78;948.48;3.17;15;Atraso Curto (1-30d);Risco Moderado (C/D);549.17
CTR-51272;2025-05-17;CLI-10022;Cliente_10022;ES;Sudeste;Agência Física;Crédito Pessoal;29345.77;0.2368;24;488;Baixo / Alto Risco (<550);24317.58;1546.86;6.36;120;Inadimplente / NPL (>90d);Inadimplência / Loss (G/H);23476.62
CTR-51273;2024-07-23;CLI-10023;Cliente_10023;RJ;Sudeste;App Mobile;Cartão de Crédito rotativo;17224.51;0.5984;24;542;Baixo / Alto Risco (<550);18612.8;1246.66;6.7;0;Em Dia;Baixo Risco (A/B);0.0
CTR-51274;2025-03-29;CLI-10024;Cliente_10024;SP;Sudeste;Correspondente Bancário;Financiamento Imobiliário;847934.4;0.0862;72;393;Baixo / Alto Risco (<550);20914.59;15125.05;72.32;45;Atraso Crítico (31-90d);Alto Risco (E/F);211983.6
CTR-51275;2025-01-11;CLI-10025;Cliente_10025;SC;Sul;Correspondente Bancário;Financiamento Imobiliário;805743.74;0.1253;60;350;Baixo / Alto Risco (<550);3768.03;18139.87;481.42;45;Atraso Crítico (31-90d);Alto Risco (E/F);201435.93
CTR-51276;2023-05-15;CLI-10026;Cliente_10026;RJ;Sudeste;App Mobile;Financiamento Imobiliário;705674.99;0.1079;48;686;Bom (650-749);8474.82;18166.66;214.36;0;Em Dia;Baixo Risco (A/B);0.0
CTR-51277;2024-07-14;CLI-10027;Cliente_10027;ES;Sudeste;Agência Física;Financiamento Veicular;80995.86;0.1538;36;704;Bom (650-749);3294.72;2822.84;85.68;45;Atraso Crítico (31-90d);Alto Risco (E/F);20248.97
CTR-51278;2024-04-13;CLI-10028;Cliente_10028;RJ;Sudeste;App Mobile;Empréstimo Empresarial PJ;330861.45;0.2041;24;337;Baixo / Alto Risco (<550);24406.95;16905.8;69.27;15;Atraso Curto (1-30d);Risco Moderado (C/D);16543.07
CTR-51279;2025-07-10;CLI-10029;Cliente_10029;BA;Nordeste;Internet Banking;Financiamento Imobiliário;878660.64;0.1168;36;616;Médio (550-649);28683.7;29050.0;101.28;45;Atraso Crítico (31-90d);Alto Risco (E/F);219665.16
CTR-51280;2023-09-16;CLI-10030;Cliente_10030;RS;Sul;Agência Física;Financiamento Imobiliário;589990.55;0.1147;60;661;Bom (650-749);29741.34;12966.55;43.6;0;Em Dia;Baixo Risco (A/B);0.0
CTR-51281;2023-06-04;CLI-10031;Cliente_10031;RS;Sul;App Mobile;Financiamento Imobiliário;561676.4;0.1272;24;432;Baixo / Alto Risco (<550);4085.69;26629.31;651.77;0;Em Dia;Baixo Risco (A/B);0.0
CTR-51282;2023-02-15;CLI-10032;Cliente_10032;SP;Sudeste;Internet Banking;Cartão de Crédito rotativo;17795.25;0.7494;12;847;Excelente (750-850);29305.82;2151.17;7.34;0;Em Dia;Baixo Risco (A/B);0.0
CTR-51283;2024-05-23;CLI-10033;Cliente_10033;BA;Nordeste;Correspondente Bancário;Empréstimo Empresarial PJ;69926.22;0.1512;36;511;Baixo / Alto Risco (<550);9805.22;2428.13;24.76;0;Em Dia;Baixo Risco (A/B);0.0
CTR-51284;2023-03-22;CLI-10034;Cliente_10034;SP;Sudeste;Correspondente Bancário;Financiamento Imobiliário;424739.48;0.1176;360;661;Bom (650-749);18866.15;4290.62;22.74;0;Em Dia;Baixo Risco (A/B);0.0
CTR-51285;2024-11-26;CLI-10035;Cliente_10035;RJ;Sudeste;Internet Banking;Empréstimo Empresarial PJ;268826.22;0.1998;60;425;Baixo / Alto Risco (<550);3786.99;7119.26;187.99;120;Inadimplente / NPL (>90d);Inadimplência / Loss (G/H);215060.98
CTR-51286;2025-05-14;CLI-10036;Cliente_10036;MG;Sudeste;Agência Física;Empréstimo Empresarial PJ;206598.76;0.2268;12;483;Baixo / Alto Risco (<550);24972.39;19404.16;77.7;15;Atraso Curto (1-30d);Risco Moderado (C/D);10329.94
CTR-51287;2023-08-22;CLI-10037;Cliente_10037;SP;Sudeste;Internet Banking;Cartão de Crédito rotativo;11112.99;0.7496;60;514;Baixo / Alto Risco (<550);6730.49;712.99;10.59;10;Atraso Curto (1-30d);Risco Moderado (C/D);555.65
CTR-51288;2023-01-29;CLI-10038;Cliente_10038;MG;Sudeste;Internet Banking;Financiamento Imobiliário;918526.48;0.0971;360;840;Excelente (750-850);20765.34;7864.59;37.87;0;Em Dia;Baixo Risco (A/B);0.0
CTR-51289;2023-11-06;CLI-10039;Cliente_10039;SP;Sudeste;Correspondente Bancário;Crédito Pessoal;3781.4;0.3791;24;490;Baixo / Alto Risco (<550);16325.36;227.13;1.39;15;Atraso Curto (1-30d);Risco Moderado (C/D);189.07
CTR-51290;2023-01-13;CLI-10040;Cliente_10040;ES;Sudeste;Internet Banking;Cartão de Crédito rotativo;8085.25;0.5965;24;820;Excelente (750-850);26674.68;584.28;2.19;0;Em Dia;Baixo Risco (A/B);0.0
CTR-51291;2024-09-29;CLI-10041;Cliente_10041;ES;Sudeste;Internet Banking;Financiamento Veicular;167848.36;0.2087;24;502;Baixo / Alto Risco (<550);22488.3;8614.28;38.31;90;Atraso Crítico (31-90d);Alto Risco (E/F);41962.09
CTR-51292;2024-09-25;CLI-10042;Cliente_10042;ES;Sudeste;App Mobile;Financiamento Veicular;50732.82;0.1465;60;824;Excelente (750-850);4158.83;1197.63;28.8;0;Em Dia;Baixo Risco (A/B);0.0
CTR-51293;2023-07-05;CLI-10043;Cliente_10043;SC;Sul;Agência Física;Crédito Pessoal;19944.39;0.3752;60;819;Excelente (750-850);21015.33;740.32;3.52;0;Em Dia;Baixo Risco (A/B);0.0
CTR-51294;2024-06-21;CLI-10044;Cliente_10044;SP;Sudeste;App Mobile;Cartão de Crédito rotativo;4844.83;0.4891;60;708;Bom (650-749);18827.1;217.23;1.15;0;Em Dia;Baixo Risco (A/B);0.0
CTR-51295;2023-04-28;CLI-10045;Cliente_10045;SP;Sudeste;App Mobile;Cartão de Crédito rotativo;5844.48;0.4506;12;654;Bom (650-749);26930.95;613.92;2.28;0;Em Dia;Baixo Risco (A/B);0.0
CTR-51296;2025-03-23;CLI-10046;Cliente_10046;ES;Sudeste;App Mobile;Empréstimo Empresarial PJ;262631.68;0.1882;36;637;Médio (550-649);29809.69;9603.15;32.21;0;Em Dia;Baixo Risco (A/B);0.0
CTR-51297;2023-05-25;CLI-10047;Cliente_10047;PE;Nordeste;Internet Banking;Crédito Pessoal;2409.26;0.2269;24;567;Médio (550-649);21935.78;125.81;0.57;90;Atraso Crítico (31-90d);Alto Risco (E/F);602.32
CTR-51298;2025-02-13;CLI-10048;Cliente_10048;BA;Nordeste;App Mobile;Cartão de Crédito rotativo;8078.79;0.4817;36;435;Baixo / Alto Risco (<550);14912.64;428.1;2.87;95;Inadimplente / NPL (>90d);Inadimplência / Loss (G/H);6463.03
CTR-51299;2024-09-12;CLI-10049;Cliente_10049;MG;Sudeste;Agência Física;Financiamento Imobiliário;320181.16;0.0966;120;686;Bom (650-749);19216.69;4171.17;21.71;20;Atraso Curto (1-30d);Risco Moderado (C/D);16009.06
CTR-51300;2024-08-15;CLI-10050;Cliente_10050;RJ;Sudeste;Internet Banking;Financiamento Imobiliário;167852.15;0.1047;72;673;Bom (650-749);34219.47;3149.53;9.2;0;Em Dia;Baixo Risco (A/B);0.0
CTR-51301;2023-05-28;CLI-10051;Cliente_10051;ES;Sudeste;Internet Banking;Financiamento Veicular;174003.01;0.2779;48;467;Baixo / Alto Risco (<550);27601.14;6043.49;21.9;95;Inadimplente / NPL (>90d);Inadimplência / Loss (G/H);139202.41
CTR-51302;2024-05-04;CLI-10052;Cliente_10052;DF;Centro-Oeste;App Mobile;Cartão de Crédito rotativo;3784.25;0.6781;12;781;Excelente (750-850);8099.33;442.77;5.47;0;Em Dia;Baixo Risco (A/B);0.0
CTR-51303;2025-04-14;CLI-10053;Cliente_10053;CE;Nordeste;Correspondente Bancário;Empréstimo Empresarial PJ;172748.29;0.2433;24;544;Baixo / Alto Risco (<550);34167.32;9161.87;26.81;10;Atraso Curto (1-30d);Risco Moderado (C/D);8637.41
CTR-51304;2024-11-16;CLI-10054;Cliente_10054;CE;Nordeste;Correspondente Bancário;Cartão de Crédito rotativo;15662.54;0.4705;24;530;Baixo / Alto Risco (<550);20126.31;1018.95;5.06;90;Atraso Crítico (31-90d);Alto Risco (E/F);3915.64
CTR-51305;2023-04-26;CLI-10055;Cliente_10055;ES;Sudeste;App Mobile;Crédito Pessoal;32438.35;0.186;48;817;Excelente (750-850);26570.63;963.08;3.62;0;Em Dia;Baixo Risco (A/B);0.0
CTR-51306;2024-11-22;CLI-10056;Cliente_10056;SC;Sul;App Mobile;Crédito Pessoal;22367.03;0.3079;36;602;Médio (550-649);33851.83;959.22;2.83;0;Em Dia;Baixo Risco (A/B);0.0
CTR-51307;2023-03-24;CLI-10057;Cliente_10057;SC;Sul;Internet Banking;Cartão de Crédito rotativo;10569.97;0.8403;12;701;Bom (650-749);6349.98;1330.96;20.96;0;Em Dia;Baixo Risco (A/B);0.0
CTR-51308;2025-06-05;CLI-10058;Cliente_10058;RJ;Sudeste;Correspondente Bancário;Financiamento Imobiliário;777673.16;0.131;36;842;Excelente (750-850);7566.45;26240.36;346.8;0;Em Dia;Baixo Risco (A/B);0.0
CTR-51309;2023-03-29;CLI-10059;Cliente_10059;SP;Sudeste;App Mobile;Crédito Pessoal;32568.01;0.2813;36;809;Excelente (750-850);7780.07;1349.42;17.34;0;Em Dia;Baixo Risco (A/B);0.0
CTR-51310;2025-05-25;CLI-10060;Cliente_10060;RS;Sul;App Mobile;Financiamento Imobiliário;931276.83;0.1251;360;774;Excelente (750-850);7883.57;9946.35;126.17;0;Em Dia;Baixo Risco (A/B);0.0
CTR-51311;2023-10-22;CLI-10061;Cliente_10061;RS;Sul;Correspondente Bancário;Empréstimo Empresarial PJ;374089.81;0.1468;60;340;Baixo / Alto Risco (<550);3217.1;8836.86;274.68;15;Atraso Curto (1-30d);Risco Moderado (C/D);18704.49
CTR-51312;2024-02-08;CLI-10062;Cliente_10062;RS;Sul;App Mobile;Financiamento Imobiliário;912955.0;0.0852;72;697;Bom (650-749);29441.07;16239.86;55.16;0;Em Dia;Baixo Risco (A/B);0.0
CTR-51313;2023-07-25;CLI-10063;Cliente_10063;ES;Sudeste;Correspondente Bancário;Empréstimo Empresarial PJ;470840.58;0.1899;12;333;Baixo / Alto Risco (<550);30845.18;43388.81;140.67;45;Atraso Crítico (31-90d);Alto Risco (E/F);117710.15
CTR-51314;2024-06-25;CLI-10064;Cliente_10064;BA;Nordeste;Agência Física;Financiamento Imobiliário;550836.74;0.0959;12;527;Baixo / Alto Risco (<550);15122.96;48322.33;319.53;15;Atraso Curto (1-30d);Risco Moderado (C/D);27541.84
CTR-51315;2024-01-05;CLI-10065;Cliente_10065;ES;Sudeste;App Mobile;Financiamento Veicular;32304.11;0.2095;12;724;Bom (650-749);9411.13;3007.18;31.95;0;Em Dia;Baixo Risco (A/B);0.0
CTR-51316;2023-12-01;CLI-10066;Cliente_10066;DF;Centro-Oeste;App Mobile;Empréstimo Empresarial PJ;154861.04;0.1713;60;460;Baixo / Alto Risco (<550);34050.41;3859.53;11.33;15;Atraso Curto (1-30d);Risco Moderado (C/D);7743.05
CTR-51317;2024-12-07;CLI-10067;Cliente_10067;ES;Sudeste;Internet Banking;Financiamento Veicular;27571.82;0.1404;12;561;Médio (550-649);3102.19;2476.11;79.82;120;Inadimplente / NPL (>90d);Inadimplência / Loss (G/H);22057.46
CTR-51318;2024-11-14;CLI-10068;Cliente_10068;RS;Sul;Internet Banking;Crédito Pessoal;21174.73;0.2203;12;662;Bom (650-749);16420.52;1982.14;12.07;0;Em Dia;Baixo Risco (A/B);0.0
CTR-51319;2025-05-10;CLI-10069;Cliente_10069;PE;Nordeste;Correspondente Bancário;Cartão de Crédito rotativo;19957.03;0.5291;48;322;Baixo / Alto Risco (<550);18241.39;1006.85;5.52;95;Inadimplente / NPL (>90d);Inadimplência / Loss (G/H);15965.62
CTR-51320;2023-10-31;CLI-10070;Cliente_10070;PE;Nordeste;Correspondente Bancário;Crédito Pessoal;18395.57;0.3504;48;492;Baixo / Alto Risco (<550);17356.91;717.34;4.13;45;Atraso Crítico (31-90d);Alto Risco (E/F);4598.89
CTR-51321;2025-01-24;CLI-10071;Cliente_10071;RS;Sul;Internet Banking;Crédito Pessoal;19672.55;0.1926;36;508;Baixo / Alto Risco (<550);5916.48;723.71;12.23;90;Atraso Crítico (31-90d);Alto Risco (E/F);4918.14
CTR-51322;2024-12-16;CLI-10072;Cliente_10072;SP;Sudeste;Correspondente Bancário;Crédito Pessoal;27998.97;0.2108;48;566;Médio (550-649);9476.89;868.21;9.16;0;Em Dia;Baixo Risco (A/B);0.0
CTR-51323;2024-08-23;CLI-10073;Cliente_10073;PE;Nordeste;App Mobile;Financiamento Veicular;57116.1;0.1914;24;378;Baixo / Alto Risco (<550);7681.67;2883.03;37.53;120;Inadimplente / NPL (>90d);Inadimplência / Loss (G/H);45692.88
CTR-51324;2025-01-30;CLI-10074;Cliente_10074;ES;Sudeste;Internet Banking;Financiamento Veicular;75325.19;0.2369;24;437;Baixo / Alto Risco (<550);19032.58;3970.88;20.86;15;Atraso Curto (1-30d);Risco Moderado (C/D);3766.26
CTR-51325;2023-12-10;CLI-10075;Cliente_10075;MG;Sudeste;Agência Física;Crédito Pessoal;33366.09;0.3227;36;655;Bom (650-749);27864.25;1458.25;5.23;20;Atraso Curto (1-30d);Risco Moderado (C/D);1668.3
CTR-51326;2024-12-30;CLI-10076;Cliente_10076;RS;Sul;Agência Física;Financiamento Imobiliário;336139.49;0.1263;72;394;Baixo / Alto Risco (<550);33029.92;6682.24;20.23;95;Inadimplente / NPL (>90d);Inadimplência / Loss (G/H);268911.59
CTR-51327;2024-08-19;CLI-10077;Cliente_10077;BA;Nordeste;Correspondente Bancário;Crédito Pessoal;29180.67;0.2297;36;506;Baixo / Alto Risco (<550);23193.79;1129.12;4.87;0;Em Dia;Baixo Risco (A/B);0.0
CTR-51328;2023-02-06;CLI-10078;Cliente_10078;ES;Sudeste;Correspondente Bancário;Cartão de Crédito rotativo;10066.27;0.6686;60;509;Baixo / Alto Risco (<550);28647.66;583.41;2.04;0;Em Dia;Baixo Risco (A/B);0.0
CTR-51329;2024-03-22;CLI-10079;Cliente_10079;SC;Sul;App Mobile;Financiamento Veicular;123800.01;0.145;36;351;Baixo / Alto Risco (<550);30730.71;4261.32;13.87;95;Inadimplente / NPL (>90d);Inadimplência / Loss (G/H);99040.01
CTR-51330;2023-05-11;CLI-10080;Cliente_10080;CE;Nordeste;App Mobile;Empréstimo Empresarial PJ;466874.35;0.1636;60;504;Baixo / Alto Risco (<550);10549.46;11442.97;108.47;15;Atraso Curto (1-30d);Risco Moderado (C/D);23343.72
CTR-51331;2025-04-22;CLI-10081;Cliente_10081;DF;Centro-Oeste;Correspondente Bancário;Cartão de Crédito rotativo;18368.96;0.5167;12;343;Baixo / Alto Risco (<550);13604.94;1992.14;14.64;95;Inadimplente / NPL (>90d);Inadimplência / Loss (G/H);14695.17
CTR-51332;2024-04-21;CLI-10082;Cliente_10082;BA;Nordeste;Correspondente Bancário;Crédito Pessoal;4314.96;0.2208;24;807;Excelente (750-850);8985.91;224.02;2.49;20;Atraso Curto (1-30d);Risco Moderado (C/D);215.75
CTR-51333;2024-02-09;CLI-10083;Cliente_10083;BA;Nordeste;Agência Física;Crédito Pessoal;13109.46;0.4015;12;350;Baixo / Alto Risco (<550);28377.67;1344.34;4.74;95;Inadimplente / NPL (>90d);Inadimplência / Loss (G/H);10487.57
CTR-51334;2025-06-14;CLI-10084;Cliente_10084;RJ;Sudeste;App Mobile;Crédito Pessoal;21290.18;0.188;60;378;Baixo / Alto Risco (<550);10749.83;549.94;5.12;120;Inadimplente / NPL (>90d);Inadimplência / Loss (G/H);17032.14
CTR-51335;2025-01-17;CLI-10085;Cliente_10085;SC;Sul;App Mobile;Financiamento Imobiliário;668769.94;0.0959;12;811;Excelente (750-850);12889.99;58668.05;455.14;0;Em Dia;Baixo Risco (A/B);0.0
CTR-51336;2023-09-15;CLI-10086;Cliente_10086;GO;Centro-Oeste;Agência Física;Crédito Pessoal;13108.9;0.2439;36;794;Excelente (750-850);6355.12;516.99;8.14;0;Em Dia;Baixo Risco (A/B);0.0
CTR-51337;2024-04-22;CLI-10087;Cliente_10087;SP;Sudeste;Agência Física;Financiamento Imobiliário;303480.5;0.096;360;790;Excelente (750-850);22490.24;2574.0;11.44;0;Em Dia;Baixo Risco (A/B);0.0
CTR-51338;2025-04-03;CLI-10088;Cliente_10088;SP;Sudeste;Agência Física;Financiamento Imobiliário;642840.16;0.0909;24;438;Baixo / Alto Risco (<550);33223.68;29394.54;88.47;120;Inadimplente / NPL (>90d);Inadimplência / Loss (G/H);514272.13
CTR-51339;2024-10-29;CLI-10089;Cliente_10089;BA;Nordeste;Internet Banking;Empréstimo Empresarial PJ;273277.02;0.1568;60;514;Baixo / Alto Risco (<550);14116.94;6599.19;46.75;95;Inadimplente / NPL (>90d);Inadimplência / Loss (G/H);218621.62
CTR-51340;2024-02-16;CLI-10090;Cliente_10090;GO;Centro-Oeste;Internet Banking;Empréstimo Empresarial PJ;434760.37;0.175;48;363;Baixo / Alto Risco (<550);5238.67;12657.78;241.62;45;Atraso Crítico (31-90d);Alto Risco (E/F);108690.09
CTR-51341;2025-06-06;CLI-10091;Cliente_10091;BA;Nordeste;Internet Banking;Cartão de Crédito rotativo;11683.04;0.7352;36;612;Médio (550-649);28663.38;811.15;2.83;90;Atraso Crítico (31-90d);Alto Risco (E/F);2920.76
CTR-51342;2025-01-04;CLI-10092;Cliente_10092;RS;Sul;App Mobile;Financiamento Veicular;132583.64;0.2724;12;511;Baixo / Alto Risco (<550);27722.33;12745.87;45.98;15;Atraso Curto (1-30d);Risco Moderado (C/D);6629.18
CTR-51343;2025-05-14;CLI-10093;Cliente_10093;MG;Sudeste;Agência Física;Financiamento Veicular;176786.51;0.2022;60;423;Baixo / Alto Risco (<550);27691.7;4705.43;16.99;0;Em Dia;Baixo Risco (A/B);0.0
CTR-51344;2024-05-03;CLI-10094;Cliente_10094;SC;Sul;Correspondente Bancário;Crédito Pessoal;21014.44;0.4417;48;430;Baixo / Alto Risco (<550);18940.4;939.17;4.96;0;Em Dia;Baixo Risco (A/B);0.0
CTR-51345;2023-08-30;CLI-10095;Cliente_10095;SP;Sudeste;App Mobile;Crédito Pessoal;24581.04;0.4302;12;520;Baixo / Alto Risco (<550);5439.57;2556.48;47.0;45;Atraso Crítico (31-90d);Alto Risco (E/F);6145.26
CTR-51346;2024-02-20;CLI-10096;Cliente_10096;BA;Nordeste;Correspondente Bancário;Financiamento Imobiliário;546013.98;0.1255;120;539;Baixo / Alto Risco (<550);16497.97;8008.29;48.54;0;Em Dia;Baixo Risco (A/B);0.0
CTR-51347;2024-09-21;CLI-10097;Cliente_10097;SC;Sul;Internet Banking;Empréstimo Empresarial PJ;169882.62;0.2044;12;529;Baixo / Alto Risco (<550);32556.68;15772.79;48.45;45;Atraso Crítico (31-90d);Alto Risco (E/F);42470.65
CTR-51348;2024-12-07;CLI-10098;Cliente_10098;GO;Centro-Oeste;Internet Banking;Crédito Pessoal;26023.2;0.2285;48;392;Baixo / Alto Risco (<550);24132.61;831.94;3.45;0;Em Dia;Baixo Risco (A/B);0.0
CTR-51349;2024-01-29;CLI-10099;Cliente_10099;PR;Sul;Correspondente Bancário;Crédito Pessoal;34305.44;0.3731;60;841;Excelente (750-850);28001.25;1268.69;4.53;0;Em Dia;Baixo Risco (A/B);0.0
CTR-51350;2024-01-28;CLI-10100;Cliente_10100;BA;Nordeste;Agência Física;Empréstimo Empresarial PJ;285567.72;0.1848;60;382;Baixo / Alto Risco (<550);25389.34;7326.32;28.86;15;Atraso Curto (1-30d);Risco Moderado (C/D);14278.39
CTR-51351;2023-03-03;CLI-10101;Cliente_10101;RJ;Sudeste;Internet Banking;Empréstimo Empresarial PJ;276018.51;0.1558;48;472;Baixo / Alto Risco (<550);9604.62;7763.2;80.83;95;Inadimplente / NPL (>90d);Inadimplência / Loss (G/H);220814.81
CTR-51352;2025-05-03;CLI-10102;Cliente_10102;ES;Sudeste;Agência Física;Crédito Pessoal;8569.44;0.1827;12;351;Baixo / Alto Risco (<550);21833.8;786.75;3.6;45;Atraso Crítico (31-90d);Alto Risco (E/F);2142.36
CTR-51353;2025-02-25;CLI-10103;Cliente_10103;CE;Nordeste;Internet Banking;Crédito Pessoal;19815.99;0.1944;36;417;Baixo / Alto Risco (<550);13043.69;730.79;5.6;45;Atraso Crítico (31-90d);Alto Risco (E/F);4954.0
CTR-51354;2025-06-01;CLI-10104;Cliente_10104;GO;Centro-Oeste;Correspondente Bancário;Empréstimo Empresarial PJ;268759.75;0.2486;24;473;Baixo / Alto Risco (<550);23320.36;14325.24;61.43;45;Atraso Crítico (31-90d);Alto Risco (E/F);67189.94
CTR-51355;2025-02-17;CLI-10105;Cliente_10105;SC;Sul;Agência Física;Financiamento Veicular;87474.58;0.2608;60;705;Bom (650-749);16913.25;2623.17;15.51;0;Em Dia;Baixo Risco (A/B);0.0
CTR-51356;2024-11-13;CLI-10106;Cliente_10106;SC;Sul;App Mobile;Empréstimo Empresarial PJ;220729.92;0.1846;24;594;Médio (550-649);31726.1;11068.87;34.89;0;Em Dia;Baixo Risco (A/B);0.0
CTR-51357;2025-04-04;CLI-10107;Cliente_10107;ES;Sudeste;App Mobile;Financiamento Imobiliário;393050.25;0.1262;24;346;Baixo / Alto Risco (<550);17777.87;18616.25;104.72;0;Em Dia;Baixo Risco (A/B);0.0
CTR-51358;2024-05-12;CLI-10108;Cliente_10108;BA;Nordeste;App Mobile;Financiamento Imobiliário;236267.89;0.1293;24;355;Baixo / Alto Risco (<550);21320.75;11224.84;52.65;15;Atraso Curto (1-30d);Risco Moderado (C/D);11813.39
CTR-51359;2024-11-12;CLI-10109;Cliente_10109;PR;Sul;App Mobile;Empréstimo Empresarial PJ;134129.93;0.1917;48;378;Baixo / Alto Risco (<550);13164.65;4022.54;30.56;0;Em Dia;Baixo Risco (A/B);0.0
CTR-51360;2024-08-14;CLI-10110;Cliente_10110;BA;Nordeste;App Mobile;Crédito Pessoal;5813.21;0.3526;12;524;Baixo / Alto Risco (<550);31629.31;581.86;1.84;90;Atraso Crítico (31-90d);Alto Risco (E/F);1453.3
CTR-51361;2023-12-19;CLI-10111;Cliente_10111;RS;Sul;Correspondente Bancário;Cartão de Crédito rotativo;17215.02;0.5653;36;581;Médio (550-649);21985.28;1002.04;4.56;10;Atraso Curto (1-30d);Risco Moderado (C/D);860.75
CTR-51362;2024-10-20;CLI-10112;Cliente_10112;SC;Sul;Correspondente Bancário;Crédito Pessoal;29796.53;0.3694;24;516;Baixo / Alto Risco (<550);15588.28;1774.29;11.38;10;Atraso Curto (1-30d);Risco Moderado (C/D);1489.83
CTR-51363;2024-12-28;CLI-10113;Cliente_10113;SP;Sudeste;Agência Física;Financiamento Veicular;135779.87;0.2656;48;789;Excelente (750-850);34572.16;4621.01;13.37;0;Em Dia;Baixo Risco (A/B);0.0
CTR-51364;2023-03-01;CLI-10114;Cliente_10114;SP;Sudeste;Agência Física;Empréstimo Empresarial PJ;121661.56;0.1797;12;705;Bom (650-749);10210.22;11152.19;109.23;15;Atraso Curto (1-30d);Risco Moderado (C/D);6083.08
CTR-51365;2023-12-03;CLI-10115;Cliente_10115;PE;Nordeste;App Mobile;Cartão de Crédito rotativo;17994.58;0.6385;36;405;Baixo / Alto Risco (<550);10662.91;1132.69;10.62;15;Atraso Curto (1-30d);Risco Moderado (C/D);899.73
CTR-51366;2025-06-03;CLI-10116;Cliente_10116;SC;Sul;App Mobile;Cartão de Crédito rotativo;3594.17;0.8334;12;464;Baixo / Alto Risco (<550);15902.87;451.19;2.84;95;Inadimplente / NPL (>90d);Inadimplência / Loss (G/H);2875.34
CTR-51367;2025-03-30;CLI-10117;Cliente_10117;PR;Sul;Agência Física;Empréstimo Empresarial PJ;252522.9;0.2302;60;459;Baixo / Alto Risco (<550);19429.1;7121.64;36.65;120;Inadimplente / NPL (>90d);Inadimplência / Loss (G/H);202018.32
CTR-51368;2025-04-05;CLI-10118;Cliente_10118;CE;Nordeste;Correspondente Bancário;Crédito Pessoal;33478.46;0.3071;60;556;Médio (550-649);17732.0;1097.79;6.19;10;Atraso Curto (1-30d);Risco Moderado (C/D);1673.92
CTR-51369;2025-08-17;CLI-10119;Cliente_10119;ES;Sudeste;App Mobile;Empréstimo Empresarial PJ;407558.57;0.1728;12;347;Baixo / Alto Risco (<550);15563.6;37225.46;239.18;15;Atraso Curto (1-30d);Risco Moderado (C/D);20377.93
CTR-51370;2025-03-29;CLI-10120;Cliente_10120;ES;Sudeste;Agência Física;Cartão de Crédito rotativo;7438.36;0.6652;12;743;Bom (650-749);30856.14;865.15;2.8;5;Atraso Curto (1-30d);Risco Moderado (C/D);371.92
CTR-51371;2025-02-09;CLI-10121;Cliente_10121;GO;Centro-Oeste;App Mobile;Empréstimo Empresarial PJ;366103.28;0.1402;36;510;Baixo / Alto Risco (<550);26888.33;12516.1;46.55;15;Atraso Curto (1-30d);Risco Moderado (C/D);18305.16
CTR-51372;2024-06-22;CLI-10122;Cliente_10122;DF;Centro-Oeste;App Mobile;Empréstimo Empresarial PJ;101670.81;0.1536;48;833;Excelente (750-850);10002.72;2848.16;28.47;0;Em Dia;Baixo Risco (A/B);0.0
CTR-51373;2024-11-10;CLI-10123;Cliente_10123;PR;Sul;App Mobile;Empréstimo Empresarial PJ;246590.35;0.1833;48;728;Bom (650-749);13331.87;7286.18;54.65;15;Atraso Curto (1-30d);Risco Moderado (C/D);12329.52
CTR-51374;2023-02-14;CLI-10124;Cliente_10124;SC;Sul;Correspondente Bancário;Financiamento Imobiliário;814140.18;0.1143;24;789;Excelente (750-850);8264.11;38108.05;461.13;15;Atraso Curto (1-30d);Risco Moderado (C/D);40707.01
CTR-51375;2024-10-17;CLI-10125;Cliente_10125;PR;Sul;App Mobile;Crédito Pessoal;30551.06;0.2265;36;425;Baixo / Alto Risco (<550);15367.86;1177.06;7.66;45;Atraso Crítico (31-90d);Alto Risco (E/F);7637.77
CTR-51376;2023-12-31;CLI-10126;Cliente_10126;PE;Nordeste;Internet Banking;Cartão de Crédito rotativo;5302.79;0.8409;36;805;Excelente (750-850);21459.4;407.14;1.9;0;Em Dia;Baixo Risco (A/B);0.0
CTR-51377;2024-10-25;CLI-10127;Cliente_10127;CE;Nordeste;Internet Banking;Crédito Pessoal;24568.19;0.1988;48;545;Baixo / Alto Risco (<550);13533.3;746.05;5.51;0;Em Dia;Baixo Risco (A/B);0.0
CTR-51378;2023-06-12;CLI-10128;Cliente_10128;GO;Centro-Oeste;Correspondente Bancário;Crédito Pessoal;14427.05;0.4298;48;323;Baixo / Alto Risco (<550);8431.99;633.77;7.52;15;Atraso Curto (1-30d);Risco Moderado (C/D);721.35
CTR-51379;2025-08-30;CLI-10129;Cliente_10129;SP;Sudeste;Agência Física;Cartão de Crédito rotativo;1310.04;0.5795;48;552;Médio (550-649);11985.7;70.6;0.59;0;Em Dia;Baixo Risco (A/B);0.0
CTR-51380;2025-07-31;CLI-10130;Cliente_10130;BA;Nordeste;Correspondente Bancário;Cartão de Crédito rotativo;7317.02;0.6824;24;838;Excelente (750-850);25970.96;566.24;2.18;20;Atraso Curto (1-30d);Risco Moderado (C/D);365.85
CTR-51381;2025-02-11;CLI-10131;Cliente_10131;MG;Sudeste;App Mobile;Cartão de Crédito rotativo;4293.09;0.7864;36;358;Baixo / Alto Risco (<550);17920.69;313.21;1.75;95;Inadimplente / NPL (>90d);Inadimplência / Loss (G/H);3434.47
CTR-51382;2023-12-27;CLI-10132;Cliente_10132;CE;Nordeste;Correspondente Bancário;Financiamento Imobiliário;544968.36;0.1212;72;741;Bom (650-749);12086.62;10688.27;88.43;95;Inadimplente / NPL (>90d);Inadimplência / Loss (G/H);435974.69
CTR-51383;2023-01-23;CLI-10133;Cliente_10133;MG;Sudeste;App Mobile;Cartão de Crédito rotativo;7267.61;0.6311;48;642;Médio (550-649);10610.15;417.91;3.94;90;Atraso Crítico (31-90d);Alto Risco (E/F);1816.9
CTR-51384;2024-04-25;CLI-10134;Cliente_10134;DF;Centro-Oeste;Internet Banking;Financiamento Veicular;101942.51;0.2238;24;579;Médio (550-649);20386.38;5307.74;26.04;0;Em Dia;Baixo Risco (A/B);0.0
CTR-51385;2024-07-09;CLI-10135;Cliente_10135;MG;Sudeste;Correspondente Bancário;Crédito Pessoal;23221.04;0.2445;48;669;Bom (650-749);20546.55;762.84;3.71;0;Em Dia;Baixo Risco (A/B);0.0
CTR-51386;2024-01-02;CLI-10136;Cliente_10136;PE;Nordeste;App Mobile;Cartão de Crédito rotativo;17680.42;0.5589;12;725;Bom (650-749);29191.54;1956.45;6.7;0;Em Dia;Baixo Risco (A/B);0.0
CTR-51387;2024-08-12;CLI-10137;Cliente_10137;DF;Centro-Oeste;Internet Banking;Financiamento Imobiliário;187790.35;0.1233;48;399;Baixo / Alto Risco (<550);15581.14;4975.72;31.93;95;Inadimplente / NPL (>90d);Inadimplência / Loss (G/H);150232.28
CTR-51388;2025-06-03;CLI-10138;Cliente_10138;DF;Centro-Oeste;Correspondente Bancário;Empréstimo Empresarial PJ;384878.27;0.1467;12;495;Baixo / Alto Risco (<550);21969.38;34678.56;157.85;95;Inadimplente / NPL (>90d);Inadimplência / Loss (G/H);307902.62
CTR-51389;2024-10-20;CLI-10139;Cliente_10139;RJ;Sudeste;Agência Física;Crédito Pessoal;31545.39;0.3629;24;754;Excelente (750-850);21591.93;1867.53;8.65;5;Atraso Curto (1-30d);Risco Moderado (C/D);1577.27
CTR-51390;2023-03-03;CLI-10140;Cliente_10140;SP;Sudeste;Agência Física;Empréstimo Empresarial PJ;81427.83;0.177;60;725;Bom (650-749);33624.02;2054.47;6.11;0;Em Dia;Baixo Risco (A/B);0.0
CTR-51391;2025-01-02;CLI-10141;Cliente_10141;PR;Sul;Internet Banking;Crédito Pessoal;33039.11;0.4067;60;843;Excelente (750-850);25849.94;1295.05;5.01;0;Em Dia;Baixo Risco (A/B);0.0
CTR-51392;2023-07-16;CLI-10142;Cliente_10142;GO;Centro-Oeste;Agência Física;Financiamento Imobiliário;573694.36;0.1299;48;320;Baixo / Alto Risco (<550);25663.72;15387.94;59.96;0;Em Dia;Baixo Risco (A/B);0.0
CTR-51393;2024-08-01;CLI-10143;Cliente_10143;SC;Sul;Internet Banking;Financiamento Imobiliário;755649.81;0.1207;360;656;Bom (650-749);23841.1;7813.45;32.77;0;Em Dia;Baixo Risco (A/B);0.0
CTR-51394;2023-09-09;CLI-10144;Cliente_10144;PR;Sul;App Mobile;Financiamento Imobiliário;775167.71;0.0935;36;832;Excelente (750-850);29770.57;24776.59;83.23;95;Inadimplente / NPL (>90d);Inadimplência / Loss (G/H);620134.17
CTR-51395;2024-12-30;CLI-10145;Cliente_10145;RS;Sul;Internet Banking;Financiamento Imobiliário;602335.63;0.1346;36;410;Baixo / Alto Risco (<550);21516.22;20428.78;94.95;15;Atraso Curto (1-30d);Risco Moderado (C/D);30116.78
CTR-51396;2025-03-07;CLI-10146;Cliente_10146;GO;Centro-Oeste;Agência Física;Cartão de Crédito rotativo;5191.96;0.6786;36;532;Baixo / Alto Risco (<550);12170.23;340.62;2.8;0;Em Dia;Baixo Risco (A/B);0.0
CTR-51397;2023-04-30;CLI-10147;Cliente_10147;RS;Sul;App Mobile;Empréstimo Empresarial PJ;447512.26;0.2216;24;800;Excelente (750-850);9511.99;23251.48;244.44;120;Inadimplente / NPL (>90d);Inadimplência / Loss (G/H);358009.81
CTR-51398;2024-10-11;CLI-10148;Cliente_10148;DF;Centro-Oeste;Internet Banking;Financiamento Veicular;173394.2;0.205;36;367;Baixo / Alto Risco (<550);19931.71;6488.21;32.55;120;Inadimplente / NPL (>90d);Inadimplência / Loss (G/H);138715.36
CTR-51399;2024-12-09;CLI-10149;Cliente_10149;RS;Sul;Internet Banking;Financiamento Veicular;61563.35;0.1652;48;705;Bom (650-749);29109.13;1761.16;6.05;0;Em Dia;Baixo Risco (A/B);0.0
CTR-51400;2023-09-02;CLI-10150;Cliente_10150;GO;Centro-Oeste;Correspondente Bancário;Financiamento Imobiliário;167925.32;0.1071;36;505;Baixo / Alto Risco (<550);25526.64;5474.63;21.45;10;Atraso Curto (1-30d);Risco Moderado (C/D);8396.27
CTR-51401;2023-07-31;CLI-10151;Cliente_10151;GO;Centro-Oeste;Correspondente Bancário;Cartão de Crédito rotativo;2706.43;0.6661;60;466;Baixo / Alto Risco (<550);11126.85;156.34;1.41;45;Atraso Crítico (31-90d);Alto Risco (E/F);676.61
CTR-51402;2024-12-07;CLI-10152;Cliente_10152;RS;Sul;App Mobile;Empréstimo Empresarial PJ;198248.9;0.1986;60;792;Excelente (750-850);18793.84;5236.95;27.87;0;Em Dia;Baixo Risco (A/B);0.0
CTR-51403;2025-06-16;CLI-10153;Cliente_10153;ES;Sudeste;Correspondente Bancário;Financiamento Veicular;60792.35;0.2594;24;689;Bom (650-749);8909.05;3273.32;36.74;0;Em Dia;Baixo Risco (A/B);0.0
CTR-51404;2023-03-17;CLI-10154;Cliente_10154;MG;Sudeste;App Mobile;Cartão de Crédito rotativo;15262.0;0.5261;48;611;Médio (550-649);28734.55;766.9;2.67;10;Atraso Curto (1-30d);Risco Moderado (C/D);763.1
CTR-51405;2023-04-12;CLI-10155;Cliente_10155;RJ;Sudeste;Agência Física;Empréstimo Empresarial PJ;107458.21;0.1437;24;555;Médio (550-649);12729.24;5178.18;40.68;10;Atraso Curto (1-30d);Risco Moderado (C/D);5372.91
CTR-51406;2023-04-05;CLI-10156;Cliente_10156;CE;Nordeste;App Mobile;Financiamento Veicular;162683.23;0.1717;36;564;Médio (550-649);28732.81;5813.87;20.23;35;Atraso Crítico (31-90d);Alto Risco (E/F);40670.81
CTR-51407;2024-04-19;CLI-10157;Cliente_10157;CE;Nordeste;Internet Banking;Financiamento Imobiliário;895844.73;0.1092;120;625;Médio (550-649);22743.16;12299.73;54.08;45;Atraso Crítico (31-90d);Alto Risco (E/F);223961.18
CTR-51408;2024-12-09;CLI-10158;Cliente_10158;GO;Centro-Oeste;Correspondente Bancário;Financiamento Veicular;162612.83;0.1524;60;621;Médio (550-649);10879.83;3889.06;35.75;10;Atraso Curto (1-30d);Risco Moderado (C/D);8130.64
CTR-51409;2025-04-30;CLI-10159;Cliente_10159;CE;Nordeste;Correspondente Bancário;Crédito Pessoal;29609.71;0.2496;60;750;Excelente (750-850);26987.18;868.39;3.22;0;Em Dia;Baixo Risco (A/B);0.0
CTR-51410;2024-02-18;CLI-10160;Cliente_10160;BA;Nordeste;Internet Banking;Cartão de Crédito rotativo;19186.0;0.8313;36;541;Baixo / Alto Risco (<550);23747.57;1460.08;6.15;0;Em Dia;Baixo Risco (A/B);0.0
CTR-51411;2025-07-09;CLI-10161;Cliente_10161;SC;Sul;Internet Banking;Financiamento Imobiliário;817703.69;0.1266;48;637;Médio (550-649);4300.92;21799.21;506.85;95;Inadimplente / NPL (>90d);Inadimplência / Loss (G/H);654162.95
CTR-51412;2023-07-09;CLI-10162;Cliente_10162;SP;Sudeste;Agência Física;Empréstimo Empresarial PJ;434067.6;0.1717;24;727;Bom (650-749);28987.47;21496.76;74.16;120;Inadimplente / NPL (>90d);Inadimplência / Loss (G/H);347254.08
CTR-51413;2024-01-25;CLI-10163;Cliente_10163;PE;Nordeste;Agência Física;Cartão de Crédito rotativo;17920.29;0.6933;48;464;Baixo / Alto Risco (<550);31509.48;1110.26;3.52;45;Atraso Crítico (31-90d);Alto Risco (E/F);4480.07
CTR-51414;2023-09-17;CLI-10164;Cliente_10164;DF;Centro-Oeste;Correspondente Bancário;Cartão de Crédito rotativo;10041.32;0.7311;12;508;Baixo / Alto Risco (<550);7707.18;1203.78;15.62;10;Atraso Curto (1-30d);Risco Moderado (C/D);502.07
CTR-51415;2023-05-06;CLI-10165;Cliente_10165;MG;Sudeste;App Mobile;Cartão de Crédito rotativo;18544.6;0.4907;36;609;Médio (550-649);10563.86;992.91;9.4;10;Atraso Curto (1-30d);Risco Moderado (C/D);927.23
CTR-51416;2023-07-25;CLI-10166;Cliente_10166;BA;Nordeste;Agência Física;Empréstimo Empresarial PJ;169501.35;0.2314;24;830;Excelente (750-850);33992.9;8889.13;26.15;5;Atraso Curto (1-30d);Risco Moderado (C/D);8475.07
CTR-51417;2024-09-23;CLI-10167;Cliente_10167;SC;Sul;App Mobile;Empréstimo Empresarial PJ;168452.89;0.1333;48;476;Baixo / Alto Risco (<550);30914.83;4546.81;14.71;95;Inadimplente / NPL (>90d);Inadimplência / Loss (G/H);134762.31
CTR-51418;2023-02-11;CLI-10168;Cliente_10168;PR;Sul;Correspondente Bancário;Financiamento Imobiliário;163635.15;0.1078;120;384;Baixo / Alto Risco (<550);31796.4;2233.74;7.03;95;Inadimplente / NPL (>90d);Inadimplência / Loss (G/H);130908.12
CTR-51419;2023-05-22;CLI-10169;Cliente_10169;SC;Sul;Agência Física;Crédito Pessoal;13418.78;0.2523;48;669;Bom (650-749);22794.44;446.65;1.96;20;Atraso Curto (1-30d);Risco Moderado (C/D);670.94
CTR-51420;2023-02-19;CLI-10170;Cliente_10170;GO;Centro-Oeste;Correspondente Bancário;Empréstimo Empresarial PJ;416186.03;0.2137;48;781;Excelente (750-850);11846.39;12970.46;109.49;120;Inadimplente / NPL (>90d);Inadimplência / Loss (G/H);332948.82
CTR-51421;2023-05-25;CLI-10171;Cliente_10171;RJ;Sudeste;Internet Banking;Financiamento Imobiliário;834820.95;0.0958;60;588;Médio (550-649);14159.75;17565.45;124.05;120;Inadimplente / NPL (>90d);Inadimplência / Loss (G/H);667856.76
CTR-51422;2025-04-10;CLI-10172;Cliente_10172;GO;Centro-Oeste;Agência Física;Crédito Pessoal;33078.81;0.3817;12;589;Médio (550-649);28166.52;3359.14;11.93;0;Em Dia;Baixo Risco (A/B);0.0
CTR-51423;2025-04-21;CLI-10173;Cliente_10173;MG;Sudeste;Correspondente Bancário;Financiamento Imobiliário;337047.15;0.1082;360;551;Médio (550-649);12710.59;3164.02;24.89;10;Atraso Curto (1-30d);Risco Moderado (C/D);16852.36
CTR-51424;2024-03-06;CLI-10174;Cliente_10174;DF;Centro-Oeste;Internet Banking;Cartão de Crédito rotativo;2734.55;0.8396;60;838;Excelente (750-850);19372.01;194.69;1.01;0;Em Dia;Baixo Risco (A/B);0.0
CTR-51425;2024-04-28;CLI-10175;Cliente_10175;MG;Sudeste;Correspondente Bancário;Empréstimo Empresarial PJ;154872.93;0.1533;12;813;Excelente (750-850);34259.85;14002.7;40.87;0;Em Dia;Baixo Risco (A/B);0.0
CTR-51426;2023-02-25;CLI-10176;Cliente_10176;SP;Sudeste;Agência Física;Crédito Pessoal;3757.2;0.3526;24;333;Baixo / Alto Risco (<550);30838.1;220.38;0.71;45;Atraso Crítico (31-90d);Alto Risco (E/F);939.3
CTR-51427;2025-01-26;CLI-10177;Cliente_10177;RJ;Sudeste;Agência Física;Crédito Pessoal;26101.6;0.2956;48;399;Baixo / Alto Risco (<550);18081.13;933.15;5.16;0;Em Dia;Baixo Risco (A/B);0.0
CTR-51428;2024-12-12;CLI-10178;Cliente_10178;RS;Sul;Agência Física;Cartão de Crédito rotativo;6215.81;0.785;24;650;Bom (650-749);33265.52;520.33;1.56;0;Em Dia;Baixo Risco (A/B);0.0
CTR-51429;2023-11-11;CLI-10179;Cliente_10179;RS;Sul;Correspondente Bancário;Crédito Pessoal;31259.24;0.2508;24;575;Médio (550-649);23547.14;1669.61;7.09;10;Atraso Curto (1-30d);Risco Moderado (C/D);1562.96
CTR-51430;2023-06-29;CLI-10180;Cliente_10180;RS;Sul;Correspondente Bancário;Financiamento Imobiliário;711367.78;0.1359;72;620;Médio (550-649);17031.14;14502.54;85.15;15;Atraso Curto (1-30d);Risco Moderado (C/D);35568.39
CTR-51431;2024-11-17;CLI-10181;Cliente_10181;SC;Sul;Internet Banking;Crédito Pessoal;5159.14;0.442;36;777;Excelente (750-850);27396.37;261.01;0.95;0;Em Dia;Baixo Risco (A/B);0.0
CTR-51432;2024-07-14;CLI-10182;Cliente_10182;GO;Centro-Oeste;Correspondente Bancário;Financiamento Veicular;69650.59;0.2416;24;483;Baixo / Alto Risco (<550);4670.97;3688.07;78.96;120;Inadimplente / NPL (>90d);Inadimplência / Loss (G/H);55720.47
CTR-51433;2023-12-05;CLI-10183;Cliente_10183;SC;Sul;App Mobile;Empréstimo Empresarial PJ;189372.5;0.1808;60;437;Baixo / Alto Risco (<550);11857.4;4817.06;40.62;120;Inadimplente / NPL (>90d);Inadimplência / Loss (G/H);151498.0
CTR-51434;2023-12-14;CLI-10184;Cliente_10184;SC;Sul;Internet Banking;Financiamento Veicular;121735.04;0.2711;48;525;Baixo / Alto Risco (<550);33656.48;4180.96;12.42;0;Em Dia;Baixo Risco (A/B);0.0
CTR-51435;2025-04-19;CLI-10185;Cliente_10185;DF;Centro-Oeste;Agência Física;Financiamento Veicular;32934.49;0.171;12;440;Baixo / Alto Risco (<550);28853.84;3005.35;10.42;45;Atraso Crítico (31-90d);Alto Risco (E/F);8233.62
CTR-51436;2023-11-23;CLI-10186;Cliente_10186;GO;Centro-Oeste;Correspondente Bancário;Empréstimo Empresarial PJ;132591.88;0.1294;36;447;Baixo / Alto Risco (<550);25396.14;4463.71;17.58;0;Em Dia;Baixo Risco (A/B);0.0
CTR-51437;2025-05-14;CLI-10187;Cliente_10187;RJ;Sudeste;Correspondente Bancário;Empréstimo Empresarial PJ;146492.67;0.2239;24;529;Baixo / Alto Risco (<550);6019.02;7628.01;126.73;0;Em Dia;Baixo Risco (A/B);0.0
CTR-51438;2024-09-13;CLI-10188;Cliente_10188;BA;Nordeste;Internet Banking;Financiamento Imobiliário;154225.83;0.1349;24;827;Excelente (750-850);20544.98;7367.72;35.86;0;Em Dia;Baixo Risco (A/B);0.0
CTR-51439;2023-03-13;CLI-10189;Cliente_10189;ES;Sudeste;App Mobile;Crédito Pessoal;31717.42;0.3699;36;618;Médio (550-649);16542.52;1470.72;8.89;10;Atraso Curto (1-30d);Risco Moderado (C/D);1585.87
CTR-51440;2024-07-19;CLI-10190;Cliente_10190;PR;Sul;Internet Banking;Financiamento Imobiliário;916737.43;0.1091;72;341;Baixo / Alto Risco (<550);16890.55;17407.02;103.06;0;Em Dia;Baixo Risco (A/B);0.0
CTR-51441;2025-03-20;CLI-10191;Cliente_10191;GO;Centro-Oeste;App Mobile;Financiamento Imobiliário;851612.78;0.1308;12;405;Baixo / Alto Risco (<550);16344.25;76095.7;465.58;15;Atraso Curto (1-30d);Risco Moderado (C/D);42580.64
CTR-51442;2023-09-18;CLI-10192;Cliente_10192;PE;Nordeste;App Mobile;Crédito Pessoal;27925.31;0.2517;36;505;Baixo / Alto Risco (<550);6112.03;1112.82;18.21;0;Em Dia;Baixo Risco (A/B);0.0
CTR-51443;2025-04-27;CLI-10193;Cliente_10193;GO;Centro-Oeste;Internet Banking;Financiamento Veicular;124918.52;0.2284;24;816;Excelente (750-850);32442.3;6532.48;20.14;0;Em Dia;Baixo Risco (A/B);0.0
CTR-51444;2024-12-16;CLI-10194;Cliente_10194;PE;Nordeste;Agência Física;Financiamento Veicular;68699.45;0.1501;24;595;Médio (550-649);28870.25;3331.33;11.54;0;Em Dia;Baixo Risco (A/B);0.0
CTR-51445;2024-10-09;CLI-10195;Cliente_10195;BA;Nordeste;Agência Física;Cartão de Crédito rotativo;13855.56;0.7278;12;368;Baixo / Alto Risco (<550);15170.91;1658.54;10.93;95;Inadimplente / NPL (>90d);Inadimplência / Loss (G/H);11084.45
CTR-51446;2025-01-12;CLI-10196;Cliente_10196;MG;Sudeste;App Mobile;Crédito Pessoal;4001.36;0.216;36;557;Médio (550-649);29768.62;151.99;0.51;0;Em Dia;Baixo Risco (A/B);0.0
CTR-51447;2023-02-10;CLI-10197;Cliente_10197;SP;Sudeste;Internet Banking;Financiamento Veicular;29749.5;0.2477;24;444;Baixo / Alto Risco (<550);23611.83;1584.35;6.71;0;Em Dia;Baixo Risco (A/B);0.0
CTR-51448;2024-02-02;CLI-10198;Cliente_10198;DF;Centro-Oeste;Internet Banking;Crédito Pessoal;24645.9;0.3506;48;622;Médio (550-649);33318.88;961.38;2.89;0;Em Dia;Baixo Risco (A/B);0.0
CTR-51449;2024-11-25;CLI-10199;Cliente_10199;BA;Nordeste;Agência Física;Empréstimo Empresarial PJ;114695.2;0.125;36;550;Médio (550-649);23951.24;3836.97;16.02;90;Atraso Crítico (31-90d);Alto Risco (E/F);28673.8
CTR-51450;2024-09-14;CLI-10200;Cliente_10200;RJ;Sudeste;Internet Banking;Financiamento Imobiliário;874052.4;0.1129;36;520;Baixo / Alto Risco (<550);7481.72;28735.54;384.08;45;Atraso Crítico (31-90d);Alto Risco (E/F);218513.1
CTR-51451;2023-09-27;CLI-10201;Cliente_10201;BA;Nordeste;App Mobile;Financiamento Veicular;156198.25;0.1635;12;531;Baixo / Alto Risco (<550);13560.23;14197.88;104.7;15;Atraso Curto (1-30d);Risco Moderado (C/D);7809.91
CTR-51452;2024-04-19;CLI-10202;Cliente_10202;PE;Nordeste;App Mobile;Cartão de Crédito rotativo;19706.13;0.757;36;799;Excelente (750-850);33338.7;1397.64;4.19;5;Atraso Curto (1-30d);Risco Moderado (C/D);985.31
CTR-51453;2025-08-17;CLI-10203;Cliente_10203;PE;Nordeste;Internet Banking;Cartão de Crédito rotativo;19750.99;0.53;24;606;Médio (550-649);28136.82;1351.25;4.8;0;Em Dia;Baixo Risco (A/B);0.0
CTR-51454;2023-12-02;CLI-10204;Cliente_10204;MG;Sudeste;Internet Banking;Empréstimo Empresarial PJ;51911.75;0.2467;36;435;Baixo / Alto Risco (<550);24988.01;2054.95;8.22;0;Em Dia;Baixo Risco (A/B);0.0
CTR-51455;2023-01-04;CLI-10205;Cliente_10205;RS;Sul;Agência Física;Crédito Pessoal;31692.32;0.3564;60;434;Baixo / Alto Risco (<550);3403.7;1137.79;33.43;15;Atraso Curto (1-30d);Risco Moderado (C/D);1584.62
CTR-51456;2025-04-14;CLI-10206;Cliente_10206;PE;Nordeste;Agência Física;Cartão de Crédito rotativo;12418.54;0.8311;36;763;Excelente (750-850);29486.74;944.89;3.2;0;Em Dia;Baixo Risco (A/B);0.0
CTR-51457;2025-08-09;CLI-10207;Cliente_10207;CE;Nordeste;Internet Banking;Cartão de Crédito rotativo;10282.31;0.6742;12;667;Bom (650-749);16676.41;1200.91;7.2;0;Em Dia;Baixo Risco (A/B);0.0
CTR-51458;2023-11-04;CLI-10208;Cliente_10208;SC;Sul;Agência Física;Financiamento Imobiliário;264761.75;0.1347;60;476;Baixo / Alto Risco (<550);20604.74;6088.04;29.55;15;Atraso Curto (1-30d);Risco Moderado (C/D);13238.09
CTR-51459;2023-03-26;CLI-10209;Cliente_10209;SP;Sudeste;Correspondente Bancário;Empréstimo Empresarial PJ;253136.87;0.1937;48;544;Baixo / Alto Risco (<550);33836.63;7618.33;22.52;0;Em Dia;Baixo Risco (A/B);0.0
CTR-51460;2025-08-21;CLI-10210;Cliente_10210;PE;Nordeste;App Mobile;Empréstimo Empresarial PJ;241616.29;0.2208;36;340;Baixo / Alto Risco (<550);3296.12;9237.44;280.25;45;Atraso Crítico (31-90d);Alto Risco (E/F);60404.07
CTR-51461;2024-12-21;CLI-10211;Cliente_10211;BA;Nordeste;Agência Física;Empréstimo Empresarial PJ;450695.5;0.1521;24;390;Baixo / Alto Risco (<550);26207.08;21897.71;83.56;95;Inadimplente / NPL (>90d);Inadimplência / Loss (G/H);360556.4
CTR-51462;2024-12-11;CLI-10212;Cliente_10212;BA;Nordeste;App Mobile;Crédito Pessoal;32918.85;0.2411;12;839;Excelente (750-850);23289.62;3114.55;13.37;0;Em Dia;Baixo Risco (A/B);0.0
CTR-51463;2025-01-04;CLI-10213;Cliente_10213;RS;Sul;Correspondente Bancário;Empréstimo Empresarial PJ;114606.87;0.1814;48;326;Baixo / Alto Risco (<550);9292.99;3374.97;36.32;45;Atraso Crítico (31-90d);Alto Risco (E/F);28651.72
CTR-51464;2024-12-22;CLI-10214;Cliente_10214;GO;Centro-Oeste;App Mobile;Financiamento Veicular;170689.38;0.1986;12;395;Baixo / Alto Risco (<550);34772.74;15800.29;45.44;95;Inadimplente / NPL (>90d);Inadimplência / Loss (G/H);136551.5
CTR-51465;2023-10-10;CLI-10215;Cliente_10215;ES;Sudeste;Correspondente Bancário;Financiamento Imobiliário;551521.52;0.1054;360;500;Baixo / Alto Risco (<550);23756.18;5061.48;21.31;0;Em Dia;Baixo Risco (A/B);0.0
CTR-51466;2024-06-17;CLI-10216;Cliente_10216;ES;Sudeste;App Mobile;Cartão de Crédito rotativo;1246.68;0.5492;60;675;Bom (650-749);28455.05;61.23;0.22;0;Em Dia;Baixo Risco (A/B);0.0
CTR-51467;2023-04-26;CLI-10217;Cliente_10217;RJ;Sudeste;App Mobile;Crédito Pessoal;29528.88;0.3825;24;595;Médio (550-649);7469.01;1779.01;23.82;90;Atraso Crítico (31-90d);Alto Risco (E/F);7382.22
CTR-51468;2025-08-06;CLI-10218;Cliente_10218;RJ;Sudeste;Correspondente Bancário;Financiamento Veicular;58327.04;0.229;36;759;Excelente (750-850);18932.79;2254.78;11.91;0;Em Dia;Baixo Risco (A/B);0.0
CTR-51469;2025-07-05;CLI-10219;Cliente_10219;ES;Sudeste;Internet Banking;Empréstimo Empresarial PJ;182138.59;0.226;36;553;Médio (550-649);24680.52;7012.62;28.41;0;Em Dia;Baixo Risco (A/B);0.0
CTR-51470;2024-07-29;CLI-10220;Cliente_10220;PE;Nordeste;Agência Física;Crédito Pessoal;18651.15;0.3921;48;323;Baixo / Alto Risco (<550);28917.86;775.03;2.68;0;Em Dia;Baixo Risco (A/B);0.0
CTR-51471;2023-08-25;CLI-10221;Cliente_10221;ES;Sudeste;Internet Banking;Financiamento Imobiliário;753754.1;0.1097;120;398;Baixo / Alto Risco (<550);17334.94;10370.17;59.82;45;Atraso Crítico (31-90d);Alto Risco (E/F);188438.52
CTR-51472;2024-09-29;CLI-10222;Cliente_10222;PE;Nordeste;Agência Física;Financiamento Veicular;140793.75;0.1993;36;622;Médio (550-649);23704.65;5227.38;22.05;10;Atraso Curto (1-30d);Risco Moderado (C/D);7039.69
CTR-51473;2025-04-05;CLI-10223;Cliente_10223;MG;Sudeste;App Mobile;Empréstimo Empresarial PJ;154478.83;0.2003;60;383;Baixo / Alto Risco (<550);10810.42;4095.32;37.88;45;Atraso Crítico (31-90d);Alto Risco (E/F);38619.71
CTR-51474;2024-01-20;CLI-10224;Cliente_10224;BA;Nordeste;Internet Banking;Empréstimo Empresarial PJ;429772.71;0.2051;12;589;Médio (550-649);9541.54;39916.76;418.35;95;Inadimplente / NPL (>90d);Inadimplência / Loss (G/H);343818.17
CTR-51475;2025-08-24;CLI-10225;Cliente_10225;PE;Nordeste;Correspondente Bancário;Cartão de Crédito rotativo;10711.6;0.668;60;646;Médio (550-649);24612.47;620.32;2.52;0;Em Dia;Baixo Risco (A/B);0.0
CTR-51476;2025-01-06;CLI-10226;Cliente_10226;GO;Centro-Oeste;Agência Física;Cartão de Crédito rotativo;15101.68;0.4537;36;625;Médio (550-649);11607.43;774.61;6.67;90;Atraso Crítico (31-90d);Alto Risco (E/F);3775.42
CTR-51477;2025-08-15;CLI-10227;Cliente_10227;GO;Centro-Oeste;Correspondente Bancário;Empréstimo Empresarial PJ;327282.23;0.1362;24;584;Médio (550-649);10053.57;15655.07;155.72;0;Em Dia;Baixo Risco (A/B);0.0
CTR-51478;2023-07-07;CLI-10228;Cliente_10228;RS;Sul;Internet Banking;Empréstimo Empresarial PJ;255633.71;0.2151;36;779;Excelente (750-850);10396.75;9698.09;93.28;95;Inadimplente / NPL (>90d);Inadimplência / Loss (G/H);204506.97
CTR-51479;2023-03-28;CLI-10229;Cliente_10229;PR;Sul;App Mobile;Financiamento Veicular;162989.84;0.2382;48;335;Baixo / Alto Risco (<550);28762.66;5297.56;18.42;0;Em Dia;Baixo Risco (A/B);0.0
CTR-51480;2024-02-13;CLI-10230;Cliente_10230;PR;Sul;Agência Física;Cartão de Crédito rotativo;16808.81;0.6665;12;584;Médio (550-649);7602.7;1956.19;25.73;0;Em Dia;Baixo Risco (A/B);0.0
CTR-51481;2023-01-07;CLI-10231;Cliente_10231;RJ;Sudeste;Internet Banking;Empréstimo Empresarial PJ;94982.05;0.1773;60;655;Bom (650-749);22840.49;2397.99;10.5;0;Em Dia;Baixo Risco (A/B);0.0
CTR-51482;2024-06-27;CLI-10232;Cliente_10232;RJ;Sudeste;Correspondente Bancário;Empréstimo Empresarial PJ;487044.75;0.2344;12;665;Bom (650-749);6815.4;45922.86;673.81;0;Em Dia;Baixo Risco (A/B);0.0
CTR-51483;2025-01-20;CLI-10233;Cliente_10233;CE;Nordeste;App Mobile;Crédito Pessoal;16142.98;0.1848;60;836;Excelente (750-850);24376.65;414.15;1.7;0;Em Dia;Baixo Risco (A/B);0.0
CTR-51484;2023-09-06;CLI-10234;Cliente_10234;MG;Sudeste;Agência Física;Financiamento Imobiliário;567925.23;0.1039;360;812;Excelente (750-850);6997.13;5148.39;73.58;0;Em Dia;Baixo Risco (A/B);0.0
CTR-51485;2025-04-05;CLI-10235;Cliente_10235;BA;Nordeste;Agência Física;Empréstimo Empresarial PJ;84746.2;0.1601;60;354;Baixo / Alto Risco (<550);33306.05;2061.31;6.19;45;Atraso Crítico (31-90d);Alto Risco (E/F);21186.55
CTR-51486;2024-03-01;CLI-10236;Cliente_10236;MG;Sudeste;Internet Banking;Financiamento Veicular;148604.06;0.1492;12;534;Baixo / Alto Risco (<550);16728.43;13407.14;80.15;15;Atraso Curto (1-30d);Risco Moderado (C/D);7430.2
CTR-51487;2025-01-07;CLI-10237;Cliente_10237;PR;Sul;Agência Física;Financiamento Imobiliário;305291.04;0.085;24;848;Excelente (750-850);15404.42;13877.21;90.09;15;Atraso Curto (1-30d);Risco Moderado (C/D);15264.55
CTR-51488;2023-05-18;CLI-10238;Cliente_10238;PR;Sul;Correspondente Bancário;Empréstimo Empresarial PJ;137000.68;0.2025;48;785;Excelente (750-850);6758.12;4187.25;61.96;15;Atraso Curto (1-30d);Risco Moderado (C/D);6850.03
CTR-51489;2024-08-29;CLI-10239;Cliente_10239;CE;Nordeste;Correspondente Bancário;Financiamento Imobiliário;711751.27;0.1043;48;516;Baixo / Alto Risco (<550);28834.32;18199.19;63.12;95;Inadimplente / NPL (>90d);Inadimplência / Loss (G/H);569401.02
CTR-51490;2024-01-24;CLI-10240;Cliente_10240;MG;Sudeste;Correspondente Bancário;Financiamento Imobiliário;505067.34;0.122;72;627;Médio (550-649);32762.82;9926.77;30.3;10;Atraso Curto (1-30d);Risco Moderado (C/D);25253.37
CTR-51491;2023-02-14;CLI-10241;Cliente_10241;RS;Sul;Correspondente Bancário;Financiamento Veicular;74782.24;0.1556;48;465;Baixo / Alto Risco (<550);18303.79;2102.54;11.49;95;Inadimplente / NPL (>90d);Inadimplência / Loss (G/H);59825.79
CTR-51492;2025-08-12;CLI-10242;Cliente_10242;MG;Sudeste;App Mobile;Financiamento Veicular;41390.34;0.2199;24;359;Baixo / Alto Risco (<550);25692.27;2147.05;8.36;15;Atraso Curto (1-30d);Risco Moderado (C/D);2069.52
CTR-51493;2025-01-10;CLI-10243;Cliente_10243;RJ;Sudeste;Correspondente Bancário;Financiamento Imobiliário;818300.35;0.1374;36;771;Excelente (750-850);14318.96;27864.34;194.6;95;Inadimplente / NPL (>90d);Inadimplência / Loss (G/H);654640.28
CTR-51494;2023-11-20;CLI-10244;Cliente_10244;PE;Nordeste;Correspondente Bancário;Financiamento Imobiliário;909728.15;0.1138;360;678;Bom (650-749);7184.21;8925.76;124.24;45;Atraso Crítico (31-90d);Alto Risco (E/F);227432.04
CTR-51495;2023-09-24;CLI-10245;Cliente_10245;ES;Sudeste;Correspondente Bancário;Crédito Pessoal;32044.45;0.3769;24;837;Excelente (750-850);30231.3;1920.96;6.35;0;Em Dia;Baixo Risco (A/B);0.0
CTR-51496;2023-08-10;CLI-10246;Cliente_10246;SC;Sul;Agência Física;Crédito Pessoal;31768.47;0.3293;60;749;Bom (650-749);12779.91;1085.72;8.5;0;Em Dia;Baixo Risco (A/B);0.0
CTR-51497;2023-07-26;CLI-10247;Cliente_10247;SP;Sudeste;Agência Física;Crédito Pessoal;19777.81;0.3549;12;635;Médio (550-649);9665.61;1981.88;20.5;0;Em Dia;Baixo Risco (A/B);0.0
CTR-51498;2025-04-30;CLI-10248;Cliente_10248;SP;Sudeste;App Mobile;Financiamento Imobiliário;613761.63;0.0907;24;429;Baixo / Alto Risco (<550);13258.67;28059.26;211.63;15;Atraso Curto (1-30d);Risco Moderado (C/D);30688.08
CTR-51499;2024-03-13;CLI-10249;Cliente_10249;MG;Sudeste;Correspondente Bancário;Empréstimo Empresarial PJ;335689.31;0.1656;60;412;Baixo / Alto Risco (<550);27263.8;8263.53;30.31;45;Atraso Crítico (31-90d);Alto Risco (E/F);83922.33
CTR-51500;2023-04-12;CLI-10250;Cliente_10250;RS;Sul;App Mobile;Cartão de Crédito rotativo;8672.8;0.8102;24;537;Baixo / Alto Risco (<550);11925.81;739.76;6.2;35;Atraso Crítico (31-90d);Alto Risco (E/F);2168.2
